time_meg,word,duration,segment_id,f0_smooth,intensity,energy,turn_idx,position_in_turn,is_turn_initial
16.435000000000002, So,0.519999999999996,0,170.2029586743708,40.72098868721593,0.0014428371796384,2,0.7087499999999997,True
16.955, are,0.28000000000000025,0,170.2029586743708,40.22097194616903,0.0015020366990939,2,0.8387499999999989,False
17.235, you,0.1200000000000001,0,170.2029586743708,43.82479003697333,0.0023111333139238,2,0.9087499999999994,False
17.354999999999997, watching,0.28000000000000025,0,170.2029586743708,40.05671699142992,0.00144370039925,2,0.9387499999999988,False
17.634999999999998, anything,0.41999999999999993,0,205.4885077123569,42.399136448232,0.0018085500923916,-1,0.0,False
18.055, lately?,0.33999999999999986,0,205.4885077123569,44.84340848484907,0.0023805387318129,-1,0.0,False
20.115, So,0.519999999999996,1,174.5716913992192,47.45418303767781,0.0033153537660835,-1,0.0,False
20.634999999999994, are,0.21999999999999886,1,186.9331534151452,44.16605197923533,0.0021492142695932,-1,0.0,False
20.854999999999993, you,0.08000000000000007,1,186.9331534151452,40.46107199024758,0.0012942539760844,-1,0.0,False
20.934999999999995, watching,0.28000000000000114,1,186.9331534151452,40.66226220298839,0.0015087875071912,-1,0.0,False
21.214999999999996, at,1.92,1,195.78898231470984,60.105495499989544,0.0141319958493113,-1,0.0,False
23.134999999999994, the,1.8399999999999999,1,210.28336458402867,58.090265184459255,0.0123916249722291,4,0.08535242290748807,True
24.974999999999994, top?,0.17999999999999972,1,206.62069946521325,56.804876335236315,0.0097757354378686,4,0.2879955947136555,False
25.835000000000008, Oh,0.519999999999996,2,228.644133693264,38.24072955476287,0.0010038362815979,4,0.3827092511013222,False
26.355000000000004," yeah,",0.519999999999996,2,228.644133693264,53.642073289212355,0.01129727158696,4,0.4399779735682821,False
27.035," yeah,",0.27999999999999936,2,224.43047594290869,38.57686351728497,0.0012801552657038,4,0.5148678414096914,False
27.314999999999998, yeah.,0.22000000000000064,2,224.43047594290869,38.22731586974735,0.0011001761304221,4,0.5457048458149775,False
27.634999999999998, So,0.29999999999999893,2,214.32158510539455,41.07156634498065,0.0016381819732483,4,0.5809471365638762,False
27.935, are,0.1800000000000015,2,216.4499545184049,63.96375646477164,0.0218208599835619,4,0.6139867841409689,False
28.115000000000002, you,0.05999999999999872,2,214.7017354866884,43.68660426903124,0.0024922294542189,4,0.6338105726872246,False
28.174999999999997, watching,0.27999999999999936,2,198.7193646789937,41.65185130226611,0.0026477596256876,4,0.6404185022026426,False
28.455, at,0.22000000000000242,2,199.3597976957767,44.00737719846923,0.0027466048486535,4,0.6712555066079291,False
28.675, the,0.639999999999997,2,193.10765879926672,60.063444286054235,0.0143867600709176,4,0.6954845814977972,False
29.314999999999998, top?,0.5200000000000031,2,165.61514847168664,55.351529663794715,0.008323631249367,4,0.7659691629955943,False
27.635, So,0.29999999999999893,3,214.32158510539455,41.07156634498065,0.0016381819732483,4,0.5809471365638766,False
27.935000000000002, are,0.1800000000000015,3,216.4499545184049,63.96375646477164,0.0218208599835619,4,0.6139867841409692,False
28.115000000000002, you,0.05999999999999872,3,214.7017354866884,43.68660426903124,0.0024922294542189,4,0.6338105726872246,False
28.175, watching,0.27999999999999936,3,198.7193646789937,41.65185130226611,0.0026477596256876,4,0.6404185022026431,False
28.455, at,0.22000000000000242,3,199.3597976957767,44.00737719846923,0.0027466048486535,4,0.6712555066079291,False
28.675000000000004, the,0.639999999999997,3,193.10765879926672,60.063444286054235,0.0143867600709176,4,0.6954845814977977,False
29.314999999999998, top?,0.5200000000000031,3,165.61514847168664,55.351529663794715,0.008323631249367,4,0.7659691629955943,False
31.315000000000005, Yeah.,0.519999999999996,4,200.3527538693437,51.00036082002825,0.0044793169945483,4,0.9862334801762118,False
34.595, It,0.519999999999996,5,257.2849721777169,44.59572395057478,0.002376039745286,-1,0.0,False
35.114999999999995, is,0.14000000000000057,5,257.2849721777169,41.29840625417732,0.0016985364491123,6,0.02330508474575959,True
35.254999999999995, actually,0.379999999999999,5,250.2337313918113,56.13853614132744,0.0082573899999276,6,0.08262711864406494,False
35.63499999999999, so,0.3200000000000003,5,94.45827321962518,51.86993391844592,0.0052406536415215,6,0.24364406779660547,False
35.955," good,",0.20000000000000284,5,203.10388103781924,57.66914839398647,0.0107683930546051,6,0.3792372881355917,False
36.155, but,0.1999999999999993,5,223.30952509452064,56.873701731319535,0.0091034993529337,6,0.46398305084745733,False
36.355, I,0.11999999999999744,5,99.66556131113512,56.70433494888932,0.0099527034908532,6,0.54872881355932,False
36.474999999999994, think,0.16000000000000014,5,98.21410670271332,51.48562849223597,0.0058856867253793,6,0.5995762711864375,False
36.63499999999999, I,0.16000000000000014,5,89.91747602657806,48.54348464623818,0.0038419328629999,6,0.6673728813559276,False
36.794999999999995, sort,0.20000000000000284,5,124.91410761391204,41.522129632277874,0.0016929435078054,6,0.7351694915254208,False
36.995," of,",0.9199999999999982,5,145.0811289459477,40.53879858739733,0.0017760997870938,6,0.8199152542372864,False
37.91499999999999, you,0.740000000000002,5,227.4352138146765,38.17080310342536,0.001070300699212,-1,0.0,False
38.655, know,0.0799999999999983,5,217.89468975577057,45.213633926884775,0.0024666544049973,7,0.4535714285714276,True
38.735, when,0.1999999999999993,5,173.90365539322,55.13836029336929,0.0082157654687849,7,0.5107142857142836,False
38.934999999999995, like,0.22000000000000242,5,163.82697737375025,53.594998322862025,0.006687241140753,7,0.6535714285714236,False
39.155, you,0.9799999999999969,5,78.16740460716795,57.96207506678498,0.010278481058775,7,0.8107142857142852,False
40.13499999999999, watch,0.5400000000000027,5,109.09710398672831,43.765649987211006,0.002931187395005,-1,0.0,False
40.675, it,0.259999999999998,5,109.09710398672831,42.71382893430124,0.0018356043146924,-1,0.0,False
40.934999999999995, but,0.17999999999999972,5,109.09710398672831,41.488972242300626,0.001677501830272,-1,0.0,False
41.114999999999995, then,0.22000000000000242,5,186.82764044964804,40.15012146776537,0.0013448066310959,-1,0.0,False
41.334999999999994, you,0.16000000000000014,5,186.82764044964804,38.833550814385006,0.001357617089525,-1,0.0,False
41.495, sort,0.17999999999999972,5,186.82764044964804,43.27880595771138,0.0023195066023615,-1,0.0,False
41.675, of,0.17999999999999972,5,186.82764044964804,50.78165977728241,0.0041640442796053,-1,0.0,False
41.855, don't,0.17999999999999972,5,186.82764044964804,41.70516202623352,0.0019922005012632,-1,0.0,False
42.035, have,0.1999999999999993,5,186.82764044964804,40.54085906584631,0.0014196934644134,-1,0.0,False
42.235, a,0.05999999999999872,5,186.82764044964804,44.272967246357034,0.0027012822683886,-1,0.0,False
42.294999999999995, long,0.0,5,186.82764044964804,40.51825274014673,0.0021284092217691,-1,0.0,False
42.294999999999995, time,0.17999999999999972,5,186.82764044964804,40.51825274014673,0.0021284092217691,-1,0.0,False
42.474999999999994, when,0.120000000000001,5,186.82764044964804,38.717162130404056,0.0011764122173193,8,0.10106382978722553,True
42.595, you,0.08000000000000185,5,186.82764044964804,54.93329651233726,0.0057084606960435,8,0.2287234042553158,False
42.675, forget,0.259999999999998,5,167.65857038680463,59.33747867154235,0.0128835299983616,8,0.3138297872340376,False
42.934999999999995, where,0.1999999999999993,5,157.34344771859634,49.89762670866075,0.0047265500761569,8,0.5904255319148872,False
43.13499999999999, you're,0.20000000000000284,5,169.9853921220476,41.63388058433855,0.0017350227572021,8,0.8031914893616918,False
43.334999999999994, up,0.16000000000000014,5,169.9853921220476,54.21510901101232,0.0071913162246346,-1,0.0,False
43.495, to.,0.17999999999999972,5,163.34402009215336,50.48435193809427,0.0044840862974521,-1,0.0,False
42.035, have,0.1999999999999993,6,186.82764044964804,40.54085906584631,0.0014196934644134,-1,0.0,False
42.235, a,0.05999999999999872,6,186.82764044964804,44.272967246357034,0.0027012822683886,-1,0.0,False
42.294999999999995, long,0.0,6,186.82764044964804,40.51825274014673,0.0021284092217691,-1,0.0,False
42.294999999999995, time,0.17999999999999972,6,186.82764044964804,40.51825274014673,0.0021284092217691,-1,0.0,False
42.474999999999994, when,0.120000000000001,6,186.82764044964804,38.717162130404056,0.0011764122173193,8,0.10106382978722553,False
42.595, you,0.08000000000000185,6,186.82764044964804,54.93329651233726,0.0057084606960435,8,0.2287234042553158,False
42.675, forget,0.259999999999998,6,167.65857038680463,59.33747867154235,0.0128835299983616,8,0.3138297872340376,False
42.934999999999995, where,0.1999999999999993,6,157.34344771859634,49.89762670866075,0.0047265500761569,8,0.5904255319148872,False
43.13499999999999, you're,0.20000000000000284,6,169.9853921220476,41.63388058433855,0.0017350227572021,8,0.8031914893616918,False
43.334999999999994, up,0.16000000000000014,6,169.9853921220476,54.21510901101232,0.0071913162246346,-1,0.0,False
43.495, to.,0.17999999999999972,6,163.34402009215336,50.48435193809427,0.0044840862974521,-1,0.0,False
44.275, Because,0.240000000000002,7,186.1254975613543,43.55311476325994,0.0021719108335669,9,0.2544247787610603,True
44.515, how,0.1599999999999966,7,188.05480877190857,50.53159461098479,0.0048796534538285,9,0.36061946902654796,False
44.675, many,0.20000000000000284,7,191.74036822620795,48.310793957581375,0.0041563780978346,9,0.43141592920353766,False
44.875, seasons,0.3399999999999963,7,160.80848336175043,54.442913845367904,0.0071189752779916,9,0.519911504424778,False
45.214999999999996, are,0.240000000000002,7,99.44812128002316,38.916377555170264,0.0011734589934349,9,0.6703539823008826,False
45.455, there?,0.3400000000000034,7,167.1751306038099,52.08396280202238,0.0062631457112736,9,0.7765486725663704,False
47.295," Oh,",0.4199999999999946,8,96.98532181792844,36.503446393489895,0.0011327221291139,-1,0.0,False
47.955, so,0.21999999999999886,8,96.98532181792844,45.77058523245083,0.0027753747999669,-1,0.0,False
48.175, I,0.12000000000000455,8,96.98532181792844,40.60496332672622,0.0014028847217559,-1,0.0,False
48.295, guess,0.11999999999999744,8,96.98532181792844,42.731897120030496,0.0020079731475559,-1,0.0,False
48.415, maybe,0.28000000000000114,8,96.98532181792844,38.41835956641681,0.0011596372351057,-1,0.0,False
48.695, I,0.1599999999999966,8,224.25689273469135,38.70905555214455,0.0012751392787324,-1,0.0,False
48.855, did,0.0800000000000054,8,224.25689273469135,36.760002951437485,0.001342032570392,-1,0.0,False
48.935, get,0.17999999999999972,8,224.25689273469135,40.10645722103885,0.0013653113273913,-1,0.0,False
49.115, that,0.23999999999999488,8,224.25689273469135,40.62050865860016,0.0012490963563322,-1,0.0,False
49.355, far.,0.30000000000000426,8,224.25689273469135,44.84034456576076,0.0025543922092764,-1,0.0,False
50.255, But,0.21999999999999886,9,224.25689273469135,37.50087841417496,0.0011082988930866,-1,0.0,False
50.475, there's,0.17999999999999972,9,224.25689273469135,43.15513246542222,0.0022060610353945,-1,0.0,False
50.655, a,0.01999999999999602,9,224.25689273469135,42.40782573265955,0.0018608269747349,10,0.03289473684210348,True
50.675, lot,0.14000000000000057,9,224.25689273469135,43.834833526902315,0.0021526780910789,10,0.04166666666666316,False
50.815, of,0.12000000000000455,9,224.25689273469135,41.527343652847314,0.0016386300558223,10,0.1030701754385934,False
50.935," episodes,",0.37999999999999545,9,211.19780599594213,58.54098200364111,0.0116116944700481,10,0.15570175438596395,False
51.495, no?,0.1600000000000037,9,203.10851350495292,47.47905738688176,0.0055858506821061,10,0.4013157894736818,False
54.615," Yeah,",0.4799999999999969,10,90.58689855634144,59.47051968286531,0.0137224309146409,11,0.07905027932960892,True
55.475, yeah.,0.0799999999999983,10,96.8307813527492,60.82522750560352,0.018308440223333,11,0.1270949720670391,False
55.935," Okay,",0.27999999999999403,11,121.32313130922148,58.587986733218955,0.0117013826966282,11,0.15279329608938552,False
56.495, who's,0.240000000000002,11,86.27099019926037,53.81134258254273,0.0080874916166054,11,0.18407821229050259,False
56.735, your,0.10000000000000142,11,168.81189686302065,60.7929667272527,0.0158093571662896,11,0.197486033519553,False
56.835, favorite,0.29999999999999716,11,168.2237880877844,61.72579745510145,0.017286425456404,11,0.20307262569832402,False
57.135, character?,1.0600000000000023,11,161.6594684573483,59.66499364970989,0.0136253703385582,11,0.2198324022346367,False
62.815000000000005," Yeah,",0.4799999999999969,12,184.95395828736423,64.59808362315995,0.0240349285304539,11,0.5371508379888272,False
63.815," yeah,",0.21999999999999886,12,163.240790303236,58.80338861985387,0.0131320282816931,11,0.5930167597765363,False
64.475, with,0.11999999999999744,12,165.54556005755455,40.92180913870248,0.001636709203012,11,0.6298882681564244,False
64.595, the,0.17999999999999972,12,165.54556005755455,40.36051909927988,0.0015589869581158,11,0.6365921787709498,False
64.775, earth.,0.3200000000000003,12,165.54556005755455,41.65225953510284,0.0014730304246769,11,0.6466480446927378,False
65.435," Yeah,",0.19999999999999574,13,174.6155916568579,39.64528157810311,0.0012049117358402,11,0.683519553072626,False
65.63499999999999," yeah,",1.3999999999999986,13,195.6174619124476,48.03214834685025,0.0034771363716566,11,0.6946927374301672,False
67.035, yeah.,0.38000000000000256,13,165.26365608659253,49.81125016180603,0.0046383179724212,11,0.7729050279329609,False
67.41499999999999, I,0.759999999999998,13,161.06301168102226,62.95577866416657,0.0192500520497561,11,0.7941340782122903,False
68.175, feel,2.219999999999999,13,168.46191826004463,60.87536024667725,0.0158468913286946,11,0.8365921787709498,False
70.395, like,0.3200000000000003,13,220.84932434170688,61.8210655627228,0.0175485201179978,11,0.9606145251396648,False
70.715, the,0.8400000000000034,13,195.69791306861757,58.86299785051794,0.0123965134844165,11,0.9784916201117323,False
71.555, only,0.28000000000000114,13,101.54194361853828,41.96761527973555,0.0017924392595888,-1,0.0,False
71.83500000000001, thing,0.17999999999999972,13,222.49921011215056,48.42291373620323,0.0036116896662857,12,0.00920427553444188,True
72.015, I,0.14000000000000057,13,195.06391443528543,59.61309501450364,0.0137075129896419,12,0.019893111638954512,False
72.155, really,0.3399999999999963,13,190.53254923312588,51.92459439885262,0.0054654972627749,12,0.0282066508313536,False
72.495, remember,0.4200000000000017,13,295.2775824005062,59.52251303532694,0.0130717456340804,12,0.04839667458432294,False
72.91499999999999, the,0.3400000000000034,13,234.8254964747569,60.46999448318501,0.0145368110388534,12,0.07333729216151937,False
73.255, last,0.4199999999999946,13,207.2492293729771,61.70240531209364,0.0163005776703322,12,0.09352731591448869,False
73.675, part,0.30000000000000426,13,179.61013107344988,46.13391864386403,0.0028454358689478,12,0.11846793349168597,False
73.975, I,0.11999999999999744,13,227.5874432493482,65.77009907931357,0.0272065158933383,12,0.1362826603325409,False
74.095, got,0.14000000000000057,13,200.8340157401113,49.97496231203444,0.0071093267761126,12,0.14340855106888323,False
74.235, up,0.20000000000000284,13,193.9334627229954,57.9438295963985,0.0108916033059384,12,0.1517220902612823,False
74.435," to,",0.09999999999999432,13,84.02897952152273,42.631491428972936,0.0039416030049352,12,0.16359857482185255,False
74.61500000000001, you,0.01999999999999602,13,89.83149742234582,57.606243252765765,0.0101554542779928,12,0.17428741092636604,False
74.63499999999999, know,0.0799999999999983,13,90.7778228419742,57.76851887487247,0.011091685853898,12,0.17547505938242197,False
74.715, the,0.12000000000000455,13,87.25465756840923,54.882709997487986,0.0074030067771674,12,0.18022565320665074,False
74.83500000000001, part,0.21999999999999886,13,87.70757400951523,49.389581459924266,0.0041843852959568,12,0.18735154394299305,False
75.055, where,0.21999999999999886,13,87.70757400951523,39.46880692654938,0.0012984588975086,12,0.2004156769596201,False
75.275, they're,0.1600000000000037,13,87.70757400951523,39.32370018812517,0.0013316139811648,12,0.2134798099762471,False
75.435, sort,0.11999999999999744,13,87.70757400951523,41.69162876565051,0.0018587036756798,12,0.22298099762470297,False
75.555, of,0.17999999999999972,13,87.70757400951523,39.33897478409485,0.0013730248901992,12,0.2301068883610453,False
75.735, like,0.14000000000000057,13,87.70757400951523,38.20995874558718,0.0012348853051661,12,0.24079572446555791,False
75.875, running,0.37999999999999545,13,87.70757400951523,43.732932369359,0.0020615309476855,12,0.249109263657957,False
76.255, and,1.2600000000000051,13,87.70757400951523,38.35521127362742,0.0011740481713788,12,0.27167458432303987,False
77.515, it's,0.35999999999999943,13,87.70757400951523,41.51835496421523,0.0014852990861982,12,0.3464964370546317,False
77.875, the,0.09999999999999432,13,87.70757400951523,50.21346702174685,0.004378783982247,12,0.36787410926365777,False
77.975, guy,0.18000000000000682,13,87.70757400951523,47.7904131541746,0.0035814184229821,12,0.3738123515439425,False
78.155, with,0.20000000000000284,13,87.70757400951523,44.702155461551065,0.0023685318883507,12,0.384501187648456,False
78.355, the,0.09999999999999432,13,87.70757400951523,44.14441005861688,0.0022961001377552,12,0.3963776722090262,False
78.455, cabbages,0.5400000000000063,13,87.70757400951523,41.56376850044091,0.0016527600819242,12,0.4023159144893109,False
78.995, and,0.5799999999999983,13,87.70757400951523,38.98155756657125,0.0013507882831618,12,0.4343824228028505,False
79.575, he's,0.28000000000000114,13,87.70757400951523,47.089892729069355,0.0028076053131375,12,0.46882422802850365,False
79.855," like,",0.14000000000000057,13,87.70757400951523,42.71581461757174,0.0020620038267228,12,0.4854513064133018,False
80.075, they,0.29999999999999716,13,87.70757400951523,42.34244128907516,0.0015215958701441,12,0.4985154394299288,False
80.375, like,0.20000000000000284,13,87.70757400951523,40.708840339593195,0.0012811350170524,12,0.5163301662707838,False
80.575, knock,0.1799999999999926,13,87.70757400951523,40.85975669634027,0.0014006007695572,12,0.528206650831354,False
80.755, over,0.29999999999999716,13,87.70757400951523,38.814916678084906,0.0012098531005904,12,0.5388954869358666,False
81.05499999999999, his,0.1600000000000108,13,87.70757400951523,39.491717536839715,0.0014077525120226,12,0.5567102137767216,False
81.215, cabbage,0.35999999999999943,13,87.70757400951523,39.172163241968065,0.0014041577233008,12,0.5662114014251783,False
81.575, trolley,0.45999999999999375,13,87.70757400951523,43.479590962312415,0.0022382158786067,12,0.5875890736342044,False
82.035, and,0.0799999999999983,13,215.06767724852105,43.08992194377848,0.0023446758277709,12,0.6149049881235152,False
82.115, they're,0.10000000000000853,13,215.06767724852105,45.09816198430829,0.0024822358973329,12,0.6196555819477432,False
82.215," like,",0.14000000000000057,13,215.06767724852105,51.54436850206761,0.0050875958986569,12,0.6255938242280287,False
82.355, oh,0.19999999999998863,13,215.06767724852105,40.24292094388866,0.0014253102708605,12,0.6339073634204277,False
82.55499999999999, my,0.18000000000000682,13,215.06767724852105,40.090614651859106,0.0016039237380023,12,0.6457838479809972,False
82.735, cabbages.,0.5999999999999943,13,215.06767724852105,41.70257730606965,0.0016789678484201,12,0.6564726840855106,False
67.41499999999999, I,0.759999999999998,14,161.06301168102226,62.95577866416657,0.0192500520497561,11,0.7941340782122903,False
68.17499999999998, feel,2.219999999999999,14,168.46191826004463,60.87536024667725,0.0158468913286946,11,0.836592178770949,False
70.39499999999998, like,0.3200000000000003,14,220.84932434170688,61.8210655627228,0.0175485201179978,11,0.960614525139664,False
70.71499999999999, the,0.8400000000000034,14,195.69791306861757,58.86299785051794,0.0123965134844165,11,0.9784916201117315,False
71.55499999999999, only,0.28000000000000114,14,101.54194361853828,41.96761527973555,0.0017924392595888,-1,0.0,False
71.835, thing,0.17999999999999972,14,222.49921011215056,48.42291373620323,0.0036116896662857,12,0.009204275534441034,False
72.01499999999999, I,0.14000000000000057,14,195.06391443528543,59.61309501450364,0.0137075129896419,12,0.019893111638953666,False
72.155, really,0.3399999999999963,14,190.53254923312588,51.92459439885262,0.0054654972627749,12,0.0282066508313536,False
72.49499999999999, remember,0.4200000000000017,14,295.2775824005062,59.52251303532694,0.0130717456340804,12,0.04839667458432209,False
72.91499999999999, the,0.3400000000000034,14,234.8254964747569,60.46999448318501,0.0145368110388534,12,0.07333729216151937,False
73.255, last,0.4199999999999946,14,207.2492293729771,61.70240531209364,0.0163005776703322,12,0.09352731591448869,False
73.67499999999998, part,0.30000000000000426,14,179.61013107344988,46.13391864386403,0.0028454358689478,12,0.11846793349168512,False
73.975, I,0.11999999999999744,14,227.5874432493482,65.77009907931357,0.0272065158933383,12,0.1362826603325409,False
74.095, got,0.14000000000000057,14,200.8340157401113,49.97496231203444,0.0071093267761126,12,0.14340855106888323,False
74.23499999999999, up,0.20000000000000284,14,193.9334627229954,57.9438295963985,0.0108916033059384,12,0.15172209026128147,False
74.435," to,",0.09999999999999432,14,84.02897952152273,42.631491428972936,0.0039416030049352,12,0.16359857482185255,False
74.615, you,0.01999999999999602,14,89.83149742234582,57.606243252765765,0.0101554542779928,12,0.1742874109263652,False
74.63499999999999, know,0.0799999999999983,14,90.7778228419742,57.76851887487247,0.011091685853898,12,0.17547505938242197,False
74.71499999999999, the,0.12000000000000455,14,87.25465756840923,54.882709997487986,0.0074030067771674,12,0.1802256532066499,False
74.835, part,0.21999999999999886,14,87.70757400951523,49.389581459924266,0.0041843852959568,12,0.18735154394299222,False
75.05499999999999, where,0.21999999999999886,14,87.70757400951523,39.46880692654938,0.0012984588975086,12,0.20041567695961923,False
75.27499999999999, they're,0.1600000000000037,14,87.70757400951523,39.32370018812517,0.0013316139811648,12,0.21347980997624624,False
75.435, sort,0.11999999999999744,14,87.70757400951523,41.69162876565051,0.0018587036756798,12,0.22298099762470297,False
75.55499999999999, of,0.17999999999999972,14,87.70757400951523,39.33897478409485,0.0013730248901992,12,0.23010688836104443,False
75.73499999999999, like,0.14000000000000057,14,87.70757400951523,38.20995874558718,0.0012348853051661,12,0.24079572446555705,False
75.875, running,0.37999999999999545,14,87.70757400951523,43.732932369359,0.0020615309476855,12,0.249109263657957,False
76.255, and,1.2600000000000051,14,87.70757400951523,38.35521127362742,0.0011740481713788,12,0.27167458432303987,False
77.51499999999999, it's,0.35999999999999943,14,87.70757400951523,41.51835496421523,0.0014852990861982,12,0.34649643705463085,False
77.875, the,0.09999999999999432,14,87.70757400951523,50.21346702174685,0.004378783982247,12,0.36787410926365777,False
77.975, guy,0.18000000000000682,14,87.70757400951523,47.7904131541746,0.0035814184229821,12,0.3738123515439425,False
78.155, with,0.20000000000000284,14,87.70757400951523,44.702155461551065,0.0023685318883507,12,0.384501187648456,False
78.35499999999999, the,0.09999999999999432,14,87.70757400951523,44.14441005861688,0.0022961001377552,12,0.39637767220902537,False
78.45499999999998, cabbages,0.5400000000000063,14,87.70757400951523,41.56376850044091,0.0016527600819242,12,0.4023159144893101,False
78.995, and,0.5799999999999983,14,87.70757400951523,38.98155756657125,0.0013507882831618,12,0.4343824228028505,False
79.57499999999999, he's,0.28000000000000114,14,87.70757400951523,47.089892729069355,0.0028076053131375,12,0.46882422802850277,False
79.85499999999999," like,",0.14000000000000057,14,87.70757400951523,42.71581461757174,0.0020620038267228,12,0.485451306413301,False
80.07499999999999, they,0.29999999999999716,14,87.70757400951523,42.34244128907516,0.0015215958701441,12,0.498515439429928,False
80.375, like,0.20000000000000284,14,87.70757400951523,40.708840339593195,0.0012811350170524,12,0.5163301662707838,False
80.57499999999999, knock,0.1799999999999926,14,87.70757400951523,40.85975669634027,0.0014006007695572,12,0.5282066508313532,False
80.755, over,0.29999999999999716,14,87.70757400951523,38.814916678084906,0.0012098531005904,12,0.5388954869358666,False
81.05499999999998, his,0.1600000000000108,14,87.70757400951523,39.491717536839715,0.0014077525120226,12,0.5567102137767208,False
81.215, cabbage,0.35999999999999943,14,87.70757400951523,39.172163241968065,0.0014041577233008,12,0.5662114014251783,False
81.57499999999999, trolley,0.45999999999999375,14,87.70757400951523,43.479590962312415,0.0022382158786067,12,0.5875890736342035,False
82.035, and,0.0799999999999983,14,215.06767724852105,43.08992194377848,0.0023446758277709,12,0.6149049881235152,False
82.11499999999998, they're,0.10000000000000853,14,215.06767724852105,45.09816198430829,0.0024822358973329,12,0.6196555819477423,False
82.215," like,",0.14000000000000057,14,215.06767724852105,51.54436850206761,0.0050875958986569,12,0.6255938242280287,False
82.35499999999999, oh,0.19999999999998863,14,215.06767724852105,40.24292094388866,0.0014253102708605,12,0.633907363420427,False
82.55499999999998, my,0.18000000000000682,14,215.06767724852105,40.090614651859106,0.0016039237380023,12,0.6457838479809963,False
82.73499999999999, cabbages.,0.5999999999999943,14,215.06767724852105,41.70257730606965,0.0016789678484201,12,0.6564726840855098,False
83.915," Yeah,",0.3999999999999915,15,215.06767724852105,50.57297208014172,0.0044924523681402,12,0.7265439429928745,False
84.335, but,0.20000000000000284,15,215.06767724852105,41.35729050831756,0.0016705403104422,12,0.751484560570071,False
84.535, I,0.14000000000000057,15,215.06767724852105,41.928179933035295,0.0020849478896701,12,0.7633610451306412,False
84.675, don't,0.14000000000000057,15,215.06767724852105,41.03474417456235,0.0015433164080605,12,0.7716745843230403,False
84.815, know,0.14000000000000057,15,215.06767724852105,46.75460290693248,0.0031446986831727,12,0.7799881235154393,False
84.955, what,0.1599999999999966,15,215.06767724852105,49.39456666481435,0.0040793623775237,12,0.7883016627078385,False
85.115, episode,0.30000000000001137,15,215.06767724852105,41.450187274587535,0.0015550378011535,12,0.7978028503562944,False
85.415, that,0.2599999999999909,15,215.06767724852105,45.8828576862328,0.0024813802447169,12,0.8156175771971501,False
85.675," is,",0.20000000000000284,15,215.06767724852105,42.89511600987224,0.0020251439418641,12,0.8310570071258907,False
85.995, maybe,0.1599999999999966,15,215.06767724852105,40.18895626953415,0.0015094564296306,12,0.8500593824228032,False
86.155, if,0.29999999999999716,15,215.06767724852105,49.62577376379125,0.0043971911072731,12,0.8595605700712591,False
86.455, I,0.09999999999999432,15,215.06767724852105,45.09919499494303,0.0025239088572561,12,0.877375296912114,False
86.55499999999999, found,0.3200000000000074,15,215.06767724852105,46.89004718368941,0.0029483216349036,12,0.8833135391923987,False
86.875, it.,0.3400000000000034,15,215.06767724852105,45.619881883506054,0.0024450123310096,12,0.9023159144893114,False
87.215," Yeah,",0.519999999999996,15,215.06767724852105,49.06064641407361,0.0039340956136583,12,0.9225059382422807,False
87.735, it's,0.23999999999999488,15,215.06767724852105,42.68740581949984,0.0019278958206995,12,0.9533847980997626,False
87.975, kind,0.12000000000000455,15,215.06767724852105,47.881065315052226,0.0034230025485152,12,0.9676365795724464,False
88.095," of,",0.14000000000000057,15,215.06767724852105,42.369867719128656,0.0019526917021721,12,0.9747624703087887,False
88.435, I,0.23999999999999488,15,215.06767724852105,42.200397633580074,0.0018308385042473,12,0.9949524940617581,False
88.675, think,0.14000000000000057,15,215.06767724852105,43.468069838369274,0.0021807414013896,-1,0.0,False
88.815, really,0.3200000000000074,15,215.06767724852105,54.211880322476304,0.0103094689548049,-1,0.0,False
89.135, early,1.259999999999991,15,106.66389549008328,49.98799141032489,0.0042458553798504,-1,0.0,False
90.395, on,1.1800000000000068,15,178.01498127549408,58.8553934027293,0.0123386923223742,13,0.2690217391304311,True
91.575," season,",0.4200000000000017,15,95.63239455173392,47.66830608865981,0.0035696879494923,13,0.9103260869565255,False
92.375," actually,",1.3799999999999955,15,194.2957275347649,48.66525691567429,0.0040969052352006,14,0.15064102564102502,True
93.975, because,0.30000000000001137,15,117.80381982684403,39.67052102700278,0.0012678413186222,15,0.004716981132075641,True
94.275, I,0.1599999999999966,15,117.80381982684403,40.187144502529115,0.0014397969935091,15,0.09905660377358845,False
94.435, think,0.28000000000000114,15,196.91864228073013,40.82833958457818,0.0015112737892195,15,0.1493710691823923,False
94.715, like,0.4399999999999977,15,196.91864228073013,50.92888177432258,0.0051539540290836,15,0.23742138364780127,False
95.155, the,0.2600000000000051,15,196.91864228073013,39.99262583107559,0.0015261286171165,15,0.3757861635220141,False
95.415," cabbages,",0.5599999999999881,15,188.6579617597777,52.767049562214424,0.0063210697844626,15,0.4575471698113237,False
96.415, like,0.11999999999999034,15,166.95863072035073,54.60477715449325,0.0072035496123142,15,0.7720125786163545,False
96.535, the,0.2400000000000091,15,167.60559331834875,55.35848153881158,0.0079898750409489,15,0.8097484276729552,False
96.775, character,0.03999999999999204,15,90.3862406056548,40.70578438876174,0.0017707572551444,15,0.8852201257861654,False
96.815, that,0.0799999999999983,15,90.3862406056548,48.81357328020325,0.0039446908049307,15,0.8977987421383641,False
96.895, we,0.3200000000000074,15,164.75871618932328,53.51268747835537,0.0065796682611103,15,0.922955974842766,False
97.215," carry,",0.0,15,175.13841492426556,55.57418936254744,0.0082174632698304,-1,0.0,False
98.215, the,0.11999999999999034,15,93.87296608832146,43.96257464116243,0.0021265866234898,-1,0.0,False
98.335, girls,0.6200000000000045,15,93.87296608832146,39.72301123083507,0.0014288788661355,-1,0.0,False
98.955, that,0.1599999999999966,15,95.61568490241793,51.54262681570795,0.0056517692282791,-1,0.0,False
99.115, went,0.10000000000000853,15,96.93679704631248,41.046546333521746,0.0018957183929158,-1,0.0,False
99.215, into,0.23999999999999488,15,96.93679704631248,41.47536843206369,0.0015484052710239,16,0.060344827586201195,True
99.455, the,0.12000000000000455,15,96.93679704631248,42.81654319852387,0.0019034912111237,16,0.47413793103446944,False
99.575, guy,0.14000000000000057,15,96.93679704631248,42.3292205003037,0.0021076654084034,16,0.6810344827586158,False
99.715, just,0.3199999999999932,15,96.93679704631248,46.98191333536546,0.0034311290364712,16,0.9224137931034451,False
100.035, showed,0.1599999999999966,15,96.93679704631248,37.53486922593029,0.0012213994050398,-1,0.0,False
100.195, us,0.1600000000000108,15,96.93679704631248,41.16686544903104,0.0017121079144998,-1,0.0,False
100.355, how,0.14000000000000057,15,96.93679704631248,46.28883670358963,0.0027769699227061,-1,0.0,False
100.495, they,0.11999999999999034,15,96.93679704631248,42.85647047339305,0.0018700422951947,-1,0.0,False
100.615, did.,0.14000000000000057,15,96.93679704631248,42.0018516377003,0.0017064986750482,-1,0.0,False
87.215," Yeah,",0.519999999999996,16,215.06767724852105,49.06064641407361,0.0039340956136583,12,0.9225059382422807,False
87.735, it's,0.23999999999999488,16,215.06767724852105,42.68740581949984,0.0019278958206995,12,0.9533847980997626,False
87.975, kind,0.12000000000000455,16,215.06767724852105,47.881065315052226,0.0034230025485152,12,0.9676365795724464,False
88.095," of,",0.14000000000000057,16,215.06767724852105,42.369867719128656,0.0019526917021721,12,0.9747624703087887,False
88.435, I,0.23999999999999488,16,215.06767724852105,42.200397633580074,0.0018308385042473,12,0.9949524940617581,False
88.675, think,0.14000000000000057,16,215.06767724852105,43.468069838369274,0.0021807414013896,-1,0.0,False
88.815, really,0.3200000000000074,16,215.06767724852105,54.211880322476304,0.0103094689548049,-1,0.0,False
89.135, early,1.259999999999991,16,106.66389549008328,49.98799141032489,0.0042458553798504,-1,0.0,False
90.395, on,1.1800000000000068,16,178.01498127549408,58.8553934027293,0.0123386923223742,13,0.2690217391304311,False
91.575," season,",0.4200000000000017,16,95.63239455173392,47.66830608865981,0.0035696879494923,13,0.9103260869565255,False
92.375," actually,",1.3799999999999955,16,194.2957275347649,48.66525691567429,0.0040969052352006,14,0.15064102564102502,False
93.975, because,0.30000000000001137,16,117.80381982684403,39.67052102700278,0.0012678413186222,15,0.004716981132075641,False
94.275, I,0.1599999999999966,16,117.80381982684403,40.187144502529115,0.0014397969935091,15,0.09905660377358845,False
94.435, think,0.28000000000000114,16,196.91864228073013,40.82833958457818,0.0015112737892195,15,0.1493710691823923,False
94.715, like,0.4399999999999977,16,196.91864228073013,50.92888177432258,0.0051539540290836,15,0.23742138364780127,False
95.155, the,0.2600000000000051,16,196.91864228073013,39.99262583107559,0.0015261286171165,15,0.3757861635220141,False
95.415," cabbages,",0.5599999999999881,16,188.6579617597777,52.767049562214424,0.0063210697844626,15,0.4575471698113237,False
96.415, like,0.11999999999999034,16,166.95863072035073,54.60477715449325,0.0072035496123142,15,0.7720125786163545,False
96.535, the,0.2400000000000091,16,167.60559331834875,55.35848153881158,0.0079898750409489,15,0.8097484276729552,False
96.775, character,0.03999999999999204,16,90.3862406056548,40.70578438876174,0.0017707572551444,15,0.8852201257861654,False
96.815, that,0.0799999999999983,16,90.3862406056548,48.81357328020325,0.0039446908049307,15,0.8977987421383641,False
96.895, we,0.3200000000000074,16,164.75871618932328,53.51268747835537,0.0065796682611103,15,0.922955974842766,False
97.215," carry,",0.0,16,175.13841492426556,55.57418936254744,0.0082174632698304,-1,0.0,False
98.215, the,0.11999999999999034,16,93.87296608832146,43.96257464116243,0.0021265866234898,-1,0.0,False
98.335, girls,0.6200000000000045,16,93.87296608832146,39.72301123083507,0.0014288788661355,-1,0.0,False
98.955, that,0.1599999999999966,16,95.61568490241793,51.54262681570795,0.0056517692282791,-1,0.0,False
99.115, went,0.10000000000000853,16,96.93679704631248,41.046546333521746,0.0018957183929158,-1,0.0,False
99.215, into,0.23999999999999488,16,96.93679704631248,41.47536843206369,0.0015484052710239,16,0.060344827586201195,False
99.455, the,0.12000000000000455,16,96.93679704631248,42.81654319852387,0.0019034912111237,16,0.47413793103446944,False
99.575, guy,0.14000000000000057,16,96.93679704631248,42.3292205003037,0.0021076654084034,16,0.6810344827586158,False
99.715, just,0.3199999999999932,16,96.93679704631248,46.98191333536546,0.0034311290364712,16,0.9224137931034451,False
100.035, showed,0.1599999999999966,16,96.93679704631248,37.53486922593029,0.0012213994050398,-1,0.0,False
100.195, us,0.1600000000000108,16,96.93679704631248,41.16686544903104,0.0017121079144998,-1,0.0,False
100.355, how,0.14000000000000057,16,96.93679704631248,46.28883670358963,0.0027769699227061,-1,0.0,False
100.495, they,0.11999999999999034,16,96.93679704631248,42.85647047339305,0.0018700422951947,-1,0.0,False
100.615, did.,0.14000000000000057,16,96.93679704631248,42.0018516377003,0.0017064986750482,-1,0.0,False
100.955, Yeah.,0.3200000000000074,17,214.5157778529307,41.240350872912046,0.0015763106057419,-1,0.0,False
102.135, Oh,0.47999999999998977,18,214.5157778529307,40.58965560230008,0.0014103120192883,17,0.05654761904761862,True
102.615, my,0.2600000000000051,18,217.50816079522264,48.04198056681797,0.0036147744394829,17,0.3422619047618995,False
102.875," god,",0.3199999999999932,18,182.9761436942216,54.338966351647954,0.007357273250818,17,0.497023809523808,False
103.395," okay,",0.2400000000000091,18,98.99562298196987,39.96005780579099,0.0019132526358594,17,0.8065476190476165,False
103.815, yeah.,0.1599999999999966,18,98.99562298196987,46.95355852920165,0.0032452887389805,-1,0.0,False
104.375, I,0.1799999999999926,19,178.85035889794364,53.97985300340688,0.0072231902740894,18,0.12599999999999908,True
104.55499999999999, just,0.12000000000000455,19,172.22519113437366,55.322789949690744,0.0082128718495366,18,0.19799999999999612,False
104.675, need,0.20000000000000284,19,169.29080812026805,50.245704973000784,0.0044978647492825,18,0.24599999999999794,False
104.875, to,0.0799999999999983,19,177.37763072840508,54.6354124331554,0.0076515208929759,18,0.32599999999999907,False
104.955, start,0.18000000000000682,19,176.04135941819544,42.167425704301785,0.0021035557147116,18,0.35799999999999843,False
105.135, from,0.19999999999998863,19,207.70627527254305,55.12815706993352,0.0074905799701836,18,0.43000000000000116,False
105.335, the,0.12000000000000455,19,191.8240768201421,54.99083540660811,0.0072125503793366,18,0.5099999999999966,False
105.455, start,0.1599999999999966,19,221.6928148086683,56.425347182124014,0.0094747841358189,18,0.5579999999999984,False
105.615, again.,0.3200000000000074,19,244.29055129969225,57.95168236886931,0.0111878644675032,18,0.621999999999997,False
106.195, Start,0.2400000000000091,20,210.768363764003,50.581934969753995,0.0058414875529702,18,0.8539999999999963,False
106.435, again.,0.20000000000000284,20,228.2029692358959,60.24504676306323,0.0149969598278397,18,0.95,False
106.815," Yeah,",0.28000000000000114,20,108.899104920157,41.647937186574445,0.0017626729095356,-1,0.0,False
107.375, have,0.14000000000000057,20,194.23539601630273,53.89822939301738,0.0067356852814553,-1,0.0,False
107.515, you,0.12000000000000455,20,239.63019323349656,51.37112373048385,0.0059996051713801,-1,0.0,False
107.635, watched,0.28000000000000114,20,238.09328516308244,51.84565576219292,0.0072295526042516,-1,0.0,False
107.915, like,0.21999999999999886,20,237.7767593080835,45.6766839867886,0.0028999533969909,-1,0.0,False
108.135, the,0.2599999999999909,20,237.7767593080835,40.054411335133906,0.0014920863322905,-1,0.0,False
108.395, live,0.4000000000000057,20,237.7767593080835,43.124148041734905,0.0018115431303156,-1,0.0,False
108.795, action?,0.5799999999999983,20,237.7767593080835,46.27548059735576,0.0029551680199801,-1,0.0,False
106.815," Yeah,",0.28000000000000114,21,108.899104920157,41.647937186574445,0.0017626729095356,-1,0.0,False
107.375, have,0.14000000000000057,21,194.23539601630273,53.89822939301738,0.0067356852814553,-1,0.0,False
107.515, you,0.12000000000000455,21,239.63019323349656,51.37112373048385,0.0059996051713801,-1,0.0,False
107.635, watched,0.28000000000000114,21,238.09328516308244,51.84565576219292,0.0072295526042516,-1,0.0,False
107.915, like,0.21999999999999886,21,237.7767593080835,45.6766839867886,0.0028999533969909,-1,0.0,False
108.135, the,0.2599999999999909,21,237.7767593080835,40.054411335133906,0.0014920863322905,-1,0.0,False
108.395, live,0.4000000000000057,21,237.7767593080835,43.124148041734905,0.0018115431303156,-1,0.0,False
108.795, action?,0.5799999999999983,21,237.7767593080835,46.27548059735576,0.0029551680199801,-1,0.0,False
110.095, Maybe.,0.2600000000000051,22,197.89450157822256,42.99965806048835,0.0020993610378347,-1,0.0,False
110.755, Yeah.,0.38000000000000966,23,197.89450157822256,44.40237080691001,0.0023260978050529,-1,0.0,False
111.415," Yeah,",0.2599999999999909,24,197.89450157822256,51.08157198339619,0.0054660304449512,19,0.14779005524862157,True
111.675, I,0.1599999999999966,24,188.47382521141657,45.25544771396253,0.0027363051194709,19,0.21961325966850845,False
111.835, saw,0.04000000000000625,24,188.3563154983655,44.24514260721924,0.0027537080459305,19,0.2638121546961318,False
111.875, that.,0.12000000000000455,24,187.83734645194951,54.61093462199032,0.0075139147229503,19,0.27486187845303955,False
114.275, I,0.4399999999999977,25,103.83186584630326,51.60789562635243,0.0058035245165236,19,0.9378453038674048,False
114.715, don't,0.14000000000000057,25,101.73196395704171,38.85686238413782,0.0012883808230978,-1,0.0,False
114.855," know,",0.14000000000000057,25,101.73196395704171,39.557854878856645,0.0013966541737317,-1,0.0,False
115.135, I,0.01999999999999602,25,101.73196395704171,41.42949838004657,0.0017207181081182,20,0.1328125000000049,True
115.155, never,0.23999999999999488,25,101.73196395704171,43.67632934802662,0.0024663971271372,20,0.1432291666666695,False
115.395, watched,0.35999999999999943,25,101.73196395704171,48.44361252032627,0.0034897308796647,20,0.26822916666666674,False
115.755, it.,0.20000000000000284,25,101.73196395704171,44.04290219124193,0.0027003865689042,20,0.45572916666666624,False
116.295," No,",0.4399999999999977,26,182.18511364967688,45.531892573949285,0.0029709467198693,20,0.7369791666666693,False
116.935, what,0.1599999999999966,26,182.18511364967688,39.73748114313776,0.0014150649076326,-1,0.0,False
117.095, is,0.23999999999999488,26,182.18511364967688,44.162990634249134,0.0027217839378863,-1,0.0,False
117.335, it,0.14000000000000057,26,182.18511364967688,40.77142903052064,0.001457645674236,-1,0.0,False
117.475, good?,0.2600000000000051,26,182.18511364967688,55.26708578791778,0.0069397795014093,-1,0.0,False
117.735, You,0.3199999999999932,26,175.79713107460972,58.090513158243894,0.0111922267824413,-1,0.0,False
118.05499999999999, said,0.14000000000000057,26,170.5591282193147,40.026047319926974,0.0012765203136953,21,0.07224770642201807,True
118.195, it,0.0800000000000125,26,170.5591282193147,42.117415543943814,0.0016337855486199,21,0.10435779816513757,False
118.275, was,0.1799999999999926,26,170.5591282193147,43.787220968762725,0.0017000491498037,21,0.12270642201835151,False
118.455, bad.,0.3400000000000034,26,170.5591282193147,41.435216221243174,0.0019457591697576,21,0.16399082568807474,False
117.735, You,0.3199999999999932,27,175.79713107460972,58.090513158243894,0.0111922267824413,-1,0.0,False
118.05499999999999, said,0.14000000000000057,27,170.5591282193147,40.026047319926974,0.0012765203136953,21,0.07224770642201807,False
118.195, it,0.0800000000000125,27,170.5591282193147,42.117415543943814,0.0016337855486199,21,0.10435779816513757,False
118.275, was,0.1799999999999926,27,170.5591282193147,43.787220968762725,0.0017000491498037,21,0.12270642201835151,False
118.455, bad.,0.3400000000000034,27,170.5591282193147,41.435216221243174,0.0019457591697576,21,0.16399082568807474,False
119.455, Okay.,0.4399999999999977,28,174.5291758925158,56.831759174727175,0.0102123646065593,21,0.3933486238532131,False
123.115, I,0.4399999999999977,29,237.04278563972343,44.11583849556825,0.0027924161404373,22,0.018211920529798902,True
123.55499999999999," guess,",0.18000000000000682,29,237.04278563972343,42.11697729162464,0.0017997766844925,22,0.16390728476820893,False
123.955, I,0.060000000000002274,29,237.04278563972343,39.31245837024662,0.0012929808581249,22,0.2963576158940388,False
124.015, guess,0.1599999999999966,29,237.04278563972343,39.8470372516195,0.0014253599802038,22,0.31622516556291375,False
124.175, I,0.29999999999999716,29,237.04278563972343,47.677696093051665,0.0032334176357833,22,0.3692052980132438,False
124.475, will,0.1600000000000108,29,237.04278563972343,45.004781721981615,0.0021847637835892,22,0.4685430463576139,False
124.635, maybe,0.3399999999999892,29,175.59371619818953,40.54884739365908,0.0014254655688999,22,0.5215231788079486,False
124.975, once,0.28000000000000114,29,175.59371619818953,46.95316225081801,0.0032099133823068,22,0.6341059602648988,False
125.255, I,0.12000000000000455,29,175.59371619818953,43.016192355219815,0.0025245982687925,22,0.7268211920529788,False
125.375, like,0.1799999999999926,29,175.59371619818953,47.2896332274439,0.003373663173988,22,0.7665562913907288,False
125.55499999999999, rewatch,0.36000000000001364,29,175.59371619818953,43.50799021935899,0.0020043000113219,22,0.8261589403973488,False
125.915, the,0.21999999999999886,29,175.59371619818953,43.75510868752658,0.0019997882191093,22,0.9453642384105986,False
126.135, show,0.19999999999998863,29,175.59371619818953,42.92663216102872,0.0019327651243657,-1,0.0,False
126.335, again.,0.4000000000000057,29,175.59371619818953,43.935405547052895,0.0026389823760836,-1,0.0,False
127.115, I'm,0.10000000000000853,30,238.37402046832227,56.75013424648962,0.0097606955096128,23,0.09241245136186658,True
127.215, saying,0.23999999999999488,30,212.8361914884939,55.0174266987076,0.0083149075508116,23,0.11186770428015619,False
127.455, you,0.23999999999999488,30,191.02701727953797,54.96702749999732,0.0084197996184243,23,0.15856031128404624,False
127.695, can,0.060000000000002274,30,125.02716869423786,52.334314912021696,0.0056122895330197,23,0.2052529182879363,False
127.755, imagine,0.2400000000000091,30,96.44201210223088,55.01546051878236,0.0074570165015748,23,0.21692607003890949,False
127.995, a,0.21999999999999886,30,223.93729058086905,60.933202988116136,0.0160518717020749,23,0.2636186770428023,False
128.215, pro,0.21999999999999886,30,198.9517615364912,61.95606943110068,0.0172811672091484,23,0.30642023346303554,False
128.435, off,0.21999999999999886,30,231.19376549288893,52.24666638959408,0.0070177935995161,23,0.3492217898832688,False
128.655, into,0.20000000000000284,30,187.358975026345,56.46707089594554,0.0090295253321528,23,0.392023346303502,False
128.85500000000002, that.,0.1799999999999926,30,177.50313194544904,57.0140947943619,0.0096972109749884,23,0.4309338521400812,False
129.97500000000002," Oh,",0.4399999999999977,31,182.2293850248395,41.888875427268545,0.0018118320731435,23,0.648832684824907,False
130.41500000000002," no,",0.4399999999999977,31,168.7027933242118,47.628915011283944,0.0037935734726489,23,0.7344357976653735,False
132.13500000000005, I,0.05999999999998806,31,87.72327960942852,37.94760133998556,0.0012638624757541,-1,0.0,False
132.19500000000002, have,0.18000000000000682,31,87.72327960942852,46.7966770382726,0.003112195758148,24,0.02678571428574057,True
132.37500000000003, it.,0.23999999999999488,31,181.4531945645627,46.60458774947771,0.0031431640963994,24,0.3482142857143229,False
132.79500000000002, Is,0.060000000000002274,31,181.4531945645627,43.43759409655729,0.0020691833924493,-1,0.0,False
132.85500000000002, that,0.1599999999999966,31,181.4531945645627,39.33369395247691,0.0013213804922994,-1,0.0,False
133.01500000000004," one,",0.1599999999999966,31,185.28500610274452,56.38373169209456,0.0089914985001087,-1,0.0,False
133.31500000000003, is,0.4399999999999977,31,172.56478426071885,47.27209942680157,0.0032710451632729,-1,0.0,False
133.75500000000002, that,0.14000000000000057,31,172.56478426071885,39.84471980297128,0.0015725785633545,25,0.06250000000000905,True
133.89500000000004, one,0.14000000000000057,31,172.56478426071885,52.11273918427747,0.005330107640475,25,0.1273148148148308,False
134.03500000000003, good?,0.29999999999999716,31,172.56478426071885,43.28698559923024,0.0025983692612475,25,0.19212962962963942,False
132.79500000000002, Is,0.060000000000002274,32,181.4531945645627,43.43759409655729,0.0020691833924493,-1,0.0,False
132.85500000000002, that,0.1599999999999966,32,181.4531945645627,39.33369395247691,0.0013213804922994,-1,0.0,False
133.01500000000001," one,",0.1599999999999966,32,181.4531945645627,55.20797908624628,0.0077950158156488,-1,0.0,False
133.315, is,0.4399999999999977,32,172.56478426071885,47.27209942680157,0.0032710451632729,-1,0.0,False
133.755, that,0.14000000000000057,32,172.56478426071885,39.84471980297128,0.0015725785633545,25,0.062499999999995885,False
133.895, one,0.14000000000000057,32,172.56478426071885,52.11273918427747,0.005330107640475,25,0.12731481481481766,False
134.03500000000003, good?,0.29999999999999716,32,172.56478426071885,43.28698559923024,0.0025983692612475,25,0.19212962962963942,False
135.29500000000002, That,0.4399999999999977,33,170.90271550687575,39.64311950180695,0.0014419123763219,25,0.7754629629629695,False
135.735, kind,0.21999999999999886,33,165.3671937375666,51.998074649508105,0.0064436420798278,25,0.9791666666666724,False
135.955," of,",0.2600000000000051,33,166.09023307226124,42.31328526548011,0.0018962960457423,-1,0.0,False
136.21500000000003, that,0.11999999999999034,33,180.9125394335015,40.824602581033766,0.0013973658205941,-1,0.0,False
136.335, kind,0.20000000000000284,33,180.9125394335015,38.77259178316434,0.0012923622271046,-1,0.0,False
136.53500000000003," of,",0.18000000000000682,33,180.9125394335015,41.24420112340648,0.0016177690122281,-1,0.0,False
136.79500000000002, that,0.23999999999999488,33,174.46370454159535,50.45855212961393,0.0045434627681966,-1,0.0,False
137.03500000000003, seems,0.5799999999999983,33,174.46370454159535,46.51070921692399,0.0025470401160416,-1,0.0,False
137.615, the,0.21999999999999886,33,206.3403951612503,40.75415610271261,0.0013859213795512,-1,0.0,False
137.835, last,0.20000000000000284,33,206.3403951612503,47.820396588052205,0.0039184591732919,-1,0.0,False
138.03500000000003, ever.,0.28000000000000114,33,206.3403951612503,50.524226745732626,0.0045419721864174,-1,0.0,False
138.875," Oh,",0.4000000000000057,34,224.5479393274861,44.4457605457634,0.0030415705405175,26,0.3116438356164452,True
139.85500000000002, okay.,0.060000000000002274,34,206.28960388868424,54.82513845433582,0.0078302035108179,26,0.9828767123287828,False
140.075, Can,0.09999999999999432,34,206.13342756348013,48.11361994771595,0.0041421153582619,-1,0.0,False
140.175, you,0.12000000000000455,34,206.13342756348013,43.347662584413605,0.0020357905887071,-1,0.0,False
140.29500000000002, watch,0.2599999999999909,34,206.13342756348013,41.04942836975218,0.0018431323114782,-1,0.0,False
140.555, it,0.12000000000000455,34,206.13342756348013,40.297674277174046,0.001348705496639,-1,0.0,False
140.675, without,0.3199999999999932,34,206.13342756348013,38.447205786647515,0.0011414280161264,-1,0.0,False
140.995, watching,1.700000000000017,34,206.13342756348013,49.73935229302225,0.0044827293604612,27,0.35795454545454475,True
142.695, like,0.539999999999992,34,201.3360782329512,52.37227883431649,0.0058914246037587,-1,0.0,False
143.235, Avatar?,0.7800000000000011,34,308.50787089154784,62.13822110755082,0.0175672378390992,28,0.3482142857143229,True
140.075, Can,0.09999999999999432,35,206.13342756348013,48.11361994771595,0.0041421153582619,-1,0.0,False
140.17499999999998, you,0.12000000000000455,35,206.13342756348013,43.347662584413605,0.0020357905887071,-1,0.0,False
140.295, watch,0.2599999999999909,35,206.13342756348013,41.04942836975218,0.0018431323114782,-1,0.0,False
140.55499999999998, it,0.12000000000000455,35,206.13342756348013,40.297674277174046,0.001348705496639,-1,0.0,False
140.67499999999998, without,0.3199999999999932,35,206.13342756348013,38.447205786647515,0.0011414280161264,-1,0.0,False
140.99499999999998, watching,1.700000000000017,35,206.13342756348013,49.73935229302225,0.0044827293604612,27,0.35795454545451244,False
142.695, like,0.539999999999992,35,201.3360782329512,52.37227883431649,0.0058914246037587,-1,0.0,False
143.23499999999999, Avatar?,0.7800000000000011,35,308.50787089154784,62.13822110755082,0.0175672378390992,28,0.3482142857142721,False
144.41500000000002," Yeah,",0.19999999999998863,36,200.91715054334773,52.642986575293286,0.0059973835013805,29,0.23387096774195026,True
144.615, you,0.18000000000000682,36,118.69938876832664,47.77984794350868,0.0038972627371549,29,0.3413978494623735,False
144.79500000000002, can.,0.18000000000000682,36,240.33659174953235,53.91517247660166,0.0067513682879534,29,0.4381720430107635,False
145.195, Okay.,0.28000000000000114,37,172.25795329211903,47.69568129222407,0.0036831928882736,29,0.65322580645161,False
145.85500000000002, It's,0.18000000000000682,38,223.13453158093083,45.24442132749907,0.0024279118515551,-1,0.0,False
146.03500000000003, probably,0.1599999999999966,38,223.13453158093083,40.812725674824776,0.0014043056871743,-1,0.0,False
146.19500000000002, fixed,0.5199999999999818,38,223.13453158093083,43.26042330282991,0.001520440913737,-1,0.0,False
146.715, in,0.3200000000000216,38,301.4885990493012,43.26230522876615,0.0017675273120403,30,0.12239583333333942,True
147.03500000000003, the,0.01999999999998181,38,267.7176642421994,57.863925264725054,0.0109818847849962,30,0.28906250000001593,False
147.055, channel,0.14000000000001478,38,255.4601181846817,57.79348965436954,0.0110060796141624,30,0.29947916666667307,False
147.19500000000002, after,0.37999999999999545,38,212.560583793739,54.55164403288014,0.0071332924999318,30,0.3723958333333468,False
147.57500000000002, that.,0.19999999999998863,38,182.806371449792,49.754500859359055,0.0040167691186072,30,0.5703125000000094,False
147.775, Yeah.,0.2400000000000091,38,180.04156892946617,42.74396722022568,0.0018276651389896,30,0.6744791666666694,False
147.77499999999998, Yeah.,0.2400000000000091,39,180.04156892946617,42.74396722022568,0.0018276651389896,30,0.6744791666666545,False
148.635, Okay.,0.4000000000000057,40,165.59088234121586,40.61904559313206,0.0014380087377502,-1,0.0,False
149.83499999999998, Okay.,0.4000000000000057,41,165.59088234121586,41.249632685966034,0.0022239584941416,31,0.015422077922073132,True
150.65499999999997, Where,0.0800000000000125,42,165.59088234121586,43.66170827052143,0.0021793509367853,31,0.14853896103895523,False
150.73499999999999, do,0.09999999999999432,42,165.59088234121586,45.23813811660516,0.0028092437423773,31,0.16152597402597024,False
150.83499999999998, you,0.03999999999999204,42,165.59088234121586,45.729528383143055,0.0028893516864627,31,0.17775974025973557,False
150.87499999999997, watch,0.2600000000000193,42,165.59088234121586,41.853206596074344,0.0019433589186519,31,0.18425324675324076,False
151.135, out?,0.12000000000000455,42,165.59088234121586,48.03999033220931,0.0036153560504327,31,0.22646103896103614,False
151.33499999999998, What,0.12000000000000455,42,165.59088234121586,44.921200152532045,0.0024941305164247,31,0.2589285714285668,False
151.45499999999998, is,0.3199999999999932,42,165.59088234121586,39.39756196258695,0.0014372179284687,31,0.278409090909087,False
151.77499999999998, it,0.14000000000001478,42,219.84322689946757,39.34562390999383,0.0013239783002063,31,0.33035714285713785,False
151.915, on?,0.19999999999998863,42,219.84322689946757,40.27399223313403,0.0014218846336008,31,0.353084415584413,False
151.33499999999998, What,0.12000000000000455,43,165.59088234121586,44.921200152532045,0.0024941305164247,31,0.2589285714285668,False
151.45499999999998, is,0.3199999999999932,43,165.59088234121586,39.39756196258695,0.0014372179284687,31,0.278409090909087,False
151.77499999999998, it,0.14000000000001478,43,219.84322689946757,39.34562390999383,0.0013239783002063,31,0.33035714285713785,False
151.915, on?,0.19999999999998863,43,219.84322689946757,40.27399223313403,0.0014218846336008,31,0.353084415584413,False
152.91500000000002, A,0.1599999999999966,44,219.84322689946757,44.460141742349336,0.0021492000669239,31,0.5154220779220801,False
153.07500000000002, thousand,0.3199999999999932,44,219.84322689946757,38.91272772036768,0.0011101516429341,31,0.5413961038961055,False
153.395, of,0.28000000000000114,44,219.84322689946757,43.76595757666469,0.0020347156096249,31,0.5933441558441563,False
153.675, things.,0.12000000000000455,44,219.84322689946757,41.679002938400295,0.0017454019980506,31,0.638798701298702,False
154.41500000000002, Okay.,0.3599999999999852,45,219.84322689946757,42.80570000355773,0.0021444847807299,31,0.7589285714285737,False
155.27499999999998," Oh,",0.20000000000001705,46,108.44650766360922,52.46618100378176,0.0058631971478462,31,0.8985389610389564,False
155.695, really?,0.13999999999998636,46,108.44650766360922,48.56636267614283,0.0043232324533192,31,0.9667207792207771,False
156.21499999999995," Okay,",0.18000000000000682,47,108.44650766360922,41.71642421033008,0.0018910054350271,-1,0.0,False
156.55499999999995," yeah,",0.2400000000000091,47,108.44650766360922,41.78158250948139,0.0017093899659812,-1,0.0,False
156.85499999999996, I,0.12000000000000455,47,117.77842981138885,44.922508280998606,0.0029114736244099,-1,0.0,False
156.97499999999997, have,0.1599999999999966,47,117.77842981138885,46.53884129001873,0.002749033039436,-1,0.0,False
157.13499999999996, been.,0.18000000000000682,47,117.77842981138885,39.38648699482764,0.0014330178964887,-1,0.0,False
157.51499999999996," Yeah,",0.21999999999999886,47,117.77842981138885,53.69170222153215,0.0067765410058187,-1,0.0,False
157.75499999999997, I've,0.03999999999999204,47,117.77842981138885,44.48203552766126,0.0025189938023682,32,0.03954081632651653,True
157.79499999999996, been,0.0,47,117.77842981138885,44.17292238763208,0.0022979439236217,32,0.049744897959167596,False
157.79499999999996, to,0.09999999999999432,47,117.77842981138885,44.17292238763208,0.0022979439236217,32,0.049744897959167596,False
157.89499999999995, the,0.12000000000000455,47,117.77842981138885,40.06779349118235,0.0012311011087151,32,0.07525510204079888,False
158.01499999999996, cast.,0.060000000000002274,47,117.77842981138885,46.18268769475123,0.0031524249352511,32,0.10586734693875934,False
157.515," Yeah,",0.21999999999999886,48,117.77842981138885,53.69170222153215,0.0067765410058187,-1,0.0,False
157.755, I've,0.03999999999999204,48,117.77842981138885,44.48203552766126,0.0025189938023682,32,0.03954081632652378,False
157.795, been,0.0,48,117.77842981138885,44.17292238763208,0.0022979439236217,32,0.04974489795917485,False
157.795, to,0.09999999999999432,48,117.77842981138885,44.17292238763208,0.0022979439236217,32,0.04974489795917485,False
157.89499999999998, the,0.12000000000000455,48,117.77842981138885,40.06779349118235,0.0012311011087151,32,0.07525510204080614,False
158.015, cast.,0.060000000000002274,48,117.77842981138885,46.18268769475123,0.0031524249352511,32,0.10586734693876658,False
158.71499999999995, Oh,0.4000000000000057,49,184.3382475680268,44.47615774633425,0.0027678199112415,32,0.2844387755101856,False
159.11499999999995, my,0.18000000000000682,49,175.93047058814167,54.62103176681511,0.0076455529779195,32,0.386479591836718,False
159.29499999999996," god,",0.30000000000001137,49,173.1091787623793,44.94519068981113,0.0026405886746952,32,0.43239795918365864,False
159.85499999999996," okay,",0.28000000000000114,49,185.9280866235316,42.07768924564377,0.0016857514856382,32,0.5752551020408025,False
160.31499999999997, yeah.,0.3199999999999932,49,170.9337910292775,54.795929275396,0.0077252341434363,32,0.6926020408163152,False
161.97500000000002, I'm,0.39999999999997726,50,168.54832077792133,53.99548115966402,0.0068033495917921,-1,0.0,False
162.375, not,0.040000000000020464,50,164.941069241449,40.006284871079174,0.0012635141611099,-1,0.0,False
162.41500000000002, sure,0.9399999999999977,50,164.941069241449,38.04494906723155,0.0011845544213431,-1,0.0,False
163.35500000000002, what's,0.37999999999999545,50,106.63512345116816,43.25901165773959,0.0019664412830022,33,0.6029411764706079,True
163.735, on,0.13999999999998636,50,106.63512345116816,45.40613163229851,0.0023147109895943,33,0.9754901960784532,False
163.875, the,0.9400000000000261,50,106.63512345116816,41.00209330509384,0.0014012407045811,-1,0.0,False
164.81500000000003," computer,",0.19999999999998863,50,111.78494714900673,41.8822794842132,0.0015845324378467,34,0.4353932584269852,True
165.335, but,0.20000000000001705,50,246.3625830775239,52.57055397015747,0.0057535329833626,34,0.7275280898876489,False
165.53500000000003, it,0.28000000000000114,50,190.47391979404873,54.30257018236468,0.0076888813637182,34,0.8398876404494562,False
165.81500000000003, should,0.09999999999999432,50,182.2188889167224,54.95633956966281,0.0080061051994554,34,0.9971910112359735,False
165.91500000000002, be,0.1599999999999966,50,173.7501663618983,48.49248364122494,0.0041204914450648,-1,0.0,False
166.07500000000002, the,0.12000000000000455,50,174.1169246461723,49.06714058415386,0.0042572845704838,-1,0.0,False
166.19500000000002, display.,0.3400000000000034,50,174.1169246461723,44.970445228940854,0.0022685728035869,-1,0.0,False
166.53500000000003," Yeah,",0.5799999999999841,50,187.87036030644649,52.5472536594293,0.0058931331150237,35,0.04015544041451529,True
167.115," yeah,",0.46000000000000796,50,197.92286513346968,51.74326356118688,0.0063520995900034,35,0.1904145077720236,False
167.655, okay.,0.4800000000000182,50,169.44106691750008,53.522119407043185,0.0063940347172319,35,0.33031088082901583,False
166.53500000000005," Yeah,",0.5799999999999841,51,187.87036030644649,52.617082840436645,0.0060345968231568,35,0.04015544041452265,False
167.11500000000004," yeah,",0.46000000000000796,51,197.92286513346968,54.305756500376155,0.008038867264986,35,0.19041450777203095,False
167.65500000000003, okay.,0.4800000000000182,51,169.44106691750008,53.522119407043185,0.0063940347172319,35,0.3303108808290232,False
169.83500000000004, It's,0.47999999999998977,52,94.13209777829348,42.304828771286125,0.0023437195923179,35,0.8950777202072613,False
170.31500000000003, just,0.07999999999998408,52,94.13209777829348,39.92168658831684,0.0014087733579798,-1,0.0,False
170.395, so,0.2400000000000091,52,94.13209777829348,38.46694742476113,0.0011473903432488,-1,0.0,False
170.63500000000002, hard,0.23999999999998067,52,94.13209777829348,44.42616696395743,0.0025314807426185,-1,0.0,False
170.875, these,0.20000000000001705,52,165.97622958927897,41.251958825914286,0.0020237881690263,36,0.38392857142857595,True
171.07500000000002, days,0.29999999999998295,52,165.97622958927897,45.72957073930252,0.0026430180296299,36,0.7410714285714621,False
171.375, because,0.2400000000000091,52,165.97622958927897,41.352913146260406,0.0016490889247506,-1,0.0,False
171.615, you,0.20000000000001705,52,165.97622958927897,42.780695065293045,0.001850779983215,-1,0.0,False
171.81500000000003, have,0.19999999999998863,52,165.97622958927897,47.87199711736747,0.0031958154868338,-1,0.0,False
172.01500000000001, to,0.19999999999998863,52,165.97622958927897,44.56271281302364,0.0022023753263062,-1,0.0,False
172.215, own,0.3400000000000034,52,165.97622958927897,44.81406781429459,0.0021616129670292,-1,0.0,False
172.555, every,0.4800000000000182,52,171.01212470471188,55.49820691713301,0.0082401139661669,37,0.07835820895522366,True
173.03500000000003, single.,0.7199999999999989,52,155.26521829895634,52.392255111109485,0.006547850556669,37,0.1977611940298556,False
174.97500000000002, That's,0.47999999999998977,53,181.02176677183985,57.34190505978144,0.0101067591458569,37,0.6803482587064741,False
175.455, really,0.2400000000000091,53,188.36535280520025,39.84055090055611,0.0013554200995717,37,0.799751243781099,False
175.69500000000002, it.,0.29999999999998295,53,187.40728815952977,55.45329909918904,0.0076887914910934,37,0.859452736318415,False
176.27499999999998," Yeah,",0.4000000000000057,54,182.11743954582343,55.85097597391045,0.0090679805725812,-1,0.0,False
176.695, I,0.6799999999999784,54,188.21087010716985,40.759055863469875,0.0018970279488713,38,0.09745762711862947,True
177.37499999999997, just,0.160000000000025,54,183.7083712616732,50.48836380625104,0.0050100577063858,38,0.6737288135592997,False
177.535, want,0.21999999999999886,54,174.50789304415252,51.54091395730366,0.005125193390996,38,0.8093220338983064,False
177.755, one.,0.29999999999998295,54,182.26872842176613,54.72913355971852,0.0077556525357076,38,0.9957627118644106,False
178.615," Like,",0.20000000000001705,55,182.2809792296493,41.14290928126205,0.0017678107833489,39,0.10561497326203456,True
178.895, I,0.09999999999999432,55,182.2809792296493,39.13585340408021,0.0012901653535664,39,0.1804812834224625,False
178.995, don't,0.12000000000000455,55,182.2809792296493,41.63168311615794,0.0019815452396869,39,0.20721925133689942,False
179.115, want,0.09999999999999432,55,182.2809792296493,46.821008523767674,0.0029766804073005,39,0.23930481283422675,False
179.215, to,0.10000000000002274,55,182.2809792296493,46.979406972413315,0.0031627158168703,39,0.26604278074866367,False
179.31500000000003, have,0.11999999999997613,55,182.2809792296493,44.81106300100596,0.0026828127447525,39,0.2927807486631082,False
179.435, to,0.160000000000025,55,182.2809792296493,46.46353931867277,0.0029200869612395,39,0.32486631016042794,False
179.59500000000003, pay,0.23999999999998067,55,182.2809792296493,43.139929838761944,0.001874656416476,39,0.3676470588235361,False
179.835, for,0.2400000000000091,55,182.2809792296493,44.28945147626339,0.0023900882806628,39,0.4318181818181832,False
180.07500000000002, a,0.12000000000000455,55,182.2809792296493,45.47291257574029,0.0025905284564938,39,0.4959893048128379,False
180.19500000000002, million,0.28000000000000114,55,182.2809792296493,45.93982847079202,0.0028553584124893,39,0.5280748663101652,False
180.47500000000002, just,0.3599999999999852,55,182.2809792296493,43.52379335098277,0.0019973355811087,39,0.6029411764705932,False
180.835, because,0.1599999999999966,55,182.2809792296493,43.19942607563857,0.0023028538562357,39,0.6991978609625675,False
180.995, I,0.14000000000001478,55,182.2809792296493,42.16227700812985,0.0017197228735312,39,0.7419786096256682,False
181.13500000000002, want,0.19999999999998863,55,182.2809792296493,43.75253567985976,0.0020639307331292,39,0.7794117647058859,False
181.335, to,0.0800000000000125,55,182.2809792296493,43.56445562881858,0.0025902984198182,39,0.8328877005347598,False
181.41500000000002, watch,0.1599999999999966,55,182.2809792296493,41.37941598582809,0.0016882440540941,39,0.8542780748663139,False
181.57500000000002, different,0.3400000000000034,55,182.2809792296493,46.42448920571779,0.0027701030485332,39,0.8970588235294145,False
181.91500000000002, things.,0.5600000000000023,55,182.2809792296493,47.44326113598778,0.002977431053296,39,0.9879679144385061,False
182.895," Yeah,",0.18000000000000682,56,182.2809792296493,46.25382910335535,0.0028286317829042,-1,0.0,False
183.215, really?,0.2400000000000091,56,182.2809792296493,41.6004777246082,0.0017170190112665,-1,0.0,False
184.475," Um,",0.47999999999998977,57,197.27596807860243,41.36966870201507,0.0021706596016898,40,0.7227272727272651,True
185.37499999999997, but,0.30000000000001137,57,197.27596807860243,44.635876229062085,0.0025036639999598,-1,0.0,False
185.67499999999998, I,0.21999999999999886,57,197.27596807860243,40.26689654705304,0.0019517561886448,-1,0.0,False
185.89499999999998, watched,0.3400000000000034,57,197.27596807860243,39.474335339956355,0.0012648865813398,-1,0.0,False
186.23499999999999, American,0.47999999999998977,57,197.27596807860243,42.41939097977597,0.001839533215389,41,0.06290322580644953,True
186.71499999999997, Psycho,0.6800000000000068,57,197.27596807860243,46.86890717160255,0.0029399851337075,41,0.21774193548386586,False
187.39499999999998, the,0.539999999999992,57,197.27596807860243,46.460176427408186,0.0029968991875657,41,0.43709677419354587,False
187.93499999999997, other,0.20000000000001705,57,197.27596807860243,39.57614563165432,0.0016030670376494,41,0.6112903225806404,False
188.135, day.,0.3599999999999852,57,197.27596807860243,37.824634150197824,0.0011723127681763,41,0.6758064516129041,False
188.815, Have,0.47999999999998977,58,197.27596807860243,45.44831467783004,0.0024139864835888,41,0.8951612903225841,False
189.295, you,0.12000000000000455,58,197.27596807860243,40.39240405659195,0.0013619317905976,-1,0.0,False
189.415, watched,0.13999999999998636,58,197.27596807860243,37.92273559627814,0.0012144374195484,-1,0.0,False
189.55499999999998, that,0.20000000000001705,58,197.27596807860243,39.97397680443663,0.0014026786666363,-1,0.0,False
189.755, one?,0.23999999999998067,58,197.27596807860243,38.7866811521638,0.0014578189002342,-1,0.0,False
190.455, I,0.14000000000001478,59,190.1292828443351,55.423186011050205,0.0077741197310388,42,0.5550000000000068,True
190.59500000000003, would,0.1799999999999784,59,188.67376896642944,57.06249847016788,0.0102983880788079,42,0.6950000000000216,False
190.775, like,0.1599999999999966,59,187.2193582776865,51.15410255772572,0.0063886321149766,42,0.875,False
190.935, to,0.20000000000001705,59,193.48374868601448,55.9817856181637,0.0090103019028902,-1,0.0,False
191.13500000000002, believe,0.28000000000000114,59,213.1585751934402,46.27509895778055,0.0028118703048716,-1,0.0,False
191.41500000000002, that,0.37999999999999545,59,207.0251747116988,57.436621972549226,0.0103329429402936,43,0.0579545454545508,True
191.79500000000002, you,0.13999999999998636,59,109.58156401846723,56.76353702572176,0.0095198871567846,43,0.14431818181818604,False
191.935, have,0.21999999999999886,59,140.23477294218029,53.81505804844475,0.0075972778722643,43,0.1761363636363647,False
192.155, not,0.3800000000000239,59,208.14705661648435,42.67992532292809,0.00191987818107,43,0.22613636363636438,False
192.53500000000003, sat,0.29999999999998295,59,208.14705661648435,38.9082350343387,0.0015384486177934,43,0.31250000000000605,False
192.835, down,0.28000000000000114,59,209.57944081447417,43.18709645847218,0.0019507576944306,43,0.3806818181818203,False
193.115, on,0.20000000000001705,59,209.57944081447417,39.0716480905368,0.0013299025595188,43,0.4443181818181841,False
193.31500000000003, what,0.21999999999999886,59,237.3328774563955,57.38734492580789,0.0104125849902633,43,0.48977272727273335,False
193.53500000000003, stuff,0.28000000000000114,59,224.2886666827103,54.781638664035206,0.0081126997247378,43,0.5397727272727331,False
193.81500000000003, you're,0.23999999999998067,59,301.4653758731838,56.97105616231956,0.0096573233604442,43,0.6034090909090969,False
194.055, putting.,0.14000000000001478,59,240.78415787484585,55.630347686788824,0.0083971265703439,43,0.6579545454545469,False
195.915, I'm,0.5600000000000023,60,182.17686960167188,38.75235539053116,0.0014004475669929,44,0.005573248407642768,True
196.475, like,0.1799999999999784,60,187.41477804351032,53.98287697627632,0.0075357947498577,44,0.0947452229299361,False
196.65499999999997, TikTok.,0.36000000000001364,60,187.21526424911505,42.18367987007193,0.001795821590349,44,0.12340764331209826,False
197.375, I,0.12000000000000455,61,171.5323067323684,56.00873240531074,0.0094635095447274,44,0.238057324840765,False
197.495, know.,0.21999999999999886,61,170.05485166242514,42.578199103142374,0.0015908374916762,44,0.2571656050955428,False
198.275, I,0.5600000000000023,62,177.0933750857648,50.63845565461242,0.0049266908317804,44,0.3813694267515939,False
198.835, know,0.18000000000000682,62,183.3572656105417,40.60037287630436,0.0017539380351081,44,0.47054140127388727,False
199.01500000000001, a,0.21999999999999886,62,177.43495388575286,54.33538674363148,0.0074825556948781,44,0.4992038216560539,False
199.235, lot,0.19999999999998863,62,174.9055207373714,54.74259856439536,0.0078636845573777,44,0.5342356687898118,False
199.435, of,0.18000000000000682,62,182.09183833491647,56.762368689765886,0.0097574684768915,44,0.5660828025477717,False
199.615, the,0.28000000000000114,62,191.1590336569029,41.712287986636255,0.0027114748954772,44,0.5947452229299384,False
199.895, G,0.8600000000000136,62,191.1590336569029,41.143370091025645,0.0015016889665275,44,0.6393312101910851,False
200.75500000000002, enjoy,0.28000000000000114,62,179.77835495064517,52.207653253114515,0.0055063385516411,44,0.7762738853503228,False
201.03500000000003, the,0.23999999999998067,62,164.32143772714372,56.12513208502623,0.0093886274844378,44,0.8208598726114695,False
201.275, movie.,0.09999999999999432,62,166.3416567822615,51.40307441719111,0.0052207787521183,44,0.8590764331210206,False
202.135," Um,",0.2599999999999909,63,95.25938020159748,43.00872520984991,0.0019386683125046,44,0.9960191082802539,False
202.755, I,0.060000000000002274,63,175.55909646277365,40.9491552328744,0.0014579764101652,-1,0.0,False
202.815, did.,0.3199999999999932,63,175.55909646277365,41.29434180572828,0.0016867938684297,-1,0.0,False
203.395, I,0.09999999999999432,64,168.2444642969031,56.940248558567866,0.0099670197814702,-1,0.0,False
203.495," actually,",0.4399999999999977,64,164.51965501594165,57.32109083377324,0.0102728642523288,-1,0.0,False
204.51500000000001, I,1.0800000000000125,64,104.66466368479986,40.860438267572235,0.0015506946947425,45,0.06057268722467096,True
205.59500000000003, really,0.4199999999999875,64,222.36436960239052,53.384441876266806,0.0065825991332531,45,0.2984581497797402,False
206.01500000000001, like,0.28000000000000114,64,200.8225800901698,40.396342193596226,0.0013452896382659,45,0.39096916299559664,False
206.29500000000002, the,0.18000000000000682,64,200.8225800901698,41.21090257741332,0.001923346193516,45,0.4526431718061697,False
206.47500000000002, way,0.1799999999999784,64,196.90551789304837,57.912647542519345,0.0106539791449942,45,0.4922907488986823,False
206.655, it's,0.30000000000001137,64,173.7060464553215,53.92092937324753,0.0070651727728545,45,0.5319383259911886,False
206.955, like,0.0800000000000125,64,168.85704449995364,55.45934078285437,0.0080440612509846,45,0.5980176211453763,False
207.03500000000003, filmed.,0.7599999999999909,64,85.16991544331609,53.51903239865111,0.0073107951320695,45,0.6156387665198284,False
208.115, It's,0.4000000000000057,65,90.1226764516826,42.960619403827025,0.0021233328152447,45,0.8535242290748913,False
208.51500000000001, sort,0.13999999999998636,65,90.1226764516826,37.75966940426546,0.0010288855992257,45,0.9416299559471395,False
208.655, of,0.14000000000001478,65,90.1226764516826,39.1283232720333,0.0015092242974787,45,0.9724669603524229,False
208.79500000000002, just,0.2599999999999909,65,90.1226764516826,39.87526710832944,0.0014112432254476,-1,0.0,False
209.055, a,0.36000000000001364,65,90.1226764516826,40.39610204173462,0.001343798590824,-1,0.0,False
209.41500000000002, bit,0.19999999999998863,65,90.1226764516826,38.89584309911494,0.0013216203078621,-1,0.0,False
209.615, weird,0.5200000000000102,65,90.1226764516826,39.70358720395899,0.0014182524755597,-1,0.0,False
210.13500000000002, vibes,0.8400000000000034,65,90.1226764516826,48.94770640498257,0.0037984373047953,46,0.08116883116883725,True
210.97500000000002, all,0.28000000000000114,65,90.1226764516826,40.78709447716552,0.0015692471060907,46,0.2629870129870196,False
211.25500000000002, around,0.45999999999997954,65,172.10359144304178,41.75822837199588,0.0017241489840667,46,0.3235930735930804,False
211.715," unsettling,",1.6800000000000068,65,172.10359144304178,46.30564812227944,0.0029841407667845,46,0.42316017316017546,False
213.395, I,0.1599999999999966,65,172.10359144304178,38.100183748343376,0.0013120847288519,46,0.7867965367965402,False
213.555, think,0.18000000000000682,65,172.10359144304178,39.5424389589263,0.0012037376873195,46,0.8214285714285741,False
213.735, the,0.19999999999998863,65,172.10359144304178,38.067806765996245,0.0011938161915167,46,0.8603896103896145,False
213.935, word,0.12000000000000455,65,172.10359144304178,37.159085274002194,0.0011386731639504,46,0.9036796536796553,False
214.055, is.,0.3400000000000034,65,172.10359144304178,42.66827559360327,0.0018054968677461,46,0.9296536796536822,False
216.475, But,0.5600000000000023,66,84.93200571584342,42.35452988704708,0.0021059177815907,47,0.4502688172042966,True
217.035, it's,0.5600000000000023,66,109.20437457186624,48.425728973729264,0.0033782103564593,47,0.6008064516128995,False
217.595, just,0.1599999999999966,66,251.33017782539577,44.52090686011639,0.002573211444542,47,0.7513440860215023,False
217.755, a,0.8599999999999852,66,254.9753687607013,59.274057305967006,0.0134261976927558,47,0.7943548387096734,False
218.61499999999998, bit,0.14000000000001478,66,161.72084100631872,54.127607462671655,0.0069171534851193,-1,0.0,False
218.755, of,0.1599999999999966,66,165.36551087936058,47.916384918310065,0.003909617196766,-1,0.0,False
218.915, a,0.07999999999998408,66,165.36551087936058,40.44762618236269,0.0014358414337039,-1,0.0,False
218.99499999999998, meme.,0.2600000000000193,66,172.88394893565294,37.76609119133117,0.0011991099454462,48,0.030701754385937356,True
219.255," Yeah,",0.7599999999999909,66,167.98067644328322,57.46483649692112,0.0102090118452908,48,0.25877192982455355,False
220.015, it's,0.3400000000000034,66,102.93195160629412,39.02819975655366,0.0015140634495761,48,0.9254385964912202,False
220.355, just,0.12000000000000455,66,102.93195160629412,39.52805985237267,0.0013917828910059,-1,0.0,False
220.475, an,0.19999999999998863,66,102.93195160629412,40.656152252781744,0.0016307384939859,-1,0.0,False
220.67499999999998, action.,0.3400000000000034,66,102.93195160629412,40.37521329285112,0.0015699152136221,-1,0.0,False
219.255," Yeah,",0.7599999999999909,67,167.98067644328322,57.46483649692112,0.0102090118452908,48,0.25877192982455355,False
220.015, it's,0.3400000000000034,67,102.93195160629412,39.02819975655366,0.0015140634495761,48,0.9254385964912202,False
220.355, just,0.12000000000000455,67,102.93195160629412,39.52805985237267,0.0013917828910059,-1,0.0,False
220.475, an,0.19999999999998863,67,102.93195160629412,40.656152252781744,0.0016307384939859,-1,0.0,False
220.67499999999998, action.,0.3400000000000034,67,102.93195160629412,40.37521329285112,0.0015699152136221,-1,0.0,False
221.995," Yeah,",0.2400000000000091,68,102.93195160629412,42.56256005486938,0.0018785237334668,49,0.9227941176470655,True
222.235, it's,0.30000000000001137,68,226.4354610254239,44.32768163370725,0.0020678385626524,-1,0.0,False
222.53500000000003, just,0.13999999999998636,68,226.4354610254239,38.85958176557396,0.0014142158906907,-1,0.0,False
222.675," like,",0.0800000000000125,68,226.4354610254239,43.58427798739143,0.0023591946810486,-1,0.0,False
222.75500000000002, oh,0.539999999999992,68,226.4354610254239,42.42498992197466,0.0015914839459579,-1,0.0,False
223.29500000000002, my,0.46000000000000796,68,226.4354610254239,40.62218955944101,0.0015583231579507,50,0.2753164556962067,True
223.75500000000002," god,",0.1799999999999784,68,226.4354610254239,47.23886269495066,0.0031573723535983,50,0.5664556962025439,False
224.335, it's,0.14000000000001478,68,217.05568808888611,54.4503604113883,0.0074378978461027,50,0.9335443037974741,False
224.47500000000002, just,0.03999999999999204,68,217.05568808888611,52.6979550169727,0.0061376742087307,-1,0.0,False
224.51500000000001, like,0.1599999999999966,68,217.05568808888611,52.69172266889446,0.0061180721968412,-1,0.0,False
224.675, all,0.1599999999999966,68,205.40448071628188,44.090111567330496,0.0026368307881074,-1,0.0,False
224.835, you,0.14000000000001478,68,205.40448071628188,55.3411429874738,0.0085527915507555,51,0.06683168316832606,True
224.97500000000002, do,0.3199999999999932,68,141.82325313583866,52.195072089287606,0.0056279595009974,51,0.13613861386140233,False
225.29500000000002, to,0.539999999999992,68,187.9636252219171,49.159878762792665,0.0064152074046471,51,0.2945544554455566,False
225.835, accept,0.5800000000000125,68,170.1761464722882,56.987881491476614,0.0095912273973226,51,0.5618811881188186,False
226.41500000000002, that.,0.19999999999998863,68,172.30025595061082,51.65215243160848,0.0050834398716689,51,0.8490099009901104,False
227.03500000000005," Yeah,",0.47999999999998977,69,158.75058634009886,43.90819614742541,0.0024442153517155,-1,0.0,False
227.59500000000006," yeah,",0.37999999999999545,69,80.06657808277323,42.78672311394316,0.0017285317881036,52,0.3388157894737167,True
228.03500000000005," yeah,",0.0,69,119.90436844223927,46.63384017593047,0.0033239051699624,52,0.6282894736842449,False
228.03500000000005, it's,0.19999999999998863,69,119.90436844223927,46.63384017593047,0.0033239051699624,52,0.6282894736842449,False
228.23500000000004, just,0.12000000000000455,69,180.41264292118493,52.096311357469354,0.0057830433361232,52,0.7598684210526602,False
228.35500000000005, like,0.21999999999999886,69,174.16568830980225,43.45358928661758,0.0027925758622586,52,0.8388157894737167,False
228.57500000000005, satire.,0.6200000000000045,69,170.0388631500615,53.33022492852025,0.007413578685373,52,0.9835526315789809,False
229.39500000000004, But,0.0800000000000125,69,170.0388631500615,42.18221353041622,0.0018078923458233,53,0.7187500000000466,True
229.47500000000005, there's,0.3400000000000034,69,170.0388631500615,42.77213293151107,0.0018422221764925,53,0.8187500000000608,False
229.81500000000005, a,0.09999999999999432,69,170.0388631500615,43.13331109307115,0.001878727111035,-1,0.0,False
229.91500000000005, part,0.13999999999998636,69,170.0388631500615,44.64321047046394,0.0022643825504926,-1,0.0,False
230.05500000000004, two,0.21999999999999886,69,170.0388631500615,41.34255120066394,0.0018138278974207,-1,0.0,False
230.27500000000003, apparently.,0.4800000000000182,69,170.0388631500615,51.401409006875966,0.005086944438517,54,0.03089887640451416,True
229.395, But,0.0800000000000125,70,170.0388631500615,42.18221353041622,0.0018078923458233,53,0.7187500000000111,False
229.47500000000002, there's,0.3400000000000034,70,170.0388631500615,41.05672132221111,0.0018255453323945,53,0.8187500000000253,False
229.81500000000003, a,0.09999999999999432,70,170.0388631500615,43.13331109307115,0.001878727111035,-1,0.0,False
229.91500000000002, part,0.13999999999998636,70,170.0388631500615,45.24556518854245,0.0027280661743121,-1,0.0,False
230.055, two,0.21999999999999886,70,170.0388631500615,42.33831934790287,0.0018859910778701,-1,0.0,False
230.275, apparently.,0.4800000000000182,70,170.0388631500615,51.401409006875966,0.005086944438517,54,0.030898876404498194,False
231.195, I,0.23999999999998067,71,218.6303596513194,44.273587522236305,0.0022521638311441,54,0.5477528089887606,False
231.43499999999997, didn't,0.160000000000025,71,218.6303596513194,45.02358450372342,0.0027302289381623,54,0.6825842696629069,False
231.595, know,0.1799999999999784,71,218.6303596513194,49.127575468258385,0.0039484924636777,54,0.772471910112359,False
231.77499999999998, that.,0.5600000000000023,71,218.6303596513194,41.442235655239216,0.001854075002484,54,0.8735955056179648,False
232.975," Actually,",0.47999999999998977,72,218.6303596513194,37.45851850159905,0.0010060592321678,55,0.02308707124010334,True
233.595," yeah,",0.1599999999999966,72,173.5812127369111,53.982873818283814,0.0067485198378575,55,0.10488126649076374,False
233.815, I,0.0,72,163.12992207339016,51.80747387342818,0.0053777410648765,55,0.1339050131926106,False
233.815, didn't,0.23999999999998067,72,163.12992207339016,51.80747387342818,0.0053777410648765,55,0.1339050131926106,False
234.05499999999998, know,0.12000000000000455,72,163.12992207339016,51.02774889316749,0.0050971009768545,55,0.16556728232189574,False
234.17499999999998, that.,0.1599999999999966,72,177.46916006071817,46.890187578272474,0.003293635323642,55,0.18139841688654015,False
235.09500000000003," No,",0.47999999999998977,73,166.9108354469167,51.504776812222,0.0056114811450241,55,0.3027704485488154,False
236.57500000000002, no.,0.09999999999999432,73,166.9108354469167,42.649083479930916,0.0017962544225156,55,0.4980211081794213,False
236.935, Apparently,0.3400000000000034,74,166.9108354469167,40.74223820421979,0.0016023499192669,55,0.5455145118733509,False
237.275, it's,0.2400000000000091,74,166.9108354469167,40.1543375846118,0.0016632960177958,55,0.5903693931398422,False
237.51500000000001, not,0.1599999999999966,74,166.9108354469167,38.92889357679782,0.001413304824382,55,0.6220316622691311,False
237.675, like,0.21999999999999886,74,166.9108354469167,40.08468883855406,0.0015285083791237,55,0.6431398416886557,False
237.895, Patrick,0.3199999999999932,74,166.9108354469167,39.390514906581735,0.0015297542558982,55,0.6721635883905026,False
238.215, Bacon,0.36000000000001364,74,166.9108354469167,38.60670354885967,0.0013279718114063,55,0.7143799472295519,False
238.57500000000002, though.,0.37999999999999545,74,166.9108354469167,40.10351110392954,0.0013467164244502,55,0.7618733509234852,False
239.315, It's,0.28000000000000114,75,166.9108354469167,37.107987837999936,0.001206486835144,55,0.8594986807387863,False
239.595, like,0.19999999999998863,75,187.37873827943815,40.54339118987301,0.0014318167231974,55,0.8964379947229554,False
239.795, a,0.2599999999999909,75,187.37873827943815,44.8010702846917,0.0025345201138388,55,0.9228232189973603,False
240.05499999999998, girl.,0.7800000000000011,75,187.37873827943815,38.650051765226266,0.0012057746062055,55,0.9571240105540874,False
241.055," Yeah,",0.21999999999999886,76,187.37873827943815,49.313547585608625,0.0038213157095015,56,0.059160305343511785,True
241.275, exactly.,0.5800000000000125,76,187.37873827943815,41.135803636558954,0.0023611725773662,56,0.14312977099236615,False
242.455," Yeah,",0.3400000000000034,77,187.37873827943815,47.657674009293615,0.0033585815690457,56,0.593511450381681,False
243.175, something,0.5999999999999943,77,187.37873827943815,44.816744753864015,0.0023976711090651,56,0.8683206106870236,False
243.775, like,0.18000000000000682,77,187.37873827943815,38.91942391945187,0.0013308039633557,-1,0.0,False
243.955, that.,0.28000000000000114,77,187.37873827943815,47.240657160059286,0.0049218777567148,-1,0.0,False
245.03500000000005, So,0.4399999999999977,78,189.21680063326727,38.677274488993824,0.0012854012893521,57,0.5994318181818479,True
245.47500000000005, do,0.28000000000000114,78,189.21680063326727,40.541820226019176,0.0014840307412684,57,0.8494318181818439,False
245.75500000000005, you,0.1599999999999966,78,189.21680063326727,42.7669637912995,0.0019681947305799,-1,0.0,False
245.91500000000005, have,0.18000000000000682,78,189.21680063326727,40.88991877525774,0.0015167942037798,-1,0.0,False
246.09500000000006, like,0.19999999999998863,78,125.78960204684272,39.37477135396069,0.0012169611873105,-1,0.0,False
246.29500000000004, a,0.13999999999998636,78,125.78960204684272,41.16074457204499,0.0017573140794411,-1,0.0,False
246.43500000000003, favorite,0.3200000000000216,78,125.78960204684272,39.481968995837626,0.00141416490078,-1,0.0,False
246.75500000000005, movie,0.47999999999998977,78,125.78960204684272,41.70928404077095,0.0016584856202819,58,0.022151898734182315,True
247.23500000000004, or,0.4399999999999977,78,125.22679909507671,49.19043126831779,0.0040034963749349,58,0.08291139240506727,False
247.67500000000004, a,0.21999999999999886,78,125.22679909507671,47.4036141259094,0.0032631051726639,58,0.1386075949367127,False
247.89500000000004, show?,2.740000000000009,78,125.22679909507671,46.5004833150032,0.0036404114216534,58,0.16645569620253545,False
250.63500000000005, I,0.12000000000000455,78,187.15553002336785,43.86644949092522,0.0022994766477493,58,0.5132911392405123,False
250.75500000000005, saw,0.9399999999999977,78,187.15553002336785,40.55630114456946,0.0014214196708056,58,0.5284810126582344,False
251.69500000000005, a,0.23999999999998067,78,187.15553002336785,41.23521779315374,0.0016965528484431,58,0.6474683544303863,False
251.93500000000003, favorite,0.160000000000025,78,187.15553002336785,46.6601389877363,0.0028730437625203,58,0.6778481012658271,False
252.09500000000006, movie.,0.5199999999999818,78,187.15553002336785,38.8257347011517,0.0013456868473439,58,0.6981012658227923,False
250.635, I,0.12000000000000455,79,187.15553002336785,44.37270561301073,0.0026733058039088,58,0.5132911392405051,False
250.755, saw,0.9399999999999977,79,187.15553002336785,40.33102398390476,0.0014569126069544,58,0.5284810126582272,False
251.695, a,0.23999999999998067,79,187.15553002336785,42.16269809399644,0.0019692305941126,58,0.6474683544303792,False
251.93499999999997, favorite,0.160000000000025,79,187.15553002336785,46.145397971027535,0.0027698560152202,58,0.6778481012658198,False
252.095, movie.,0.5199999999999818,79,187.15553002336785,39.757611633904645,0.0013081440702081,58,0.6981012658227851,False
253.135, One,0.13999999999998636,80,187.15553002336785,45.870943824806425,0.0030504027381547,58,0.8297468354430376,False
253.27499999999998, of,0.060000000000002274,80,187.15553002336785,51.1554713100071,0.0049642631784081,58,0.8474683544303777,False
253.33499999999998, my,0.09999999999999432,80,187.15553002336785,50.44097913612114,0.004666113294661,58,0.8550632911392388,False
253.43499999999997, favorite,0.2400000000000091,80,185.12132361534623,56.78962004039849,0.0096069956198334,58,0.8677215189873394,False
253.67499999999998," movies,",0.30000000000001137,80,183.42648733692735,51.493833291610294,0.0052366973832234,58,0.8981012658227836,False
254.515, you,0.19999999999998863,80,89.175220872843,50.27090418638654,0.0042508617043483,-1,0.0,False
254.71499999999997, know,0.1599999999999966,80,89.4079446819183,44.056180992939375,0.0019960175268352,-1,0.0,False
254.87499999999997, how,0.20000000000001705,80,89.4079446819183,40.68270218830386,0.0014966871822251,-1,0.0,False
255.075, to,0.07999999999998408,80,89.4079446819183,39.10907879886328,0.001240819110535,-1,0.0,False
255.15499999999997, train,0.30000000000001137,80,89.4079446819183,37.50374455251385,0.0011066192528235,-1,0.0,False
255.45499999999998," you,",0.09999999999999432,80,89.4079446819183,38.8091821481074,0.0014801438665013,59,0.07681564245809455,True
255.635, right?,0.12000000000000455,80,89.4079446819183,39.207692637184365,0.0013904542429374,59,0.12709497206703524,False
256.215," Yeah,",0.21999999999999886,81,89.4079446819183,49.60117442272548,0.0038583264686167,59,0.28910614525138906,False
256.655, yeah.,0.6200000000000045,81,89.4079446819183,42.56914640989609,0.0021389548201102,59,0.4120111731843498,False
257.275, The,0.0800000000000125,81,200.88264922898185,41.05003627282684,0.0016089074779294,59,0.5851955307262513,False
257.355, second,0.37999999999999545,81,200.88264922898185,37.50262205809068,0.0011327143292874,59,0.6075418994413466,False
257.735, one.,0.2400000000000091,81,200.88264922898185,46.29242379430966,0.0032864203676581,59,0.7136871508379939,False
257.275, The,0.0800000000000125,82,200.88264922898185,41.05003627282684,0.0016089074779294,59,0.5851955307262513,False
257.355, second,0.37999999999999545,82,200.88264922898185,37.50262205809068,0.0011327143292874,59,0.6075418994413466,False
257.735, one.,0.2400000000000091,82,200.88264922898185,46.29242379430966,0.0032864203676581,59,0.7136871508379939,False
258.815, Whenever,0.4399999999999977,83,200.88264922898185,40.58420860161778,0.0016897490713745,-1,0.0,False
259.255, the,0.4399999999999977,83,200.88264922898185,50.67666012764029,0.0048499936237931,-1,0.0,False
259.695, conversation,0.3599999999999852,83,188.48277363444825,55.694839948361874,0.0083500621840357,-1,0.0,False
260.05499999999995, comes,0.4399999999999977,83,99.17610877239277,57.195630293353915,0.0108712315559387,-1,0.0,False
260.495," up,",0.20000000000001705,83,215.47194250632353,44.11200130034333,0.0040884078480303,60,0.07812499999998981,True
260.855, I,0.060000000000002274,83,212.16567821997145,60.88842178153538,0.0155647248029708,60,0.453125000000012,False
260.91499999999996, spend,0.12000000000000455,83,212.84498651100705,62.95202013740912,0.0191401168704032,60,0.5156249999999565,False
261.03499999999997, like,0.21999999999999886,83,178.85794074139991,56.35426717354724,0.0095441499725071,60,0.6406249999999638,False
261.255, 30,0.7199999999999989,83,169.70009157857066,50.36951363774287,0.0047824601642787,60,0.8697916666666637,False
261.975, minutes,0.2599999999999909,83,170.4431557860701,49.343544960743245,0.0041164956055581,61,0.05514705882352978,True
262.235, like,0.30000000000001137,83,170.4431557860701,39.741528288840584,0.0012674754252657,61,0.09338235294117576,False
262.53499999999997," onions,",0.3599999999999852,83,124.70339734899052,38.974949742316966,0.0012900093570352,61,0.1374999999999929,False
263.115, my,0.0800000000000125,83,124.70339734899052,47.993463829396845,0.0037610179278999,61,0.2227941176470583,False
263.195," points,",0.3199999999999932,83,124.70339734899052,44.9205581795499,0.0023560561239719,61,0.234558823529409,False
263.595, why,0.09999999999999432,83,121.62153231707973,50.00730424730295,0.0055428296327557,61,0.2933823529411791,False
263.695, is,0.1799999999999784,83,121.96962900927768,39.471037627939694,0.0014123179716989,61,0.3080882352941154,False
263.875, it,0.0800000000000125,83,121.96962900927768,37.83490085674792,0.0010440943296998,61,0.33455882352941063,False
263.955, greatest?,0.28000000000000114,83,121.96962900927768,39.27686400677531,0.0014677854487674,61,0.3463235294117613,False
264.43499999999995, I'm,0.20000000000001705,83,121.96962900927768,39.27663112399757,0.0011737934546545,61,0.41691176470587377,False
264.635, ready,0.12000000000000455,83,121.96962900927768,49.01622378877265,0.0040990100242197,61,0.446323529411763,False
264.755, to,0.21999999999999886,83,121.96962900927768,41.13368239388405,0.0016913582803681,61,0.4639705882352932,False
264.975, film.,0.19999999999998863,83,121.96962900927768,48.982250196173965,0.0039291949942708,61,0.49632352941176805,False
265.315," Okay,",0.3599999999999852,83,121.96962900927768,41.09031498440013,0.0017704596975818,61,0.5463235294117647,False
266.115," yeah,",0.2400000000000091,83,195.06993437085143,38.63760552043682,0.0011568927438929,61,0.6639705882352965,False
266.43499999999995, yeah.,0.28000000000000114,83,195.06993437085143,44.74094471576955,0.0022526246029883,61,0.7110294117646992,False
263.595, why,0.09999999999999432,84,121.62153231707973,50.00730424730295,0.0055428296327557,61,0.2933823529411791,False
263.69500000000005, is,0.1799999999999784,84,121.96962900927768,39.471037627939694,0.0014123179716989,61,0.3080882352941237,False
263.875, it,0.0800000000000125,84,121.96962900927768,37.83490085674792,0.0010440943296998,61,0.33455882352941063,False
263.95500000000004, greatest?,0.28000000000000114,84,121.96962900927768,39.27686400677531,0.0014677854487674,61,0.3463235294117697,False
264.435, I'm,0.20000000000001705,85,121.96962900927768,39.27663112399757,0.0011737934546545,61,0.41691176470588215,False
264.635, ready,0.12000000000000455,85,121.96962900927768,49.01622378877265,0.0040990100242197,61,0.446323529411763,False
264.755, to,0.21999999999999886,85,121.96962900927768,41.13368239388405,0.0016913582803681,61,0.4639705882352932,False
264.975, film.,0.19999999999998863,85,121.96962900927768,48.982250196173965,0.0039291949942708,61,0.49632352941176805,False
265.315," Okay,",0.3599999999999852,86,121.96962900927768,41.09031498440013,0.0017704596975818,61,0.5463235294117647,False
266.115," yeah,",0.2400000000000091,86,195.06993437085143,38.63760552043682,0.0011568927438929,61,0.6639705882352965,False
266.43499999999995, yeah.,0.28000000000000114,86,195.06993437085143,44.74094471576955,0.0022526246029883,61,0.7110294117646992,False
267.415, It's,0.4399999999999977,87,195.06993437085143,42.7510966506288,0.0021424961742013,61,0.8551470588235348,False
267.855," just,",0.1599999999999966,87,188.98075454542064,54.202914003055845,0.0073401811532676,61,0.9198529411764761,False
268.235, I,0.2599999999999909,87,161.40000781487666,47.15393098143305,0.0040234890766441,61,0.9757352941176523,False
268.495, really,0.30000000000001137,87,157.839989582878,47.0171926843712,0.0032522324472665,-1,0.0,False
268.795, respect,0.3199999999999932,87,157.839989582878,46.07671767210437,0.0026970661710947,62,0.07675438596491818,True
269.115, the,0.37999999999999545,87,157.839989582878,43.320573275377555,0.0023384955711662,62,0.21710526315789933,False
269.495, best,0.34000000000003183,87,157.839989582878,49.761757934399704,0.0042225178331136,62,0.383771929824566,False
269.83500000000004, in,0.19999999999998863,87,157.839989582878,45.38132163425778,0.0028579270001493,62,0.5328947368421256,False
270.035, other,0.12000000000000455,87,117.83824515152013,48.64297906032129,0.0036827700678263,62,0.6206140350877357,False
270.15500000000003, segments,0.3599999999999568,87,117.83824515152013,46.28690844586579,0.0031538391485783,62,0.6732456140351067,False
270.515, of,0.20000000000004547,87,117.83824515152013,45.87996306422548,0.0025494354777041,62,0.831140350877195,False
270.71500000000003, the,0.0999999999999659,87,117.83824515152013,40.09533091987837,0.0014394382014858,62,0.91885964912283,False
270.815, dark.,0.18000000000000682,87,117.83824515152013,44.52076542570399,0.0027026119641959,62,0.9627192982456225,False
271.355, Really?,0.4200000000000159,88,117.83824515152013,40.35090060782454,0.002223152667284,-1,0.0,False
272.055, Why?,0.07999999999998408,89,133.01266468611763,48.26059346410758,0.0033456026576459,63,0.7628205128205016,True
272.135, Why?,0.160000000000025,89,133.01266468611763,48.51576621843096,0.0039252457208931,63,0.8653846153845873,False
272.135, Why?,0.160000000000025,90,133.01266468611763,48.51576621843096,0.0039252457208931,63,0.8653846153845873,False
272.65500000000003, Give,0.12000000000000455,91,227.98028650321737,41.0974163649795,0.0017841360531745,-1,0.0,False
272.77500000000003, me,0.18000000000000682,91,198.85602017303353,60.76075197281989,0.0154440291225861,64,0.008899676375405707,True
272.95500000000004, three,0.21999999999997044,91,81.18379978501267,53.98722929257225,0.0069284201599643,64,0.03802588996764006,False
273.175, reasons.,0.4399999999999977,91,176.4807145274283,54.666687081526064,0.0076673021540045,64,0.07362459546925368,False
273.83500000000004," Okay,",0.339999999999975,92,172.18180112405673,45.528670804597795,0.0028108768165076,64,0.18042071197411297,False
274.33500000000004, because,0.17999999999994998,92,124.96380417218327,41.4206604167308,0.0015603501815338,64,0.26132686084142753,False
274.515, it,0.7400000000000091,92,124.96380417218327,39.58421470099661,0.0012519655283542,64,0.2904530744336527,False
275.255, rarely,0.5,92,200.18959632349583,55.04305815132998,0.0070816045626997,64,0.4101941747572797,False
275.755, does,0.6800000000000068,92,185.98329782232548,49.61261689279054,0.0047758775763213,64,0.49110032362459427,False
276.435, a,0.4399999999999977,92,185.98329782232548,41.06624615434161,0.0017028176225721,64,0.6011326860841432,False
276.875, second,0.5200000000000387,92,117.73099208814502,39.67200749897092,0.0013142880052328,64,0.6723300970873797,False
277.39500000000004, movie,0.5600000000000023,92,117.73099208814502,40.60561080129704,0.0015750986058255,64,0.756472491909393,False
277.95500000000004, ever,0.839999999999975,92,126.21333307220335,38.89240601051044,0.0013708648039039,64,0.8470873786407858,False
278.795, live,0.2799999999999727,92,186.6664239765107,47.324966555982925,0.00314721907489,64,0.9830097087378702,False
279.075, up,0.1400000000000432,92,186.6664239765107,39.06535308374896,0.0013889077818021,-1,0.0,False
279.21500000000003, to,0.0999999999999659,92,186.6664239765107,38.72600745624192,0.0011475298088049,-1,0.0,False
279.315, the,0.10000000000002274,92,186.6664239765107,38.19842846624635,0.0010839221067726,-1,0.0,False
279.415, first,0.2799999999999727,92,186.6664239765107,37.75988498771373,0.0009899820433929,-1,0.0,False
279.695, one.,0.18000000000000682,92,183.8166597518313,52.9066182459952,0.0067294794134795,65,0.1337209302325666,True
280.055," Okay,",0.13999999999998636,92,169.3840820482109,50.99336949609511,0.0054333838634192,65,0.5523255813953665,False
280.27500000000003, good,0.15999999999996817,92,125.2344975468863,48.794421667478005,0.0042469594627553,65,0.8081395348837663,False
280.435, point.,0.19999999999998863,92,170.75995236170024,53.28555292868602,0.0080045601353049,65,0.9941860465116333,False
280.055," Okay,",0.13999999999998636,93,169.3840820482109,50.99336949609511,0.0054333838634192,65,0.5523255813953665,False
280.27500000000003, good,0.15999999999996817,93,125.2344975468863,48.794421667478005,0.0042469594627553,65,0.8081395348837663,False
280.435, point.,0.19999999999998863,93,170.75995236170024,53.28555292868602,0.0080045601353049,65,0.9941860465116333,False
280.855, This,0.0,94,170.75995236170024,40.25522771593998,0.0014582494040951,-1,0.0,False
280.855, one,0.0,94,170.75995236170024,40.25522771593998,0.0014582494040951,-1,0.0,False
280.855, below,0.30000000000001137,94,170.75995236170024,40.25522771593998,0.0014582494040951,-1,0.0,False
281.15500000000003, is,0.19999999999998863,94,170.75995236170024,42.12477322151837,0.0017469215672465,-1,0.0,False
281.355, the,0.10000000000002274,94,170.75995236170024,38.293641777119035,0.0011460736859589,-1,0.0,False
281.45500000000004, outer,0.0999999999999659,94,170.75995236170024,45.042677915689936,0.0023501073010253,-1,0.0,False
281.555," port,",0.28000000000002956,94,170.75995236170024,42.68335225965301,0.0019147668499499,-1,0.0,False
282.135, it,0.060000000000002274,94,170.75995236170024,44.44734051810737,0.0022817149292677,-1,0.0,False
282.195, makes,0.2400000000000091,94,170.75995236170024,44.629151501975045,0.0024242945946753,-1,0.0,False
282.435, it,0.12000000000000455,94,116.52799061870408,39.169800801077976,0.0014658876461908,-1,0.0,False
282.555, so,0.160000000000025,94,116.52799061870408,44.68312826753625,0.0024983196053653,-1,0.0,False
282.71500000000003, bigger.,0.4199999999999591,94,116.52799061870408,40.43385719320372,0.0015045085456226,-1,0.0,False
283.69500000000005, Expandes,0.45999999999997954,95,116.52799061870408,38.76803890125741,0.0011884508421644,66,0.041443850267388116,True
284.15500000000003, the,0.03999999999996362,95,116.52799061870408,47.42521943938792,0.0037154897581733,66,0.16443850267380133,False
284.195, universe.,0.28000000000002956,95,116.52799061870408,40.1699531695845,0.001753261545673,66,0.17513368983956715,False
284.95500000000004," Yeah,",0.19999999999998863,96,117.2838904189041,43.1179744247313,0.0021714738104478,66,0.37834224598931515,False
285.295, yeah.,0.2400000000000091,96,117.2838904189041,51.08526599311401,0.0046507543884217,66,0.46925133689840054,False
285.595," Yeah,",0.13999999999998636,96,117.2838904189041,38.28806167937104,0.0013334259856487,66,0.5494652406417201,False
285.735, it,0.13999999999998636,96,117.2838904189041,38.93317139238482,0.0014359288616105,66,0.5868983957219309,False
285.875, gives,0.10000000000002274,96,117.2838904189041,40.31666384780189,0.0015055024996399,66,0.6243315508021416,False
285.975, us,0.13999999999998636,96,117.2838904189041,39.98002926541467,0.0014132611686363,66,0.6510695187165866,False
286.115, like,0.18000000000000682,96,117.2838904189041,39.97677515151719,0.0013581779785454,66,0.6885026737967973,False
286.295, good,0.6999999999999886,96,117.2838904189041,40.40567055563137,0.0014214919647201,66,0.736631016042789,False
286.995," story,",0.5,96,230.5838186520856,46.23797326494437,0.0030051057692617,66,0.923796791443858,False
287.755, good,0.6200000000000045,96,230.5838186520856,38.51112188756744,0.0012032435042783,-1,0.0,False
288.375," action,",0.4000000000000341,96,229.9853437492831,57.01668888822811,0.010773379355669,67,0.1352272727272667,True
289.235, and,0.2400000000000091,96,103.71852484187548,44.39680729665773,0.002585066249594,67,0.3306818181818163,False
289.475, a,0.12000000000000455,96,207.34647383093449,42.9162418882036,0.0022635739296674,67,0.38522727272727314,False
289.595, built,0.2599999999999909,96,207.34647383093449,41.60679361634067,0.0016539479838678,67,0.4125000000000016,False
289.855,-up,0.2599999999999909,96,207.34647383093449,43.15655679379442,0.0021432561334222,67,0.47159090909090895,False
290.115, world,0.19999999999998863,96,217.34698818593503,57.3241128529272,0.0108015462756156,67,0.5306818181818163,False
290.315, of,0.22000000000002728,96,209.7476368812665,49.77683635623104,0.0052821426652371,67,0.5761363636363593,False
290.535, third,0.2599999999999909,96,215.4257962027326,50.32736416728795,0.0045959339477144,67,0.6261363636363658,False
290.795, movie.,0.339999999999975,96,215.4257962027326,39.76060057871871,0.0013152468018233,67,0.6852272727272731,False
285.595," Yeah,",0.13999999999998636,97,117.2838904189041,38.28806167937104,0.0013334259856487,66,0.5494652406417201,False
285.735, it,0.13999999999998636,97,117.2838904189041,38.93317139238482,0.0014359288616105,66,0.5868983957219309,False
285.875, gives,0.10000000000002274,97,117.2838904189041,40.31666384780189,0.0015055024996399,66,0.6243315508021416,False
285.975, us,0.13999999999998636,97,117.2838904189041,39.98002926541467,0.0014132611686363,66,0.6510695187165866,False
286.115, like,0.18000000000000682,97,117.2838904189041,39.97677515151719,0.0013581779785454,66,0.6885026737967973,False
286.295, good,0.6999999999999886,97,117.2838904189041,40.40567055563137,0.0014214919647201,66,0.736631016042789,False
286.995," story,",0.5,97,230.5838186520856,46.23797326494437,0.0030051057692617,66,0.923796791443858,False
287.755, good,0.6200000000000045,97,230.5838186520856,38.51112188756744,0.0012032435042783,-1,0.0,False
288.375," action,",0.4000000000000341,97,229.9853437492831,57.01668888822811,0.010773379355669,67,0.1352272727272667,False
289.235, and,0.2400000000000091,97,103.71852484187548,44.39680729665773,0.002585066249594,67,0.3306818181818163,False
289.475, a,0.12000000000000455,97,207.34647383093449,42.9162418882036,0.0022635739296674,67,0.38522727272727314,False
289.595, built,0.2599999999999909,97,207.34647383093449,41.60679361634067,0.0016539479838678,67,0.4125000000000016,False
289.855,-up,0.2599999999999909,97,207.34647383093449,43.15655679379442,0.0021432561334222,67,0.47159090909090895,False
290.115, world,0.19999999999998863,97,217.34698818593503,57.3241128529272,0.0108015462756156,67,0.5306818181818163,False
290.315, of,0.22000000000002728,97,209.7476368812665,49.77683635623104,0.0052821426652371,67,0.5761363636363593,False
290.535, third,0.2599999999999909,97,215.4257962027326,50.32736416728795,0.0045959339477144,67,0.6261363636363658,False
290.795, movie.,0.339999999999975,97,215.4257962027326,39.76060057871871,0.0013152468018233,67,0.6852272727272731,False
291.815," Okay,",0.28000000000002956,98,215.4257962027326,40.09479752986713,0.0013521967921406,67,0.917045454545452,False
292.33500000000004, okay.,0.339999999999975,98,215.4257962027326,41.64603490966806,0.0018458580598234,-1,0.0,False
295.77500000000003, The,0.45999999999997954,99,169.8796364014043,44.7035179462716,0.0026454471517331,-1,0.0,False
296.235, only,0.12000000000000455,99,160.56985059500357,56.37425486013805,0.0089484713971614,70,0.473958333333358,True
296.355, thing,0.15999999999996817,99,154.12958463527298,53.392360906608104,0.0065627563744783,70,0.598958333333358,False
296.515, that,0.1400000000000432,99,160.0394660412399,52.83578173834311,0.0057407454587555,70,0.7656249999999852,False
296.65500000000003, I've,0.37999999999999545,99,156.19170909727015,55.9612931457708,0.0088987126946445,70,0.911458333333358,False
297.035, noticed,0.12000000000000455,99,132.42541548841095,37.6711943691608,0.0011407152051117,-1,0.0,False
297.15500000000003, now,0.21999999999997044,99,78.70705709272079,60.74292103151015,0.0178120508790184,71,0.013157894736851665,True
297.375, maybe,0.30000000000001137,99,203.0298238093725,61.27299628403392,0.0164947565644979,71,0.09586466165413478,False
297.675, is,0.8199999999999932,99,198.6687573456436,62.33349649579061,0.0181425288319587,71,0.20864661654135844,False
298.495, interdispyterverse.,1.0199999999999818,99,166.64169898208138,56.66327920674066,0.0095885945484042,71,0.5169172932330889,False
300.01500000000004, I,0.45999999999997954,100,160.03953644251823,43.68832213210871,0.0020438162609953,-1,0.0,False
300.475, don't,0.12000000000000455,100,160.03953644251823,40.341270722813746,0.0013636479852721,-1,0.0,False
300.595, know,0.15999999999996817,100,160.03953644251823,45.745440240009856,0.0027453803922956,-1,0.0,False
300.755, that,0.160000000000025,100,160.03953644251823,47.596159700066686,0.0031294685322791,-1,0.0,False
300.915, one.,0.15999999999996817,100,160.03953644251823,44.60597967496851,0.0025101064238697,72,0.049270072992717996,True
301.075," No,",0.2400000000000091,100,160.03953644251823,50.06004597198194,0.0042081628926098,72,0.10766423357664778,False
301.315, it's,0.1400000000000432,100,183.30832302767917,48.06443290408966,0.003537451615557,72,0.19525547445256322,False
301.45500000000004, interdispyterverse.,0.6999999999999886,100,183.30832302767917,47.75618431766946,0.003284013364463,72,0.24635036496352772,False
302.15500000000003," No,",0.15999999999996817,100,183.30832302767917,38.45034713142497,0.001399811473675,72,0.5018248175182672,False
302.45500000000004, what,0.07999999999998408,100,183.30832302767917,44.230734021206345,0.0021679110359406,72,0.6113138686131615,False
302.535, is,0.13999999999998636,100,183.30832302767917,46.06702429037176,0.0024192347191271,72,0.6405109489051265,False
302.675, it?,0.3199999999999932,100,193.90827441906848,59.4800547974277,0.0130270486697554,72,0.6916058394160702,False
303.075, It's,0.060000000000002274,100,168.44138194608007,50.81719549809587,0.0050672800280153,72,0.8375912408759154,False
303.135, like,0.10000000000002274,100,187.9740754848473,47.36635705292835,0.0034046210348606,72,0.8594890510948943,False
303.235, an,0.18000000000000682,100,187.9740754848473,49.050535796510005,0.0046111904084682,72,0.8959854014598659,False
303.415, interdispyterverse.,1.0,100,183.46651306512996,42.96474726398564,0.0020588871557265,72,0.9616788321168026,False
301.075," No,",0.2400000000000091,101,160.03953644251823,50.06004597198194,0.0042081628926098,72,0.10766423357664778,False
301.315, it's,0.1400000000000432,101,183.30832302767917,48.06443290408966,0.003537451615557,72,0.19525547445256322,False
301.45500000000004, interdispyterverse.,0.6999999999999886,101,183.30832302767917,47.75618431766946,0.003284013364463,72,0.24635036496352772,False
302.15500000000003," No,",0.15999999999996817,102,183.30832302767917,38.45034713142497,0.001399811473675,72,0.5018248175182672,False
302.45500000000004, what,0.07999999999998408,102,183.30832302767917,44.230734021206345,0.0021679110359406,72,0.6113138686131615,False
302.535, is,0.13999999999998636,102,183.30832302767917,46.06702429037176,0.0024192347191271,72,0.6405109489051265,False
302.675, it?,0.3199999999999932,102,193.90827441906848,59.4800547974277,0.0130270486697554,72,0.6916058394160702,False
303.075, It's,0.060000000000002274,103,168.44138194608007,50.81719549809587,0.0050672800280153,72,0.8375912408759154,False
303.135, like,0.10000000000002274,103,187.9740754848473,47.36635705292835,0.0034046210348606,72,0.8594890510948943,False
303.235, an,0.18000000000000682,103,187.9740754848473,49.050535796510005,0.0046111904084682,72,0.8959854014598659,False
303.415, interdispyterverse.,1.0,103,183.46651306512996,42.96474726398564,0.0020588871557265,72,0.9616788321168026,False
304.855, It's,0.36000000000001364,104,181.31608630292317,45.96874691869888,0.0028822973836213,73,0.2912234042553271,True
305.21500000000003, one,0.01999999999998181,104,181.3677983400348,56.02975019034788,0.0090516600757809,73,0.3869680851063948,False
305.235, of,0.13999999999998636,104,180.71284069834203,55.52302511801395,0.0085317967459559,73,0.39228723404256016,False
305.375, the,0.18000000000000682,104,179.64300322035754,55.639200783482785,0.0089256605133414,73,0.4295212765957481,False
305.555, miles,0.13999999999998636,104,198.17215256833856,47.533078769905714,0.0042129377834498,73,0.47739361702128197,False
305.695, more,0.2400000000000091,104,188.91853036049187,47.08884474272139,0.0035432078875601,73,0.51462765957447,False
305.935, on,0.160000000000025,104,189.0847130432124,41.96958205363639,0.0020093594212085,73,0.5784574468085151,False
306.095, this.,0.18000000000000682,104,181.28570068082183,54.891673934627086,0.0077339829877018,73,0.6210106382978835,False
306.675," No,",0.30000000000001137,105,161.32324201307492,57.43700678060866,0.0101661384105682,73,0.7752659574468158,False
307.115, I,0.07999999999998408,105,161.0055632602635,53.67311576057512,0.0068433796986937,73,0.8922872340425602,False
307.195, don't,0.12000000000000455,105,163.5109867989208,49.90411414370637,0.004665957763791,73,0.9135638297872368,False
307.315, know.,0.22000000000002728,105,173.0315962458186,47.01083485994076,0.0026855857577174,73,0.9454787234042594,False
308.015," No,",0.36000000000001364,106,145.7427936288193,53.584038702516374,0.0068295611999946,74,0.22169811320755953,True
308.65500000000003, no.,0.3199999999999932,106,180.1690334934713,58.218563878962485,0.0112280994653665,74,0.8254716981132593,False
309.355, I,0.12000000000000455,107,171.76039273094787,40.54671342801926,0.0015318578807637,-1,0.0,False
309.475, don't,1.6999999999999886,107,171.76039273094787,41.91518623925306,0.0017060642130672,-1,0.0,False
311.175, know,0.18000000000000682,107,169.3572152610378,43.9500593763077,0.0023752392735332,75,0.2380514705882383,True
311.355, much,0.2599999999999909,107,169.3572152610378,45.57957248230825,0.0026017422787845,75,0.27113970588235725,False
311.615, comics.,0.39999999999997726,107,169.3572152610378,41.23705794495945,0.0018051012884825,75,0.3189338235294144,False
313.015, You,0.1400000000000432,108,178.1540838168454,43.75890778795966,0.0023958534002282,75,0.5762867647058809,False
313.15500000000003, gotta,0.12000000000000455,108,178.1540838168454,47.436994007777386,0.0031408218201244,75,0.602022058823536,False
313.27500000000003, watch,0.5,108,178.1540838168454,44.63355740637081,0.002595108700915,75,0.6240808823529486,False
313.77500000000003, it,0.23999999999995225,108,172.15591404969393,56.79510668361286,0.0102294394746392,75,0.7159926470588309,False
314.015, interdispyterverse.,0.7400000000000091,108,96.27890465503856,54.76672861135346,0.007913952693345,75,0.7601102941176457,False
314.815," Okay,",0.30000000000001137,108,100.15646512140351,38.43042757894195,0.0012935310369357,75,0.9071691176470597,False
315.45500000000004, okay.,0.2999999999999545,108,229.7686911749641,38.6831482023783,0.0013815100537606,-1,0.0,False
314.815," Okay,",0.30000000000001137,109,100.15646512140351,38.43042757894195,0.0012935310369357,75,0.9071691176470597,False
315.45500000000004, okay.,0.2999999999999545,109,229.7686911749641,38.6831482023783,0.0013815100537606,-1,0.0,False
315.995, Is,0.12000000000000455,110,233.13226383934148,59.76005788242971,0.0127794900909066,76,0.020175438596492862,True
316.115, that,0.160000000000025,110,208.54023840896485,61.80601936883929,0.0164041649550199,76,0.04122807017544107,False
316.27500000000003, the,0.13999999999998636,110,189.96855069366143,62.58489345326491,0.0182767845690299,76,0.069298245614042,False
316.415, one,0.12000000000000455,110,174.59804334613432,59.68853111829773,0.0131609309464693,76,0.0938596491228116,False
316.535, where,0.18000000000000682,110,173.77900349017028,54.70716545467321,0.0079626226797749,76,0.1149122807017598,False
316.71500000000003, all,0.13999999999998636,110,159.19918749803247,55.545793257965315,0.0081945648416905,76,0.1464912280701821,False
316.855, the,0.10000000000002274,110,176.39372437291792,52.01456193570753,0.0057592680677771,76,0.1710526315789517,False
316.95500000000004, spider,0.2999999999999545,110,176.41900879098503,48.038116281127714,0.0044520073570382,76,0.18859649122807853,False
317.255,-man,0.18000000000000682,110,79.65369943932058,54.39913049217704,0.006965210661292,76,0.24122807017543907,False
317.435, memes,0.28000000000002956,110,177.85552022936776,56.091242030723905,0.0086851520463824,76,0.2728070175438614,False
317.71500000000003, are,0.13999999999998636,110,181.20635341102593,58.827674533641186,0.0119622061029045,76,0.32192982456141056,False
317.855, coming,0.21999999999997044,110,169.7629906040033,54.24062715863427,0.0068423352204263,76,0.3464912280701801,False
318.075, from,0.20000000000004547,110,166.2135454583675,46.382818056540295,0.0036003156565129,76,0.3850877192982452,False
318.27500000000003, with,0.19999999999998863,110,179.7841934833969,50.584641629876586,0.0073027079925095,76,0.42017543859649886,False
318.475, three,0.18000000000000682,110,168.0599263661162,53.93453681991919,0.007292449939996,76,0.45526315789474253,False
318.65500000000003, of,0.13999999999998636,110,155.4531831658624,55.49380760492273,0.008146256208414,76,0.48684210526316485,False
318.795, them,0.13999999999998636,110,135.0082205170143,49.1670717559289,0.0044927857816219,76,0.5114035087719344,False
318.935, pointing,0.22000000000002728,110,170.6005481883413,57.94878115576753,0.0107157537713646,76,0.535964912280704,False
319.15500000000003, at,0.19999999999998863,110,180.0994690954068,49.92503198875877,0.0062424675561608,76,0.574561403508779,False
319.355, each,0.18000000000000682,110,158.89876831516344,47.15782254045869,0.0032256313133984,76,0.6096491228070228,False
319.535, other?,0.21999999999997044,110,158.89876831516344,48.20637492607752,0.0041460935026414,76,0.641228070175445,False
320.015," Yeah,",0.160000000000025,111,156.24066936449873,55.68413630190474,0.0085375169292066,76,0.7254385964912279,False
320.21500000000003," yeah,",0.3599999999999568,111,159.21813030764798,56.42943416505528,0.0093635432422134,76,0.7605263157894816,False
320.575, yeah.,0.160000000000025,111,133.6627902483162,52.25359533050831,0.0058386009186506,76,0.8236842105263162,False
320.755, Okay.,0.3199999999999932,111,97.545866581663,46.225454651753,0.0027115999255329,76,0.8552631578947385,False
320.755, Okay.,0.3199999999999932,112,97.545866581663,46.225454651753,0.0027115999255329,76,0.8552631578947385,False
322.115, The,0.01999999999998181,113,174.7996535594888,52.64143793703424,0.0059918626211583,77,0.09615384615385277,True
322.135, second,0.34000000000003183,113,174.7996535594888,51.16859600200336,0.0049151889979839,77,0.10714285714285379,False
322.475, one,0.2599999999999909,113,114.46479826605984,49.534292789610845,0.0041306810453534,77,0.2939560439560588,False
322.735, of,0.12000000000000455,113,171.44092288995307,51.41138430201387,0.00554477609694,77,0.4368131868131972,False
322.855, the,0.07999999999998408,113,171.44092288995307,42.74670614860721,0.0037971446290612,77,0.5027472527472658,False
322.935, coming,0.30000000000001137,113,169.03071161807196,52.88636847814555,0.0067267990671098,77,0.5467032967033012,False
323.235, up,0.13999999999998636,113,170.3992527813785,45.336838321559206,0.0046801036223769,77,0.711538461538473,False
323.375, this,0.2599999999999909,113,170.3992527813785,51.78827277555029,0.0056317276321351,77,0.7884615384615427,False
323.635," year,",0.22000000000002728,113,217.84201310933796,46.07360973918342,0.0029763497877866,77,0.931318681318681,False
324.075, is,0.4000000000000341,113,254.87056446161293,66.94841481163644,0.0309275668114423,-1,0.0,False
324.475, it,0.060000000000002274,113,238.94652312083377,46.748150925555166,0.0045484243892133,-1,0.0,False
324.535, the,0.12000000000000455,113,238.07175492334915,44.427179141941,0.0024320343509299,-1,0.0,False
324.65500000000003, worst,0.18000000000000682,113,238.07175492334915,41.95316452283218,0.0018104023765769,-1,0.0,False
324.83500000000004, of,0.13999999999998636,113,238.07175492334915,42.10866440384058,0.0017550105694674,-1,0.0,False
324.975, the,0.060000000000002274,113,238.07175492334915,41.85704572667544,0.0016490959096699,78,0.09693877551023013,True
325.035, rest,0.0999999999999659,113,238.07175492334915,41.474502457051635,0.0016595383640395,78,0.1581632653061497,False
325.135, of,0.10000000000002274,113,238.07175492334915,37.567362197758264,0.0011200354201719,78,0.2602040816326436,False
325.235, the,0.160000000000025,113,238.07175492334915,45.49123880293036,0.0026557920500636,78,0.3622448979591955,False
325.39500000000004, rest?,0.15999999999996817,113,187.04361007008075,46.70513421480874,0.0031531581189455,78,0.5255102040816669,False
325.595," Okay,",0.36000000000001364,113,187.04361007008075,45.66335710667286,0.0028694225475167,78,0.7295918367347128,False
325.975, okay.,0.30000000000001137,113,187.04361007008075,43.32142379845325,0.0019984061364084,-1,0.0,False
326.27500000000003, That,0.3199999999999932,113,185.5459561324004,55.13951345726392,0.0077089173719299,-1,0.0,False
326.595, wasn't,0.2400000000000091,113,181.8887895949614,54.65315449638282,0.0077220308594403,-1,0.0,False
326.83500000000004, my,0.15999999999996817,113,180.78931496810756,54.32575223887686,0.0075084525160474,-1,0.0,False
326.995, thing,0.13999999999998636,113,179.48139736823032,52.41918832172241,0.006014316342771,-1,0.0,False
327.135, to,0.20000000000004547,113,179.49912813777013,53.673716664651536,0.0067868884652853,-1,0.0,False
327.33500000000004, do,0.060000000000002274,113,179.49912813777013,49.64073697876056,0.0041868845000853,-1,0.0,False
327.39500000000004, right?,0.15999999999996817,113,179.49912813777013,47.79637428886367,0.0035919311922039,-1,0.0,False
325.595," Okay,",0.36000000000001364,114,187.04361007008075,45.66335710667286,0.0028694225475167,78,0.7295918367347128,False
325.975, okay.,0.30000000000001137,114,187.04361007008075,43.32142379845325,0.0019984061364084,-1,0.0,False
326.27500000000003, That,0.3199999999999932,115,185.5459561324004,55.13951345726392,0.0077089173719299,-1,0.0,False
326.595, wasn't,0.2400000000000091,115,181.8887895949614,54.65315449638282,0.0077220308594403,-1,0.0,False
326.83500000000004, my,0.15999999999996817,115,180.78931496810756,54.32575223887686,0.0075084525160474,-1,0.0,False
326.995, thing,0.13999999999998636,115,179.48139736823032,52.41918832172241,0.006014316342771,-1,0.0,False
327.135, to,0.20000000000004547,115,179.49912813777013,53.673716664651536,0.0067868884652853,-1,0.0,False
327.33500000000004, do,0.060000000000002274,115,179.49912813777013,49.64073697876056,0.0041868845000853,-1,0.0,False
327.39500000000004, right?,0.15999999999996817,115,179.49912813777013,47.79637428886367,0.0035919311922039,-1,0.0,False
328.115," Okay,",0.39999999999997726,116,181.08603201158184,38.922536322572704,0.0012387800961732,-1,0.0,False
328.615," okay,",0.160000000000025,116,181.08603201158184,38.04648890794404,0.0010861323680728,-1,0.0,False
328.915, okay.,0.01999999999998181,116,170.09349335593322,57.30785307846986,0.0104699069634079,-1,0.0,False
328.975, I,0.0,116,167.91997780844216,57.97075792198331,0.0107326414436101,-1,0.0,False
328.975, really,0.2400000000000091,116,167.91997780844216,57.97075792198331,0.0107326414436101,-1,0.0,False
329.21500000000003, will,0.2400000000000091,116,80.09946949140553,52.83673129645347,0.0058621456846596,-1,0.0,False
329.45500000000004, because,0.2999999999999545,116,88.57010518368105,40.78964238463091,0.0014443282270799,-1,0.0,False
329.755, then,0.22000000000002728,116,182.02692895126583,40.9562259997493,0.0015378169482573,-1,0.0,False
329.975, when,0.13999999999998636,116,225.6150439784342,58.30558981781631,0.0114708729088306,-1,0.0,False
330.115, people,0.18000000000000682,116,241.22168635276128,55.9444337869588,0.0088759148493409,-1,0.0,False
330.295, talk,0.30000000000001137,116,241.0266625172948,38.7501038174661,0.0012763619888573,-1,0.0,False
330.595, about,0.2599999999999909,116,241.0266625172948,38.774222880169205,0.001285213511438,-1,0.0,False
330.855, it,0.18000000000000682,116,241.0266625172948,50.487536619289,0.004632172640413,-1,0.0,False
331.035, because,0.15999999999996817,116,235.6049998913261,44.6565585527577,0.0024101200979199,79,0.1223404255318718,True
331.195, apparently,0.36000000000001364,116,235.6049998913261,40.36754869986356,0.0015016283141449,79,0.2925531914892955,False
331.555, they're,0.7400000000000091,116,235.6049998913261,53.91401010176545,0.0070195165462791,79,0.6755319148935894,False
332.295, talking,0.30000000000001137,116,192.3991584709469,56.646636397411626,0.0092708561569452,-1,0.0,False
332.595, about,0.2799999999999727,116,296.2062166303897,59.149148014956765,0.0126840975135553,80,0.38194444444447734,True
332.875, it,0.13999999999998636,116,254.6175015459316,58.05666315522448,0.0113771902397274,80,0.7708333333333136,False
333.015, now.,0.20000000000004547,116,239.86731669113763,56.28514502010539,0.0091502517461769,80,0.9652777777777317,False
333.415, Exactly.,0.39999999999997726,116,222.2805310721318,47.96445450042755,0.0034125230740755,-1,0.0,False
328.975, I,0.0,117,167.91997780844216,57.97075792198331,0.0107326414436101,-1,0.0,False
328.975, really,0.2400000000000091,117,167.91997780844216,57.97075792198331,0.0107326414436101,-1,0.0,False
329.21500000000003, will,0.2400000000000091,117,80.09946949140553,52.83673129645347,0.0058621456846596,-1,0.0,False
329.45500000000004, because,0.2999999999999545,117,88.57010518368105,40.78964238463091,0.0014443282270799,-1,0.0,False
329.755, then,0.22000000000002728,117,182.02692895126583,40.9562259997493,0.0015378169482573,-1,0.0,False
329.975, when,0.13999999999998636,117,225.6150439784342,58.30558981781631,0.0114708729088306,-1,0.0,False
330.115, people,0.18000000000000682,117,241.22168635276128,55.9444337869588,0.0088759148493409,-1,0.0,False
330.295, talk,0.30000000000001137,117,241.0266625172948,38.7501038174661,0.0012763619888573,-1,0.0,False
330.595, about,0.2599999999999909,117,241.0266625172948,38.774222880169205,0.001285213511438,-1,0.0,False
330.855, it,0.18000000000000682,117,241.0266625172948,50.487536619289,0.004632172640413,-1,0.0,False
331.035, because,0.15999999999996817,117,235.6049998913261,44.6565585527577,0.0024101200979199,79,0.1223404255318718,False
331.195, apparently,0.36000000000001364,117,235.6049998913261,40.36754869986356,0.0015016283141449,79,0.2925531914892955,False
331.555, they're,0.7400000000000091,117,235.6049998913261,53.91401010176545,0.0070195165462791,79,0.6755319148935894,False
332.295, talking,0.30000000000001137,117,192.3991584709469,56.646636397411626,0.0092708561569452,-1,0.0,False
332.595, about,0.2799999999999727,117,296.2062166303897,59.149148014956765,0.0126840975135553,80,0.38194444444447734,False
332.875, it,0.13999999999998636,117,254.6175015459316,58.05666315522448,0.0113771902397274,80,0.7708333333333136,False
333.015, now.,0.20000000000004547,117,239.86731669113763,56.28514502010539,0.0091502517461769,80,0.9652777777777317,False
333.415, Exactly.,0.39999999999997726,118,222.2805310721318,47.96445450042755,0.0034125230740755,-1,0.0,False
334.175," Okay,",0.37999999999999545,119,222.2805310721318,44.95263455072765,0.0026865759864449,81,0.3901515151515068,True
334.755, all,0.10000000000002274,119,189.67265464234305,42.70841332575259,0.0019888991955667,81,0.8295454545454365,False
334.855, right.,0.10000000000002274,119,189.67265464234305,40.53912062394435,0.001490970258601,81,0.9053030303030298,False
335.095, Thank,0.0999999999999659,119,189.67265464234305,37.75871970139549,0.0011926252627741,-1,0.0,False
335.195, you,0.1400000000000432,119,189.67265464234305,37.199298479395,0.0010802303440868,-1,0.0,False
335.33500000000004, so,0.19999999999998863,119,189.67265464234305,41.50876881174552,0.0015122139593587,-1,0.0,False
335.535, much.,0.45999999999997954,119,189.67265464234305,39.92723692250641,0.0013860659673802,-1,0.0,False
335.095, Thank,0.0999999999999659,120,189.67265464234305,37.75871970139549,0.0011926252627741,-1,0.0,False
335.195, you,0.1400000000000432,120,189.67265464234305,37.199298479395,0.0010802303440868,-1,0.0,False
335.33500000000004, so,0.19999999999998863,120,189.67265464234305,41.50876881174552,0.0015122139593587,-1,0.0,False
335.535, much.,0.45999999999997954,120,189.67265464234305,39.92723692250641,0.0013860659673802,-1,0.0,False
337.115, You,0.39999999999997726,121,160.5936519680224,54.30194161658089,0.0078044426627457,82,0.09182847896440088,True
337.515, have,0.060000000000002274,121,181.82721799262552,50.91051058315573,0.0051405536942247,82,0.12419093851132472,False
337.575, a,0.08000000000004093,121,178.42626301672345,55.92222692656762,0.0086307032033809,82,0.12904530744336376,False
337.65500000000003, second,0.13999999999998636,121,182.2826991878072,56.558787130236055,0.0093046966940191,82,0.1355177993527522,False
337.795, minute?,0.30000000000001137,121,165.7688685891592,56.326850494351326,0.0093474145978689,82,0.14684466019417508,False
340.89500000000004, No.,0.39999999999997726,122,193.467946130784,56.77825563250885,0.0096913212910302,82,0.39765372168285096,False
343.1550000000001, I,0.39999999999997726,123,185.6494068201397,56.98797617863853,0.0095454482361674,82,0.5805016181229848,False
343.55500000000006, don't,0.39999999999997726,123,169.62593602193903,52.989664550963155,0.0064187156967818,82,0.6128640776699087,False
343.95500000000004, know.,0.13999999999998636,123,163.03510280132778,41.82384659071802,0.0018411446362729,82,0.6452265372168325,False
344.555, Not,0.12000000000000455,124,77.66334203623816,51.86844203878409,0.0059573194012045,82,0.6937702265372183,False
344.675, like,0.28000000000002956,124,78.8416578696553,38.71445312919806,0.0014521164121106,82,0.7034789644012964,False
344.95500000000004, a...,0.3199999999999932,124,78.8416578696553,39.02618902732931,0.0012338465312512,82,0.7261326860841468,False
345.89500000000004, It's,0.2999999999999545,125,119.7881330809003,50.601276765676715,0.0048387991264497,82,0.802184466019422,False
346.195, simply,0.10000000000002274,125,198.44722347837265,43.407418818957694,0.0024474852252751,82,0.8264563106796126,False
346.295, a,0.2400000000000091,125,190.58153232020092,53.82649354505743,0.0075002694502472,82,0.8345469255663458,False
346.535, good,0.15999999999996817,125,187.30770818756076,40.53483477354963,0.0013868047390127,82,0.8539644012945019,False
346.695, idea,0.22000000000002728,125,183.79947076443355,39.69214820928575,0.0011415578192099,82,0.8669093851132696,False
346.915, to,0.30000000000001137,125,171.80287446787824,40.22586261906686,0.0015556321013718,82,0.884708737864081,False
347.21500000000003, watch.,0.0,125,170.6679972466849,56.26671235729709,0.0089703863486647,82,0.9089805825242762,False
348.21500000000003, It's,0.39999999999997726,126,89.76416544506796,52.02223348963707,0.005163720808921,82,0.9898867313915903,False
348.615, always,0.10000000000002274,126,165.9455962282481,52.65211393770297,0.0063815787434577,-1,0.0,False
348.71500000000003, such,0.19999999999998863,126,157.1112103036075,54.79655536188888,0.0076099648140372,-1,0.0,False
348.915, a,0.060000000000002274,126,151.42556583114387,47.29422336623884,0.0036350244190543,-1,0.0,False
348.975, hard,0.18000000000000682,126,151.42556583114387,47.138559891746176,0.0031369405332952,-1,0.0,False
349.15500000000003, question.,0.339999999999975,126,151.42556583114387,38.69309058883036,0.0012326095020396,-1,0.0,False
349.635, I,0.160000000000025,126,263.28492521531155,39.807247004190415,0.0012485820334404,-1,0.0,False
349.795, know,0.13999999999998636,126,263.28492521531155,40.0168364468891,0.0014581566210836,83,0.02844311377246299,True
349.935, I,0.13999999999998636,126,263.28492521531155,38.122166906895046,0.0013576763449236,83,0.07035928143712916,False
350.075, asked,0.26000000000004775,126,263.28492521531155,57.19536809105142,0.0099236378446292,83,0.11227544910179534,False
350.33500000000004, it,0.13999999999998636,126,231.12994861526283,40.7878371481324,0.0013495866442095,83,0.1901197604790544,False
350.475, to,0.13999999999998636,126,196.25612576348604,38.45357447579226,0.0011988293845206,83,0.23203592814372057,False
350.615," you,",0.13999999999998636,126,196.25612576348604,38.85553293030428,0.0014002139214426,83,0.27395209580838675,False
350.89500000000004, but,0.07999999999998408,126,164.2743834710759,49.459720654029425,0.0059820488095188,83,0.3577844311377361,False
350.975, I,0.18000000000000682,126,182.6218416047493,49.80867225307669,0.0044400775805115,83,0.3817365269461144,False
351.15500000000003, also.,0.339999999999975,126,195.61800021919368,58.363469383346136,0.0116862896829776,83,0.4356287425149782,False
351.495, But,0.9200000000000159,126,206.2605750934489,48.211185734918786,0.0050108735449612,83,0.5374251497005984,False
352.415, I,0.12000000000000455,126,162.12413314781554,54.06046955428049,0.0070153027772903,83,0.8128742514970078,False
352.535, remember,0.2400000000000091,126,161.45570267486033,57.231927988438166,0.0100663546472805,83,0.8488023952095837,False
352.77500000000003, watching,0.3199999999999932,126,96.94365826173052,53.25728039562834,0.0066560246050304,83,0.9206586826347354,False
353.095, Gone,0.30000000000001137,126,102.48287537006694,53.61445326744591,0.0067539480514817,-1,0.0,False
353.39500000000004, Girl,0.21999999999997044,126,100.03880625556208,41.94304619905105,0.0017703943885866,-1,0.0,False
353.615, and,0.2599999999999909,126,156.11544254072828,41.36324864444049,0.0016175981145352,-1,0.0,False
353.875," thinking,",0.3199999999999932,126,156.11544254072828,49.940411589890346,0.0053541264496743,84,0.02076923076922937,True
354.435," look,",0.160000000000025,126,165.80426237198748,47.896931356413475,0.0036518024280667,84,0.10692307692307587,False
354.995, I,0.07999999999998408,126,165.19400466746427,49.35799340863177,0.0046273949556052,84,0.19307692307692237,False
355.075, know,0.12000000000000455,126,166.33843360267628,54.37410674735645,0.0075752148404715,84,0.20538461538461222,False
355.195, it's,0.18000000000000682,126,154.34223574459193,55.02973534613814,0.0082087218761444,84,0.2238461538461514,False
355.375, like,0.08000000000004093,126,150.10395086179673,57.72747583861603,0.0106881307438015,84,0.25153846153846016,False
355.45500000000004, a,0.1199999999999477,126,144.61889706725785,53.73650486366209,0.0073156505823069,84,0.2638461538461587,False
355.575, meme,0.1400000000000432,126,146.5300645549042,46.92160547394556,0.0040573007427184,84,0.28230769230768915,False
355.71500000000003, on,0.19999999999998863,126,164.20836381563308,51.65258547403454,0.0050625787116611,84,0.3038461538461573,False
355.915," TikTok,",0.2599999999999909,126,165.18158878696053,55.824273825532714,0.008922210894525,84,0.33461538461538637,False
356.575, but,0.160000000000025,126,154.81278802185292,48.634935941601,0.0041748764924656,84,0.436153846153843,False
356.735, Gone,1.1999999999999886,126,83.50838335888959,51.14584706056125,0.0053842086344957,84,0.4607692307692315,False
357.935, Girl.,0.2599999999999909,126,169.05453666365975,43.91291883372355,0.0026642805896699,84,0.6453846153846143,False
358.355, It's,0.12000000000000455,126,160.78855524548,55.68373537353714,0.0087575446814298,84,0.7100000000000014,False
358.475, like,0.07999999999998408,126,160.41302311002755,54.91112598617647,0.0080971093848347,84,0.7284615384615406,False
358.555, the,0.4800000000000182,126,160.45189756526082,55.22694054396747,0.0082105565816164,84,0.7407692307692304,False
359.035, thing,0.2400000000000091,126,156.0275216343521,38.80728782036606,0.0013047712855045,84,0.8146153846153871,False
359.27500000000003, where,0.21999999999997044,126,163.53881406472297,38.91638047850894,0.0013675886439156,84,0.8515384615384654,False
359.495, the,0.160000000000025,126,159.7559862532353,53.11884378244268,0.0067146834917366,84,0.8853846153846147,False
359.65500000000003, girl,0.19999999999998863,126,174.67074770192954,49.16095809660365,0.0045405984856135,84,0.9100000000000031,False
359.855, sets,0.2799999999999727,126,144.89659676894163,52.30792972848024,0.0058776075020432,84,0.9407692307692321,False
360.135, up.,0.4399999999999977,126,85.81762261420509,52.135085017737296,0.0056158946827054,84,0.983846153846151,False
349.635, I,0.160000000000025,127,263.28492521531155,39.807247004190415,0.0012485820334404,-1,0.0,False
349.795, know,0.13999999999998636,127,263.28492521531155,40.0168364468891,0.0014581566210836,83,0.02844311377246299,False
349.935, I,0.13999999999998636,127,263.28492521531155,38.122166906895046,0.0013576763449236,83,0.07035928143712916,False
350.075, asked,0.26000000000004775,127,263.28492521531155,57.19536809105142,0.0099236378446292,83,0.11227544910179534,False
350.33500000000004, it,0.13999999999998636,127,231.12994861526283,40.7878371481324,0.0013495866442095,83,0.1901197604790544,False
350.475, to,0.13999999999998636,127,196.25612576348604,38.45357447579226,0.0011988293845206,83,0.23203592814372057,False
350.615," you,",0.13999999999998636,127,196.25612576348604,38.85553293030428,0.0014002139214426,83,0.27395209580838675,False
350.89500000000004, but,0.07999999999998408,127,164.2743834710759,49.459720654029425,0.0059820488095188,83,0.3577844311377361,False
350.975, I,0.18000000000000682,127,182.6218416047493,49.80867225307669,0.0044400775805115,83,0.3817365269461144,False
351.15500000000003, also.,0.339999999999975,127,195.61800021919368,58.363469383346136,0.0116862896829776,83,0.4356287425149782,False
351.495, But,0.9200000000000159,128,206.2605750934489,48.211185734918786,0.0050108735449612,83,0.5374251497005984,False
352.415, I,0.12000000000000455,128,162.12413314781554,54.06046955428049,0.0070153027772903,83,0.8128742514970078,False
352.535, remember,0.2400000000000091,128,161.45570267486033,57.231927988438166,0.0100663546472805,83,0.8488023952095837,False
352.77500000000003, watching,0.3199999999999932,128,96.94365826173052,53.25728039562834,0.0066560246050304,83,0.9206586826347354,False
353.095, Gone,0.30000000000001137,128,102.48287537006694,53.61445326744591,0.0067539480514817,-1,0.0,False
353.39500000000004, Girl,0.21999999999997044,128,100.03880625556208,41.94304619905105,0.0017703943885866,-1,0.0,False
353.615, and,0.2599999999999909,128,156.11544254072828,41.36324864444049,0.0016175981145352,-1,0.0,False
353.875," thinking,",0.3199999999999932,128,156.11544254072828,49.940411589890346,0.0053541264496743,84,0.02076923076922937,False
354.435," look,",0.160000000000025,128,165.80426237198748,47.896931356413475,0.0036518024280667,84,0.10692307692307587,False
354.995, I,0.07999999999998408,128,165.19400466746427,49.35799340863177,0.0046273949556052,84,0.19307692307692237,False
355.075, know,0.12000000000000455,128,166.33843360267628,54.37410674735645,0.0075752148404715,84,0.20538461538461222,False
355.195, it's,0.18000000000000682,128,154.34223574459193,55.02973534613814,0.0082087218761444,84,0.2238461538461514,False
355.375, like,0.08000000000004093,128,150.10395086179673,57.72747583861603,0.0106881307438015,84,0.25153846153846016,False
355.45500000000004, a,0.1199999999999477,128,144.61889706725785,53.73650486366209,0.0073156505823069,84,0.2638461538461587,False
355.575, meme,0.1400000000000432,128,146.5300645549042,46.92160547394556,0.0040573007427184,84,0.28230769230768915,False
355.71500000000003, on,0.19999999999998863,128,164.20836381563308,51.65258547403454,0.0050625787116611,84,0.3038461538461573,False
355.915," TikTok,",0.2599999999999909,128,165.18158878696053,55.824273825532714,0.008922210894525,84,0.33461538461538637,False
356.575, but,0.160000000000025,128,154.81278802185292,48.634935941601,0.0041748764924656,84,0.436153846153843,False
356.735, Gone,1.1999999999999886,128,83.50838335888959,51.14584706056125,0.0053842086344957,84,0.4607692307692315,False
357.935, Girl.,0.2599999999999909,128,169.05453666365975,43.91291883372355,0.0026642805896699,84,0.6453846153846143,False
358.355, It's,0.12000000000000455,129,160.78855524548,55.68373537353714,0.0087575446814298,84,0.7100000000000014,False
358.475, like,0.07999999999998408,129,160.41302311002755,54.91112598617647,0.0080971093848347,84,0.7284615384615406,False
358.555, the,0.4800000000000182,129,160.45189756526082,55.22694054396747,0.0082105565816164,84,0.7407692307692304,False
359.035, thing,0.2400000000000091,129,156.0275216343521,38.80728782036606,0.0013047712855045,84,0.8146153846153871,False
359.27500000000003, where,0.21999999999997044,129,163.53881406472297,38.91638047850894,0.0013675886439156,84,0.8515384615384654,False
359.495, the,0.160000000000025,129,159.7559862532353,53.11884378244268,0.0067146834917366,84,0.8853846153846147,False
359.65500000000003, girl,0.19999999999998863,129,174.67074770192954,49.16095809660365,0.0045405984856135,84,0.9100000000000031,False
359.855, sets,0.2799999999999727,129,144.89659676894163,52.30792972848024,0.0058776075020432,84,0.9407692307692321,False
360.135, up.,0.4399999999999977,129,85.81762261420509,52.135085017737296,0.0056158946827054,84,0.983846153846151,False
361.935," Oh,",0.4800000000000182,130,0.0,46.9145980072457,0.004396200319611761,-1,0.0,False
362.875, she,0.36000000000001364,130,0.0,46.9145980072457,0.004396200319611761,-1,0.0,False
363.235, makes,0.18000000000000682,130,0.0,46.9145980072457,0.004396200319611761,-1,0.0,False
363.415, it,0.19999999999998863,130,0.0,46.9145980072457,0.004396200319611761,-1,0.0,False
363.615, seem,0.19999999999998863,130,0.0,46.9145980072457,0.004396200319611761,-1,0.0,False
363.815, like,0.1400000000000432,130,0.0,46.9145980072457,0.004396200319611761,-1,0.0,False
363.95500000000004, her,0.15999999999996817,130,0.0,46.9145980072457,0.004396200319611761,-1,0.0,False
364.115, husband,0.36000000000001364,130,0.0,46.9145980072457,0.004396200319611761,-1,0.0,False
364.475, murdered,0.4800000000000182,130,0.0,46.9145980072457,0.004396200319611761,-1,0.0,False
364.95500000000004, her.,0.3199999999999932,130,0.0,46.9145980072457,0.004396200319611761,-1,0.0,False
365.975, And,0.2599999999999909,131,0.0,46.9145980072457,0.004396200319611761,-1,0.0,False
366.235, then,0.19999999999998863,131,0.0,46.9145980072457,0.004396200319611761,-1,0.0,False
366.435, it,0.34000000000003183,131,0.0,46.9145980072457,0.004396200319611761,-1,0.0,False
366.77500000000003, just,0.2599999999999909,131,0.0,46.9145980072457,0.004396200319611761,-1,0.0,False
367.035, doesn't,0.2599999999999909,131,0.0,46.9145980072457,0.004396200319611761,-1,0.0,False
367.295, work,0.160000000000025,131,0.0,46.9145980072457,0.004396200319611761,-1,0.0,False
367.45500000000004, out,0.21999999999997044,131,0.0,46.9145980072457,0.004396200319611761,-1,0.0,False
367.675, so,0.18000000000000682,131,0.0,46.9145980072457,0.004396200319611761,-1,0.0,False
367.855, she,0.12000000000000455,131,0.0,46.9145980072457,0.004396200319611761,-1,0.0,False
367.975, comes,0.19999999999998863,131,0.0,46.9145980072457,0.004396200319611761,-1,0.0,False
368.175, back,0.3199999999999932,131,0.0,46.9145980072457,0.004396200319611761,-1,0.0,False
368.495, and,0.30000000000001137,131,0.0,46.9145980072457,0.004396200319611761,-1,0.0,False
368.795," says,",0.339999999999975,131,0.0,46.9145980072457,0.004396200319611761,-1,0.0,False
369.255," like,",0.18000000000000682,131,0.0,46.9145980072457,0.004396200319611761,-1,0.0,False
369.635," oh,",0.20000000000004547,131,0.0,46.9145980072457,0.004396200319611761,-1,0.0,False
370.035, we're,0.2799999999999727,131,0.0,46.9145980072457,0.004396200319611761,-1,0.0,False
370.315, together,0.28000000000002956,131,0.0,46.9145980072457,0.004396200319611761,-1,0.0,False
370.595, and,0.36000000000001364,131,0.0,46.9145980072457,0.004396200319611761,-1,0.0,False
370.95500000000004, I'm,0.8599999999999568,131,0.0,46.9145980072457,0.004396200319611761,-1,0.0,False
371.815, saved,0.2599999999999909,131,0.0,46.9145980072457,0.004396200319611761,-1,0.0,False
372.075, again.,0.4000000000000341,131,0.0,46.9145980072457,0.004396200319611761,-1,0.0,False
