time_meg,time_combined,word,duration,segment_id,run,f0_smooth,intensity,energy,turn_idx,position_in_turn,is_turn_initial
16.435000000000002,16.435000000000002, So,0.519999999999996,0,1,170.2029586743708,40.72098868721593,0.0014428371796384,2,0.7087499999999997,True
16.955,16.955, are,0.28000000000000025,0,1,170.2029586743708,40.22097194616903,0.0015020366990939,2,0.8387499999999989,False
17.235,17.235, you,0.1200000000000001,0,1,170.2029586743708,43.82479003697333,0.0023111333139238,2,0.9087499999999994,False
17.354999999999997,17.354999999999997, watching,0.28000000000000025,0,1,170.2029586743708,40.05671699142992,0.00144370039925,2,0.9387499999999988,False
17.634999999999998,17.634999999999998, anything,0.41999999999999993,0,1,205.4885077123569,42.399136448232,0.0018085500923916,-1,0.0,False
18.055,18.055, lately?,0.33999999999999986,0,1,205.4885077123569,44.84340848484907,0.0023805387318129,-1,0.0,False
20.115,20.115, So,0.519999999999996,1,1,174.5716913992192,47.45418303767781,0.0033153537660835,-1,0.0,False
20.634999999999994,20.634999999999994, are,0.21999999999999886,1,1,186.9331534151452,44.16605197923533,0.0021492142695932,-1,0.0,False
20.854999999999993,20.854999999999993, you,0.08000000000000007,1,1,186.9331534151452,40.46107199024758,0.0012942539760844,-1,0.0,False
20.934999999999995,20.934999999999995, watching,0.28000000000000114,1,1,186.9331534151452,40.66226220298839,0.0015087875071912,-1,0.0,False
21.214999999999996,21.214999999999996, at,1.92,1,1,195.78898231470984,60.105495499989544,0.0141319958493113,-1,0.0,False
23.134999999999994,23.134999999999994, the,1.8399999999999999,1,1,210.28336458402867,58.090265184459255,0.0123916249722291,4,0.08535242290748807,True
24.974999999999994,24.974999999999994, top?,0.17999999999999972,1,1,206.62069946521325,56.804876335236315,0.0097757354378686,4,0.2879955947136555,False
25.835000000000008,25.835000000000008, Oh,0.519999999999996,2,1,228.644133693264,38.24072955476287,0.0010038362815979,4,0.3827092511013222,False
26.355000000000004,26.355000000000004," yeah,",0.519999999999996,2,1,228.644133693264,53.642073289212355,0.01129727158696,4,0.4399779735682821,False
27.035,27.035," yeah,",0.27999999999999936,2,1,224.43047594290869,38.57686351728497,0.0012801552657038,4,0.5148678414096914,False
27.314999999999998,27.314999999999998, yeah.,0.22000000000000064,2,1,224.43047594290869,38.22731586974735,0.0011001761304221,4,0.5457048458149775,False
27.634999999999998,27.634999999999998, So,0.29999999999999893,2,1,214.32158510539455,41.07156634498065,0.0016381819732483,4,0.5809471365638762,False
27.935,27.935, are,0.1800000000000015,2,1,216.4499545184049,63.96375646477164,0.0218208599835619,4,0.6139867841409689,False
28.115000000000002,28.115000000000002, you,0.05999999999999872,2,1,214.7017354866884,43.68660426903124,0.0024922294542189,4,0.6338105726872246,False
28.174999999999997,28.174999999999997, watching,0.27999999999999936,2,1,198.7193646789937,41.65185130226611,0.0026477596256876,4,0.6404185022026426,False
28.455,28.455, at,0.22000000000000242,2,1,199.3597976957767,44.00737719846923,0.0027466048486535,4,0.6712555066079291,False
28.675,28.675, the,0.639999999999997,2,1,193.10765879926672,60.063444286054235,0.0143867600709176,4,0.6954845814977972,False
29.314999999999998,29.314999999999998, top?,0.5200000000000031,2,1,165.61514847168664,55.351529663794715,0.008323631249367,4,0.7659691629955943,False
27.635,27.635, So,0.29999999999999893,3,1,214.32158510539455,41.07156634498065,0.0016381819732483,4,0.5809471365638766,False
27.935000000000002,27.935000000000002, are,0.1800000000000015,3,1,216.4499545184049,63.96375646477164,0.0218208599835619,4,0.6139867841409692,False
28.115000000000002,28.115000000000002, you,0.05999999999999872,3,1,214.7017354866884,43.68660426903124,0.0024922294542189,4,0.6338105726872246,False
28.175,28.175, watching,0.27999999999999936,3,1,198.7193646789937,41.65185130226611,0.0026477596256876,4,0.6404185022026431,False
28.455,28.455, at,0.22000000000000242,3,1,199.3597976957767,44.00737719846923,0.0027466048486535,4,0.6712555066079291,False
28.675000000000004,28.675000000000004, the,0.639999999999997,3,1,193.10765879926672,60.063444286054235,0.0143867600709176,4,0.6954845814977977,False
29.314999999999998,29.314999999999998, top?,0.5200000000000031,3,1,165.61514847168664,55.351529663794715,0.008323631249367,4,0.7659691629955943,False
31.315000000000005,31.315000000000005, Yeah.,0.519999999999996,4,1,200.3527538693437,51.00036082002825,0.0044793169945483,4,0.9862334801762118,False
34.595,34.595, It,0.519999999999996,5,1,257.2849721777169,44.59572395057478,0.002376039745286,-1,0.0,False
35.114999999999995,35.114999999999995, is,0.14000000000000057,5,1,257.2849721777169,41.29840625417732,0.0016985364491123,6,0.02330508474575959,True
35.254999999999995,35.254999999999995, actually,0.379999999999999,5,1,250.2337313918113,56.13853614132744,0.0082573899999276,6,0.08262711864406494,False
35.63499999999999,35.63499999999999, so,0.3200000000000003,5,1,94.45827321962518,51.86993391844592,0.0052406536415215,6,0.24364406779660547,False
35.955,35.955," good,",0.20000000000000284,5,1,203.10388103781924,57.66914839398647,0.0107683930546051,6,0.3792372881355917,False
36.155,36.155, but,0.1999999999999993,5,1,223.30952509452064,56.873701731319535,0.0091034993529337,6,0.46398305084745733,False
36.355,36.355, I,0.11999999999999744,5,1,99.66556131113512,56.70433494888932,0.0099527034908532,6,0.54872881355932,False
36.474999999999994,36.474999999999994, think,0.16000000000000014,5,1,98.21410670271332,51.48562849223597,0.0058856867253793,6,0.5995762711864375,False
36.63499999999999,36.63499999999999, I,0.16000000000000014,5,1,89.91747602657806,48.54348464623818,0.0038419328629999,6,0.6673728813559276,False
36.794999999999995,36.794999999999995, sort,0.20000000000000284,5,1,124.91410761391204,41.522129632277874,0.0016929435078054,6,0.7351694915254208,False
36.995,36.995," of,",0.9199999999999982,5,1,145.0811289459477,40.53879858739733,0.0017760997870938,6,0.8199152542372864,False
37.91499999999999,37.91499999999999, you,0.740000000000002,5,1,227.4352138146765,38.17080310342536,0.001070300699212,-1,0.0,False
38.655,38.655, know,0.0799999999999983,5,1,217.89468975577057,45.213633926884775,0.0024666544049973,7,0.4535714285714276,True
38.735,38.735, when,0.1999999999999993,5,1,173.90365539322,55.13836029336929,0.0082157654687849,7,0.5107142857142836,False
38.934999999999995,38.934999999999995, like,0.22000000000000242,5,1,163.82697737375025,53.594998322862025,0.006687241140753,7,0.6535714285714236,False
39.155,39.155, you,0.9799999999999969,5,1,78.16740460716795,57.96207506678498,0.010278481058775,7,0.8107142857142852,False
40.13499999999999,40.13499999999999, watch,0.5400000000000027,5,1,109.09710398672831,43.765649987211006,0.002931187395005,-1,0.0,False
40.675,40.675, it,0.259999999999998,5,1,109.09710398672831,42.71382893430124,0.0018356043146924,-1,0.0,False
40.934999999999995,40.934999999999995, but,0.17999999999999972,5,1,109.09710398672831,41.488972242300626,0.001677501830272,-1,0.0,False
41.114999999999995,41.114999999999995, then,0.22000000000000242,5,1,186.82764044964804,40.15012146776537,0.0013448066310959,-1,0.0,False
41.334999999999994,41.334999999999994, you,0.16000000000000014,5,1,186.82764044964804,38.833550814385006,0.001357617089525,-1,0.0,False
41.495,41.495, sort,0.17999999999999972,5,1,186.82764044964804,43.27880595771138,0.0023195066023615,-1,0.0,False
41.675,41.675, of,0.17999999999999972,5,1,186.82764044964804,50.78165977728241,0.0041640442796053,-1,0.0,False
41.855,41.855, don't,0.17999999999999972,5,1,186.82764044964804,41.70516202623352,0.0019922005012632,-1,0.0,False
42.035,42.035, have,0.1999999999999993,5,1,186.82764044964804,40.54085906584631,0.0014196934644134,-1,0.0,False
42.235,42.235, a,0.05999999999999872,5,1,186.82764044964804,44.272967246357034,0.0027012822683886,-1,0.0,False
42.294999999999995,42.294999999999995, long,0.0,5,1,186.82764044964804,40.51825274014673,0.0021284092217691,-1,0.0,False
42.294999999999995,42.294999999999995, time,0.17999999999999972,5,1,186.82764044964804,40.51825274014673,0.0021284092217691,-1,0.0,False
42.474999999999994,42.474999999999994, when,0.120000000000001,5,1,186.82764044964804,38.717162130404056,0.0011764122173193,8,0.10106382978722553,True
42.595,42.595, you,0.08000000000000185,5,1,186.82764044964804,54.93329651233726,0.0057084606960435,8,0.2287234042553158,False
42.675,42.675, forget,0.259999999999998,5,1,167.65857038680463,59.33747867154235,0.0128835299983616,8,0.3138297872340376,False
42.934999999999995,42.934999999999995, where,0.1999999999999993,5,1,157.34344771859634,49.89762670866075,0.0047265500761569,8,0.5904255319148872,False
43.13499999999999,43.13499999999999, you're,0.20000000000000284,5,1,169.9853921220476,41.63388058433855,0.0017350227572021,8,0.8031914893616918,False
43.334999999999994,43.334999999999994, up,0.16000000000000014,5,1,169.9853921220476,54.21510901101232,0.0071913162246346,-1,0.0,False
43.495,43.495, to.,0.17999999999999972,5,1,163.34402009215336,50.48435193809427,0.0044840862974521,-1,0.0,False
42.035,42.035, have,0.1999999999999993,6,1,186.82764044964804,40.54085906584631,0.0014196934644134,-1,0.0,False
42.235,42.235, a,0.05999999999999872,6,1,186.82764044964804,44.272967246357034,0.0027012822683886,-1,0.0,False
42.294999999999995,42.294999999999995, long,0.0,6,1,186.82764044964804,40.51825274014673,0.0021284092217691,-1,0.0,False
42.294999999999995,42.294999999999995, time,0.17999999999999972,6,1,186.82764044964804,40.51825274014673,0.0021284092217691,-1,0.0,False
42.474999999999994,42.474999999999994, when,0.120000000000001,6,1,186.82764044964804,38.717162130404056,0.0011764122173193,8,0.10106382978722553,False
42.595,42.595, you,0.08000000000000185,6,1,186.82764044964804,54.93329651233726,0.0057084606960435,8,0.2287234042553158,False
42.675,42.675, forget,0.259999999999998,6,1,167.65857038680463,59.33747867154235,0.0128835299983616,8,0.3138297872340376,False
42.934999999999995,42.934999999999995, where,0.1999999999999993,6,1,157.34344771859634,49.89762670866075,0.0047265500761569,8,0.5904255319148872,False
43.13499999999999,43.13499999999999, you're,0.20000000000000284,6,1,169.9853921220476,41.63388058433855,0.0017350227572021,8,0.8031914893616918,False
43.334999999999994,43.334999999999994, up,0.16000000000000014,6,1,169.9853921220476,54.21510901101232,0.0071913162246346,-1,0.0,False
43.495,43.495, to.,0.17999999999999972,6,1,163.34402009215336,50.48435193809427,0.0044840862974521,-1,0.0,False
44.275,44.275, Because,0.240000000000002,7,1,186.1254975613543,43.55311476325994,0.0021719108335669,9,0.2544247787610603,True
44.515,44.515, how,0.1599999999999966,7,1,188.05480877190857,50.53159461098479,0.0048796534538285,9,0.36061946902654796,False
44.675,44.675, many,0.20000000000000284,7,1,191.74036822620795,48.310793957581375,0.0041563780978346,9,0.43141592920353766,False
44.875,44.875, seasons,0.3399999999999963,7,1,160.80848336175043,54.442913845367904,0.0071189752779916,9,0.519911504424778,False
45.214999999999996,45.214999999999996, are,0.240000000000002,7,1,99.44812128002316,38.916377555170264,0.0011734589934349,9,0.6703539823008826,False
45.455,45.455, there?,0.3400000000000034,7,1,167.1751306038099,52.08396280202238,0.0062631457112736,9,0.7765486725663704,False
47.295,47.295," Oh,",0.4199999999999946,8,1,96.98532181792844,36.503446393489895,0.0011327221291139,-1,0.0,False
47.955,47.955, so,0.21999999999999886,8,1,96.98532181792844,45.77058523245083,0.0027753747999669,-1,0.0,False
48.175,48.175, I,0.12000000000000455,8,1,96.98532181792844,40.60496332672622,0.0014028847217559,-1,0.0,False
48.295,48.295, guess,0.11999999999999744,8,1,96.98532181792844,42.731897120030496,0.0020079731475559,-1,0.0,False
48.415,48.415, maybe,0.28000000000000114,8,1,96.98532181792844,38.41835956641681,0.0011596372351057,-1,0.0,False
48.695,48.695, I,0.1599999999999966,8,1,224.25689273469135,38.70905555214455,0.0012751392787324,-1,0.0,False
48.855,48.855, did,0.0800000000000054,8,1,224.25689273469135,36.760002951437485,0.001342032570392,-1,0.0,False
48.935,48.935, get,0.17999999999999972,8,1,224.25689273469135,40.10645722103885,0.0013653113273913,-1,0.0,False
49.115,49.115, that,0.23999999999999488,8,1,224.25689273469135,40.62050865860016,0.0012490963563322,-1,0.0,False
49.355,49.355, far.,0.30000000000000426,8,1,224.25689273469135,44.84034456576076,0.0025543922092764,-1,0.0,False
50.255,50.255, But,0.21999999999999886,9,1,224.25689273469135,37.50087841417496,0.0011082988930866,-1,0.0,False
50.475,50.475, there's,0.17999999999999972,9,1,224.25689273469135,43.15513246542222,0.0022060610353945,-1,0.0,False
50.655,50.655, a,0.01999999999999602,9,1,224.25689273469135,42.40782573265955,0.0018608269747349,10,0.03289473684210348,True
50.675,50.675, lot,0.14000000000000057,9,1,224.25689273469135,43.834833526902315,0.0021526780910789,10,0.04166666666666316,False
50.815,50.815, of,0.12000000000000455,9,1,224.25689273469135,41.527343652847314,0.0016386300558223,10,0.1030701754385934,False
50.935,50.935," episodes,",0.37999999999999545,9,1,211.19780599594213,58.54098200364111,0.0116116944700481,10,0.15570175438596395,False
51.495,51.495, no?,0.1600000000000037,9,1,203.10851350495292,47.47905738688176,0.0055858506821061,10,0.4013157894736818,False
54.615,54.615," Yeah,",0.4799999999999969,10,1,90.58689855634144,59.47051968286531,0.0137224309146409,11,0.07905027932960892,True
55.475,55.475, yeah.,0.0799999999999983,10,1,96.8307813527492,60.82522750560352,0.018308440223333,11,0.1270949720670391,False
55.935,55.935," Okay,",0.27999999999999403,11,1,121.32313130922148,58.587986733218955,0.0117013826966282,11,0.15279329608938552,False
56.495,56.495, who's,0.240000000000002,11,1,86.27099019926037,53.81134258254273,0.0080874916166054,11,0.18407821229050259,False
56.735,56.735, your,0.10000000000000142,11,1,168.81189686302065,60.7929667272527,0.0158093571662896,11,0.197486033519553,False
56.835,56.835, favorite,0.29999999999999716,11,1,168.2237880877844,61.72579745510145,0.017286425456404,11,0.20307262569832402,False
57.135,57.135, character?,1.0600000000000023,11,1,161.6594684573483,59.66499364970989,0.0136253703385582,11,0.2198324022346367,False
62.815000000000005,62.815000000000005," Yeah,",0.4799999999999969,12,1,184.95395828736423,64.59808362315995,0.0240349285304539,11,0.5371508379888272,False
63.815,63.815," yeah,",0.21999999999999886,12,1,163.240790303236,58.80338861985387,0.0131320282816931,11,0.5930167597765363,False
64.475,64.475, with,0.11999999999999744,12,1,165.54556005755455,40.92180913870248,0.001636709203012,11,0.6298882681564244,False
64.595,64.595, the,0.17999999999999972,12,1,165.54556005755455,40.36051909927988,0.0015589869581158,11,0.6365921787709498,False
64.775,64.775, earth.,0.3200000000000003,12,1,165.54556005755455,41.65225953510284,0.0014730304246769,11,0.6466480446927378,False
65.435,65.435," Yeah,",0.19999999999999574,13,1,174.6155916568579,39.64528157810311,0.0012049117358402,11,0.683519553072626,False
65.63499999999999,65.63499999999999," yeah,",1.3999999999999986,13,1,195.6174619124476,48.03214834685025,0.0034771363716566,11,0.6946927374301672,False
67.035,67.035, yeah.,0.38000000000000256,13,1,165.26365608659253,49.81125016180603,0.0046383179724212,11,0.7729050279329609,False
67.41499999999999,67.41499999999999, I,0.759999999999998,13,1,161.06301168102226,62.95577866416657,0.0192500520497561,11,0.7941340782122903,False
68.175,68.175, feel,2.219999999999999,13,1,168.46191826004463,60.87536024667725,0.0158468913286946,11,0.8365921787709498,False
70.395,70.395, like,0.3200000000000003,13,1,220.84932434170688,61.8210655627228,0.0175485201179978,11,0.9606145251396648,False
70.715,70.715, the,0.8400000000000034,13,1,195.69791306861757,58.86299785051794,0.0123965134844165,11,0.9784916201117323,False
71.555,71.555, only,0.28000000000000114,13,1,101.54194361853828,41.96761527973555,0.0017924392595888,-1,0.0,False
71.83500000000001,71.83500000000001, thing,0.17999999999999972,13,1,222.49921011215056,48.42291373620323,0.0036116896662857,12,0.00920427553444188,True
72.015,72.015, I,0.14000000000000057,13,1,195.06391443528543,59.61309501450364,0.0137075129896419,12,0.019893111638954512,False
72.155,72.155, really,0.3399999999999963,13,1,190.53254923312588,51.92459439885262,0.0054654972627749,12,0.0282066508313536,False
72.495,72.495, remember,0.4200000000000017,13,1,295.2775824005062,59.52251303532694,0.0130717456340804,12,0.04839667458432294,False
72.91499999999999,72.91499999999999, the,0.3400000000000034,13,1,234.8254964747569,60.46999448318501,0.0145368110388534,12,0.07333729216151937,False
73.255,73.255, last,0.4199999999999946,13,1,207.2492293729771,61.70240531209364,0.0163005776703322,12,0.09352731591448869,False
73.675,73.675, part,0.30000000000000426,13,1,179.61013107344988,46.13391864386403,0.0028454358689478,12,0.11846793349168597,False
73.975,73.975, I,0.11999999999999744,13,1,227.5874432493482,65.77009907931357,0.0272065158933383,12,0.1362826603325409,False
74.095,74.095, got,0.14000000000000057,13,1,200.8340157401113,49.97496231203444,0.0071093267761126,12,0.14340855106888323,False
74.235,74.235, up,0.20000000000000284,13,1,193.9334627229954,57.9438295963985,0.0108916033059384,12,0.1517220902612823,False
74.435,74.435," to,",0.09999999999999432,13,1,84.02897952152273,42.631491428972936,0.0039416030049352,12,0.16359857482185255,False
74.61500000000001,74.61500000000001, you,0.01999999999999602,13,1,89.83149742234582,57.606243252765765,0.0101554542779928,12,0.17428741092636604,False
74.63499999999999,74.63499999999999, know,0.0799999999999983,13,1,90.7778228419742,57.76851887487247,0.011091685853898,12,0.17547505938242197,False
74.715,74.715, the,0.12000000000000455,13,1,87.25465756840923,54.882709997487986,0.0074030067771674,12,0.18022565320665074,False
74.83500000000001,74.83500000000001, part,0.21999999999999886,13,1,87.70757400951523,49.389581459924266,0.0041843852959568,12,0.18735154394299305,False
75.055,75.055, where,0.21999999999999886,13,1,87.70757400951523,39.46880692654938,0.0012984588975086,12,0.2004156769596201,False
75.275,75.275, they're,0.1600000000000037,13,1,87.70757400951523,39.32370018812517,0.0013316139811648,12,0.2134798099762471,False
75.435,75.435, sort,0.11999999999999744,13,1,87.70757400951523,41.69162876565051,0.0018587036756798,12,0.22298099762470297,False
75.555,75.555, of,0.17999999999999972,13,1,87.70757400951523,39.33897478409485,0.0013730248901992,12,0.2301068883610453,False
75.735,75.735, like,0.14000000000000057,13,1,87.70757400951523,38.20995874558718,0.0012348853051661,12,0.24079572446555791,False
75.875,75.875, running,0.37999999999999545,13,1,87.70757400951523,43.732932369359,0.0020615309476855,12,0.249109263657957,False
76.255,76.255, and,1.2600000000000051,13,1,87.70757400951523,38.35521127362742,0.0011740481713788,12,0.27167458432303987,False
77.515,77.515, it's,0.35999999999999943,13,1,87.70757400951523,41.51835496421523,0.0014852990861982,12,0.3464964370546317,False
77.875,77.875, the,0.09999999999999432,13,1,87.70757400951523,50.21346702174685,0.004378783982247,12,0.36787410926365777,False
77.975,77.975, guy,0.18000000000000682,13,1,87.70757400951523,47.7904131541746,0.0035814184229821,12,0.3738123515439425,False
78.155,78.155, with,0.20000000000000284,13,1,87.70757400951523,44.702155461551065,0.0023685318883507,12,0.384501187648456,False
78.355,78.355, the,0.09999999999999432,13,1,87.70757400951523,44.14441005861688,0.0022961001377552,12,0.3963776722090262,False
78.455,78.455, cabbages,0.5400000000000063,13,1,87.70757400951523,41.56376850044091,0.0016527600819242,12,0.4023159144893109,False
78.995,78.995, and,0.5799999999999983,13,1,87.70757400951523,38.98155756657125,0.0013507882831618,12,0.4343824228028505,False
79.575,79.575, he's,0.28000000000000114,13,1,87.70757400951523,47.089892729069355,0.0028076053131375,12,0.46882422802850365,False
79.855,79.855," like,",0.14000000000000057,13,1,87.70757400951523,42.71581461757174,0.0020620038267228,12,0.4854513064133018,False
80.075,80.075, they,0.29999999999999716,13,1,87.70757400951523,42.34244128907516,0.0015215958701441,12,0.4985154394299288,False
80.375,80.375, like,0.20000000000000284,13,1,87.70757400951523,40.708840339593195,0.0012811350170524,12,0.5163301662707838,False
80.575,80.575, knock,0.1799999999999926,13,1,87.70757400951523,40.85975669634027,0.0014006007695572,12,0.528206650831354,False
80.755,80.755, over,0.29999999999999716,13,1,87.70757400951523,38.814916678084906,0.0012098531005904,12,0.5388954869358666,False
81.05499999999999,81.05499999999999, his,0.1600000000000108,13,1,87.70757400951523,39.491717536839715,0.0014077525120226,12,0.5567102137767216,False
81.215,81.215, cabbage,0.35999999999999943,13,1,87.70757400951523,39.172163241968065,0.0014041577233008,12,0.5662114014251783,False
81.575,81.575, trolley,0.45999999999999375,13,1,87.70757400951523,43.479590962312415,0.0022382158786067,12,0.5875890736342044,False
82.035,82.035, and,0.0799999999999983,13,1,215.06767724852105,43.08992194377848,0.0023446758277709,12,0.6149049881235152,False
82.115,82.115, they're,0.10000000000000853,13,1,215.06767724852105,45.09816198430829,0.0024822358973329,12,0.6196555819477432,False
82.215,82.215," like,",0.14000000000000057,13,1,215.06767724852105,51.54436850206761,0.0050875958986569,12,0.6255938242280287,False
82.355,82.355, oh,0.19999999999998863,13,1,215.06767724852105,40.24292094388866,0.0014253102708605,12,0.6339073634204277,False
82.55499999999999,82.55499999999999, my,0.18000000000000682,13,1,215.06767724852105,40.090614651859106,0.0016039237380023,12,0.6457838479809972,False
82.735,82.735, cabbages.,0.5999999999999943,13,1,215.06767724852105,41.70257730606965,0.0016789678484201,12,0.6564726840855106,False
67.41499999999999,67.41499999999999, I,0.759999999999998,14,1,161.06301168102226,62.95577866416657,0.0192500520497561,11,0.7941340782122903,False
68.17499999999998,68.17499999999998, feel,2.219999999999999,14,1,168.46191826004463,60.87536024667725,0.0158468913286946,11,0.836592178770949,False
70.39499999999998,70.39499999999998, like,0.3200000000000003,14,1,220.84932434170688,61.8210655627228,0.0175485201179978,11,0.960614525139664,False
70.71499999999999,70.71499999999999, the,0.8400000000000034,14,1,195.69791306861757,58.86299785051794,0.0123965134844165,11,0.9784916201117315,False
71.55499999999999,71.55499999999999, only,0.28000000000000114,14,1,101.54194361853828,41.96761527973555,0.0017924392595888,-1,0.0,False
71.835,71.835, thing,0.17999999999999972,14,1,222.49921011215056,48.42291373620323,0.0036116896662857,12,0.009204275534441034,False
72.01499999999999,72.01499999999999, I,0.14000000000000057,14,1,195.06391443528543,59.61309501450364,0.0137075129896419,12,0.019893111638953666,False
72.155,72.155, really,0.3399999999999963,14,1,190.53254923312588,51.92459439885262,0.0054654972627749,12,0.0282066508313536,False
72.49499999999999,72.49499999999999, remember,0.4200000000000017,14,1,295.2775824005062,59.52251303532694,0.0130717456340804,12,0.04839667458432209,False
72.91499999999999,72.91499999999999, the,0.3400000000000034,14,1,234.8254964747569,60.46999448318501,0.0145368110388534,12,0.07333729216151937,False
73.255,73.255, last,0.4199999999999946,14,1,207.2492293729771,61.70240531209364,0.0163005776703322,12,0.09352731591448869,False
73.67499999999998,73.67499999999998, part,0.30000000000000426,14,1,179.61013107344988,46.13391864386403,0.0028454358689478,12,0.11846793349168512,False
73.975,73.975, I,0.11999999999999744,14,1,227.5874432493482,65.77009907931357,0.0272065158933383,12,0.1362826603325409,False
74.095,74.095, got,0.14000000000000057,14,1,200.8340157401113,49.97496231203444,0.0071093267761126,12,0.14340855106888323,False
74.23499999999999,74.23499999999999, up,0.20000000000000284,14,1,193.9334627229954,57.9438295963985,0.0108916033059384,12,0.15172209026128147,False
74.435,74.435," to,",0.09999999999999432,14,1,84.02897952152273,42.631491428972936,0.0039416030049352,12,0.16359857482185255,False
74.615,74.615, you,0.01999999999999602,14,1,89.83149742234582,57.606243252765765,0.0101554542779928,12,0.1742874109263652,False
74.63499999999999,74.63499999999999, know,0.0799999999999983,14,1,90.7778228419742,57.76851887487247,0.011091685853898,12,0.17547505938242197,False
74.71499999999999,74.71499999999999, the,0.12000000000000455,14,1,87.25465756840923,54.882709997487986,0.0074030067771674,12,0.1802256532066499,False
74.835,74.835, part,0.21999999999999886,14,1,87.70757400951523,49.389581459924266,0.0041843852959568,12,0.18735154394299222,False
75.05499999999999,75.05499999999999, where,0.21999999999999886,14,1,87.70757400951523,39.46880692654938,0.0012984588975086,12,0.20041567695961923,False
75.27499999999999,75.27499999999999, they're,0.1600000000000037,14,1,87.70757400951523,39.32370018812517,0.0013316139811648,12,0.21347980997624624,False
75.435,75.435, sort,0.11999999999999744,14,1,87.70757400951523,41.69162876565051,0.0018587036756798,12,0.22298099762470297,False
75.55499999999999,75.55499999999999, of,0.17999999999999972,14,1,87.70757400951523,39.33897478409485,0.0013730248901992,12,0.23010688836104443,False
75.73499999999999,75.73499999999999, like,0.14000000000000057,14,1,87.70757400951523,38.20995874558718,0.0012348853051661,12,0.24079572446555705,False
75.875,75.875, running,0.37999999999999545,14,1,87.70757400951523,43.732932369359,0.0020615309476855,12,0.249109263657957,False
76.255,76.255, and,1.2600000000000051,14,1,87.70757400951523,38.35521127362742,0.0011740481713788,12,0.27167458432303987,False
77.51499999999999,77.51499999999999, it's,0.35999999999999943,14,1,87.70757400951523,41.51835496421523,0.0014852990861982,12,0.34649643705463085,False
77.875,77.875, the,0.09999999999999432,14,1,87.70757400951523,50.21346702174685,0.004378783982247,12,0.36787410926365777,False
77.975,77.975, guy,0.18000000000000682,14,1,87.70757400951523,47.7904131541746,0.0035814184229821,12,0.3738123515439425,False
78.155,78.155, with,0.20000000000000284,14,1,87.70757400951523,44.702155461551065,0.0023685318883507,12,0.384501187648456,False
78.35499999999999,78.35499999999999, the,0.09999999999999432,14,1,87.70757400951523,44.14441005861688,0.0022961001377552,12,0.39637767220902537,False
78.45499999999998,78.45499999999998, cabbages,0.5400000000000063,14,1,87.70757400951523,41.56376850044091,0.0016527600819242,12,0.4023159144893101,False
78.995,78.995, and,0.5799999999999983,14,1,87.70757400951523,38.98155756657125,0.0013507882831618,12,0.4343824228028505,False
79.57499999999999,79.57499999999999, he's,0.28000000000000114,14,1,87.70757400951523,47.089892729069355,0.0028076053131375,12,0.46882422802850277,False
79.85499999999999,79.85499999999999," like,",0.14000000000000057,14,1,87.70757400951523,42.71581461757174,0.0020620038267228,12,0.485451306413301,False
80.07499999999999,80.07499999999999, they,0.29999999999999716,14,1,87.70757400951523,42.34244128907516,0.0015215958701441,12,0.498515439429928,False
80.375,80.375, like,0.20000000000000284,14,1,87.70757400951523,40.708840339593195,0.0012811350170524,12,0.5163301662707838,False
80.57499999999999,80.57499999999999, knock,0.1799999999999926,14,1,87.70757400951523,40.85975669634027,0.0014006007695572,12,0.5282066508313532,False
80.755,80.755, over,0.29999999999999716,14,1,87.70757400951523,38.814916678084906,0.0012098531005904,12,0.5388954869358666,False
81.05499999999998,81.05499999999998, his,0.1600000000000108,14,1,87.70757400951523,39.491717536839715,0.0014077525120226,12,0.5567102137767208,False
81.215,81.215, cabbage,0.35999999999999943,14,1,87.70757400951523,39.172163241968065,0.0014041577233008,12,0.5662114014251783,False
81.57499999999999,81.57499999999999, trolley,0.45999999999999375,14,1,87.70757400951523,43.479590962312415,0.0022382158786067,12,0.5875890736342035,False
82.035,82.035, and,0.0799999999999983,14,1,215.06767724852105,43.08992194377848,0.0023446758277709,12,0.6149049881235152,False
82.11499999999998,82.11499999999998, they're,0.10000000000000853,14,1,215.06767724852105,45.09816198430829,0.0024822358973329,12,0.6196555819477423,False
82.215,82.215," like,",0.14000000000000057,14,1,215.06767724852105,51.54436850206761,0.0050875958986569,12,0.6255938242280287,False
82.35499999999999,82.35499999999999, oh,0.19999999999998863,14,1,215.06767724852105,40.24292094388866,0.0014253102708605,12,0.633907363420427,False
82.55499999999998,82.55499999999998, my,0.18000000000000682,14,1,215.06767724852105,40.090614651859106,0.0016039237380023,12,0.6457838479809963,False
82.73499999999999,82.73499999999999, cabbages.,0.5999999999999943,14,1,215.06767724852105,41.70257730606965,0.0016789678484201,12,0.6564726840855098,False
83.915,83.915," Yeah,",0.3999999999999915,15,1,215.06767724852105,50.57297208014172,0.0044924523681402,12,0.7265439429928745,False
84.335,84.335, but,0.20000000000000284,15,1,215.06767724852105,41.35729050831756,0.0016705403104422,12,0.751484560570071,False
84.535,84.535, I,0.14000000000000057,15,1,215.06767724852105,41.928179933035295,0.0020849478896701,12,0.7633610451306412,False
84.675,84.675, don't,0.14000000000000057,15,1,215.06767724852105,41.03474417456235,0.0015433164080605,12,0.7716745843230403,False
84.815,84.815, know,0.14000000000000057,15,1,215.06767724852105,46.75460290693248,0.0031446986831727,12,0.7799881235154393,False
84.955,84.955, what,0.1599999999999966,15,1,215.06767724852105,49.39456666481435,0.0040793623775237,12,0.7883016627078385,False
85.115,85.115, episode,0.30000000000001137,15,1,215.06767724852105,41.450187274587535,0.0015550378011535,12,0.7978028503562944,False
85.415,85.415, that,0.2599999999999909,15,1,215.06767724852105,45.8828576862328,0.0024813802447169,12,0.8156175771971501,False
85.675,85.675," is,",0.20000000000000284,15,1,215.06767724852105,42.89511600987224,0.0020251439418641,12,0.8310570071258907,False
85.995,85.995, maybe,0.1599999999999966,15,1,215.06767724852105,40.18895626953415,0.0015094564296306,12,0.8500593824228032,False
86.155,86.155, if,0.29999999999999716,15,1,215.06767724852105,49.62577376379125,0.0043971911072731,12,0.8595605700712591,False
86.455,86.455, I,0.09999999999999432,15,1,215.06767724852105,45.09919499494303,0.0025239088572561,12,0.877375296912114,False
86.55499999999999,86.55499999999999, found,0.3200000000000074,15,1,215.06767724852105,46.89004718368941,0.0029483216349036,12,0.8833135391923987,False
86.875,86.875, it.,0.3400000000000034,15,1,215.06767724852105,45.619881883506054,0.0024450123310096,12,0.9023159144893114,False
87.215,87.215," Yeah,",0.519999999999996,15,1,215.06767724852105,49.06064641407361,0.0039340956136583,12,0.9225059382422807,False
87.735,87.735, it's,0.23999999999999488,15,1,215.06767724852105,42.68740581949984,0.0019278958206995,12,0.9533847980997626,False
87.975,87.975, kind,0.12000000000000455,15,1,215.06767724852105,47.881065315052226,0.0034230025485152,12,0.9676365795724464,False
88.095,88.095," of,",0.14000000000000057,15,1,215.06767724852105,42.369867719128656,0.0019526917021721,12,0.9747624703087887,False
88.435,88.435, I,0.23999999999999488,15,1,215.06767724852105,42.200397633580074,0.0018308385042473,12,0.9949524940617581,False
88.675,88.675, think,0.14000000000000057,15,1,215.06767724852105,43.468069838369274,0.0021807414013896,-1,0.0,False
88.815,88.815, really,0.3200000000000074,15,1,215.06767724852105,54.211880322476304,0.0103094689548049,-1,0.0,False
89.135,89.135, early,1.259999999999991,15,1,106.66389549008328,49.98799141032489,0.0042458553798504,-1,0.0,False
90.395,90.395, on,1.1800000000000068,15,1,178.01498127549408,58.8553934027293,0.0123386923223742,13,0.2690217391304311,True
91.575,91.575," season,",0.4200000000000017,15,1,95.63239455173392,47.66830608865981,0.0035696879494923,13,0.9103260869565255,False
92.375,92.375," actually,",1.3799999999999955,15,1,194.2957275347649,48.66525691567429,0.0040969052352006,14,0.15064102564102502,True
93.975,93.975, because,0.30000000000001137,15,1,117.80381982684403,39.67052102700278,0.0012678413186222,15,0.004716981132075641,True
94.275,94.275, I,0.1599999999999966,15,1,117.80381982684403,40.187144502529115,0.0014397969935091,15,0.09905660377358845,False
94.435,94.435, think,0.28000000000000114,15,1,196.91864228073013,40.82833958457818,0.0015112737892195,15,0.1493710691823923,False
94.715,94.715, like,0.4399999999999977,15,1,196.91864228073013,50.92888177432258,0.0051539540290836,15,0.23742138364780127,False
95.155,95.155, the,0.2600000000000051,15,1,196.91864228073013,39.99262583107559,0.0015261286171165,15,0.3757861635220141,False
95.415,95.415," cabbages,",0.5599999999999881,15,1,188.6579617597777,52.767049562214424,0.0063210697844626,15,0.4575471698113237,False
96.415,96.415, like,0.11999999999999034,15,1,166.95863072035073,54.60477715449325,0.0072035496123142,15,0.7720125786163545,False
96.535,96.535, the,0.2400000000000091,15,1,167.60559331834875,55.35848153881158,0.0079898750409489,15,0.8097484276729552,False
96.775,96.775, character,0.03999999999999204,15,1,90.3862406056548,40.70578438876174,0.0017707572551444,15,0.8852201257861654,False
96.815,96.815, that,0.0799999999999983,15,1,90.3862406056548,48.81357328020325,0.0039446908049307,15,0.8977987421383641,False
96.895,96.895, we,0.3200000000000074,15,1,164.75871618932328,53.51268747835537,0.0065796682611103,15,0.922955974842766,False
97.215,97.215," carry,",0.0,15,1,175.13841492426556,55.57418936254744,0.0082174632698304,-1,0.0,False
98.215,98.215, the,0.11999999999999034,15,1,93.87296608832146,43.96257464116243,0.0021265866234898,-1,0.0,False
98.335,98.335, girls,0.6200000000000045,15,1,93.87296608832146,39.72301123083507,0.0014288788661355,-1,0.0,False
98.955,98.955, that,0.1599999999999966,15,1,95.61568490241793,51.54262681570795,0.0056517692282791,-1,0.0,False
99.115,99.115, went,0.10000000000000853,15,1,96.93679704631248,41.046546333521746,0.0018957183929158,-1,0.0,False
99.215,99.215, into,0.23999999999999488,15,1,96.93679704631248,41.47536843206369,0.0015484052710239,16,0.060344827586201195,True
99.455,99.455, the,0.12000000000000455,15,1,96.93679704631248,42.81654319852387,0.0019034912111237,16,0.47413793103446944,False
99.575,99.575, guy,0.14000000000000057,15,1,96.93679704631248,42.3292205003037,0.0021076654084034,16,0.6810344827586158,False
99.715,99.715, just,0.3199999999999932,15,1,96.93679704631248,46.98191333536546,0.0034311290364712,16,0.9224137931034451,False
100.035,100.035, showed,0.1599999999999966,15,1,96.93679704631248,37.53486922593029,0.0012213994050398,-1,0.0,False
100.195,100.195, us,0.1600000000000108,15,1,96.93679704631248,41.16686544903104,0.0017121079144998,-1,0.0,False
100.355,100.355, how,0.14000000000000057,15,1,96.93679704631248,46.28883670358963,0.0027769699227061,-1,0.0,False
100.495,100.495, they,0.11999999999999034,15,1,96.93679704631248,42.85647047339305,0.0018700422951947,-1,0.0,False
100.615,100.615, did.,0.14000000000000057,15,1,96.93679704631248,42.0018516377003,0.0017064986750482,-1,0.0,False
87.215,87.215," Yeah,",0.519999999999996,16,1,215.06767724852105,49.06064641407361,0.0039340956136583,12,0.9225059382422807,False
87.735,87.735, it's,0.23999999999999488,16,1,215.06767724852105,42.68740581949984,0.0019278958206995,12,0.9533847980997626,False
87.975,87.975, kind,0.12000000000000455,16,1,215.06767724852105,47.881065315052226,0.0034230025485152,12,0.9676365795724464,False
88.095,88.095," of,",0.14000000000000057,16,1,215.06767724852105,42.369867719128656,0.0019526917021721,12,0.9747624703087887,False
88.435,88.435, I,0.23999999999999488,16,1,215.06767724852105,42.200397633580074,0.0018308385042473,12,0.9949524940617581,False
88.675,88.675, think,0.14000000000000057,16,1,215.06767724852105,43.468069838369274,0.0021807414013896,-1,0.0,False
88.815,88.815, really,0.3200000000000074,16,1,215.06767724852105,54.211880322476304,0.0103094689548049,-1,0.0,False
89.135,89.135, early,1.259999999999991,16,1,106.66389549008328,49.98799141032489,0.0042458553798504,-1,0.0,False
90.395,90.395, on,1.1800000000000068,16,1,178.01498127549408,58.8553934027293,0.0123386923223742,13,0.2690217391304311,False
91.575,91.575," season,",0.4200000000000017,16,1,95.63239455173392,47.66830608865981,0.0035696879494923,13,0.9103260869565255,False
92.375,92.375," actually,",1.3799999999999955,16,1,194.2957275347649,48.66525691567429,0.0040969052352006,14,0.15064102564102502,False
93.975,93.975, because,0.30000000000001137,16,1,117.80381982684403,39.67052102700278,0.0012678413186222,15,0.004716981132075641,False
94.275,94.275, I,0.1599999999999966,16,1,117.80381982684403,40.187144502529115,0.0014397969935091,15,0.09905660377358845,False
94.435,94.435, think,0.28000000000000114,16,1,196.91864228073013,40.82833958457818,0.0015112737892195,15,0.1493710691823923,False
94.715,94.715, like,0.4399999999999977,16,1,196.91864228073013,50.92888177432258,0.0051539540290836,15,0.23742138364780127,False
95.155,95.155, the,0.2600000000000051,16,1,196.91864228073013,39.99262583107559,0.0015261286171165,15,0.3757861635220141,False
95.415,95.415," cabbages,",0.5599999999999881,16,1,188.6579617597777,52.767049562214424,0.0063210697844626,15,0.4575471698113237,False
96.415,96.415, like,0.11999999999999034,16,1,166.95863072035073,54.60477715449325,0.0072035496123142,15,0.7720125786163545,False
96.535,96.535, the,0.2400000000000091,16,1,167.60559331834875,55.35848153881158,0.0079898750409489,15,0.8097484276729552,False
96.775,96.775, character,0.03999999999999204,16,1,90.3862406056548,40.70578438876174,0.0017707572551444,15,0.8852201257861654,False
96.815,96.815, that,0.0799999999999983,16,1,90.3862406056548,48.81357328020325,0.0039446908049307,15,0.8977987421383641,False
96.895,96.895, we,0.3200000000000074,16,1,164.75871618932328,53.51268747835537,0.0065796682611103,15,0.922955974842766,False
97.215,97.215," carry,",0.0,16,1,175.13841492426556,55.57418936254744,0.0082174632698304,-1,0.0,False
98.215,98.215, the,0.11999999999999034,16,1,93.87296608832146,43.96257464116243,0.0021265866234898,-1,0.0,False
98.335,98.335, girls,0.6200000000000045,16,1,93.87296608832146,39.72301123083507,0.0014288788661355,-1,0.0,False
98.955,98.955, that,0.1599999999999966,16,1,95.61568490241793,51.54262681570795,0.0056517692282791,-1,0.0,False
99.115,99.115, went,0.10000000000000853,16,1,96.93679704631248,41.046546333521746,0.0018957183929158,-1,0.0,False
99.215,99.215, into,0.23999999999999488,16,1,96.93679704631248,41.47536843206369,0.0015484052710239,16,0.060344827586201195,False
99.455,99.455, the,0.12000000000000455,16,1,96.93679704631248,42.81654319852387,0.0019034912111237,16,0.47413793103446944,False
99.575,99.575, guy,0.14000000000000057,16,1,96.93679704631248,42.3292205003037,0.0021076654084034,16,0.6810344827586158,False
99.715,99.715, just,0.3199999999999932,16,1,96.93679704631248,46.98191333536546,0.0034311290364712,16,0.9224137931034451,False
100.035,100.035, showed,0.1599999999999966,16,1,96.93679704631248,37.53486922593029,0.0012213994050398,-1,0.0,False
100.195,100.195, us,0.1600000000000108,16,1,96.93679704631248,41.16686544903104,0.0017121079144998,-1,0.0,False
100.355,100.355, how,0.14000000000000057,16,1,96.93679704631248,46.28883670358963,0.0027769699227061,-1,0.0,False
100.495,100.495, they,0.11999999999999034,16,1,96.93679704631248,42.85647047339305,0.0018700422951947,-1,0.0,False
100.615,100.615, did.,0.14000000000000057,16,1,96.93679704631248,42.0018516377003,0.0017064986750482,-1,0.0,False
100.955,100.955, Yeah.,0.3200000000000074,17,1,214.5157778529307,41.240350872912046,0.0015763106057419,-1,0.0,False
102.135,102.135, Oh,0.47999999999998977,18,1,214.5157778529307,40.58965560230008,0.0014103120192883,17,0.05654761904761862,True
102.615,102.615, my,0.2600000000000051,18,1,217.50816079522264,48.04198056681797,0.0036147744394829,17,0.3422619047618995,False
102.875,102.875," god,",0.3199999999999932,18,1,182.9761436942216,54.338966351647954,0.007357273250818,17,0.497023809523808,False
103.395,103.395," okay,",0.2400000000000091,18,1,98.99562298196987,39.96005780579099,0.0019132526358594,17,0.8065476190476165,False
103.815,103.815, yeah.,0.1599999999999966,18,1,98.99562298196987,46.95355852920165,0.0032452887389805,-1,0.0,False
104.375,104.375, I,0.1799999999999926,19,1,178.85035889794364,53.97985300340688,0.0072231902740894,18,0.12599999999999908,True
104.55499999999999,104.55499999999999, just,0.12000000000000455,19,1,172.22519113437366,55.322789949690744,0.0082128718495366,18,0.19799999999999612,False
104.675,104.675, need,0.20000000000000284,19,1,169.29080812026805,50.245704973000784,0.0044978647492825,18,0.24599999999999794,False
104.875,104.875, to,0.0799999999999983,19,1,177.37763072840508,54.6354124331554,0.0076515208929759,18,0.32599999999999907,False
104.955,104.955, start,0.18000000000000682,19,1,176.04135941819544,42.167425704301785,0.0021035557147116,18,0.35799999999999843,False
105.135,105.135, from,0.19999999999998863,19,1,207.70627527254305,55.12815706993352,0.0074905799701836,18,0.43000000000000116,False
105.335,105.335, the,0.12000000000000455,19,1,191.8240768201421,54.99083540660811,0.0072125503793366,18,0.5099999999999966,False
105.455,105.455, start,0.1599999999999966,19,1,221.6928148086683,56.425347182124014,0.0094747841358189,18,0.5579999999999984,False
105.615,105.615, again.,0.3200000000000074,19,1,244.29055129969225,57.95168236886931,0.0111878644675032,18,0.621999999999997,False
106.195,106.195, Start,0.2400000000000091,20,1,210.768363764003,50.581934969753995,0.0058414875529702,18,0.8539999999999963,False
106.435,106.435, again.,0.20000000000000284,20,1,228.2029692358959,60.24504676306323,0.0149969598278397,18,0.95,False
106.815,106.815," Yeah,",0.28000000000000114,20,1,108.899104920157,41.647937186574445,0.0017626729095356,-1,0.0,False
107.375,107.375, have,0.14000000000000057,20,1,194.23539601630273,53.89822939301738,0.0067356852814553,-1,0.0,False
107.515,107.515, you,0.12000000000000455,20,1,239.63019323349656,51.37112373048385,0.0059996051713801,-1,0.0,False
107.635,107.635, watched,0.28000000000000114,20,1,238.09328516308244,51.84565576219292,0.0072295526042516,-1,0.0,False
107.915,107.915, like,0.21999999999999886,20,1,237.7767593080835,45.6766839867886,0.0028999533969909,-1,0.0,False
108.135,108.135, the,0.2599999999999909,20,1,237.7767593080835,40.054411335133906,0.0014920863322905,-1,0.0,False
108.395,108.395, live,0.4000000000000057,20,1,237.7767593080835,43.124148041734905,0.0018115431303156,-1,0.0,False
108.795,108.795, action?,0.5799999999999983,20,1,237.7767593080835,46.27548059735576,0.0029551680199801,-1,0.0,False
106.815,106.815," Yeah,",0.28000000000000114,21,1,108.899104920157,41.647937186574445,0.0017626729095356,-1,0.0,False
107.375,107.375, have,0.14000000000000057,21,1,194.23539601630273,53.89822939301738,0.0067356852814553,-1,0.0,False
107.515,107.515, you,0.12000000000000455,21,1,239.63019323349656,51.37112373048385,0.0059996051713801,-1,0.0,False
107.635,107.635, watched,0.28000000000000114,21,1,238.09328516308244,51.84565576219292,0.0072295526042516,-1,0.0,False
107.915,107.915, like,0.21999999999999886,21,1,237.7767593080835,45.6766839867886,0.0028999533969909,-1,0.0,False
108.135,108.135, the,0.2599999999999909,21,1,237.7767593080835,40.054411335133906,0.0014920863322905,-1,0.0,False
108.395,108.395, live,0.4000000000000057,21,1,237.7767593080835,43.124148041734905,0.0018115431303156,-1,0.0,False
108.795,108.795, action?,0.5799999999999983,21,1,237.7767593080835,46.27548059735576,0.0029551680199801,-1,0.0,False
110.095,110.095, Maybe.,0.2600000000000051,22,1,197.89450157822256,42.99965806048835,0.0020993610378347,-1,0.0,False
110.755,110.755, Yeah.,0.38000000000000966,23,1,197.89450157822256,44.40237080691001,0.0023260978050529,-1,0.0,False
111.415,111.415," Yeah,",0.2599999999999909,24,1,197.89450157822256,51.08157198339619,0.0054660304449512,19,0.14779005524862157,True
111.675,111.675, I,0.1599999999999966,24,1,188.47382521141657,45.25544771396253,0.0027363051194709,19,0.21961325966850845,False
111.835,111.835, saw,0.04000000000000625,24,1,188.3563154983655,44.24514260721924,0.0027537080459305,19,0.2638121546961318,False
111.875,111.875, that.,0.12000000000000455,24,1,187.83734645194951,54.61093462199032,0.0075139147229503,19,0.27486187845303955,False
114.275,114.275, I,0.4399999999999977,25,1,103.83186584630326,51.60789562635243,0.0058035245165236,19,0.9378453038674048,False
114.715,114.715, don't,0.14000000000000057,25,1,101.73196395704171,38.85686238413782,0.0012883808230978,-1,0.0,False
114.855,114.855," know,",0.14000000000000057,25,1,101.73196395704171,39.557854878856645,0.0013966541737317,-1,0.0,False
115.135,115.135, I,0.01999999999999602,25,1,101.73196395704171,41.42949838004657,0.0017207181081182,20,0.1328125000000049,True
115.155,115.155, never,0.23999999999999488,25,1,101.73196395704171,43.67632934802662,0.0024663971271372,20,0.1432291666666695,False
115.395,115.395, watched,0.35999999999999943,25,1,101.73196395704171,48.44361252032627,0.0034897308796647,20,0.26822916666666674,False
115.755,115.755, it.,0.20000000000000284,25,1,101.73196395704171,44.04290219124193,0.0027003865689042,20,0.45572916666666624,False
116.295,116.295," No,",0.4399999999999977,26,1,182.18511364967688,45.531892573949285,0.0029709467198693,20,0.7369791666666693,False
116.935,116.935, what,0.1599999999999966,26,1,182.18511364967688,39.73748114313776,0.0014150649076326,-1,0.0,False
117.095,117.095, is,0.23999999999999488,26,1,182.18511364967688,44.162990634249134,0.0027217839378863,-1,0.0,False
117.335,117.335, it,0.14000000000000057,26,1,182.18511364967688,40.77142903052064,0.001457645674236,-1,0.0,False
117.475,117.475, good?,0.2600000000000051,26,1,182.18511364967688,55.26708578791778,0.0069397795014093,-1,0.0,False
117.735,117.735, You,0.3199999999999932,26,1,175.79713107460972,58.090513158243894,0.0111922267824413,-1,0.0,False
118.05499999999999,118.05499999999999, said,0.14000000000000057,26,1,170.5591282193147,40.026047319926974,0.0012765203136953,21,0.07224770642201807,True
118.195,118.195, it,0.0800000000000125,26,1,170.5591282193147,42.117415543943814,0.0016337855486199,21,0.10435779816513757,False
118.275,118.275, was,0.1799999999999926,26,1,170.5591282193147,43.787220968762725,0.0017000491498037,21,0.12270642201835151,False
118.455,118.455, bad.,0.3400000000000034,26,1,170.5591282193147,41.435216221243174,0.0019457591697576,21,0.16399082568807474,False
117.735,117.735, You,0.3199999999999932,27,1,175.79713107460972,58.090513158243894,0.0111922267824413,-1,0.0,False
118.05499999999999,118.05499999999999, said,0.14000000000000057,27,1,170.5591282193147,40.026047319926974,0.0012765203136953,21,0.07224770642201807,False
118.195,118.195, it,0.0800000000000125,27,1,170.5591282193147,42.117415543943814,0.0016337855486199,21,0.10435779816513757,False
118.275,118.275, was,0.1799999999999926,27,1,170.5591282193147,43.787220968762725,0.0017000491498037,21,0.12270642201835151,False
118.455,118.455, bad.,0.3400000000000034,27,1,170.5591282193147,41.435216221243174,0.0019457591697576,21,0.16399082568807474,False
119.455,119.455, Okay.,0.4399999999999977,28,1,174.5291758925158,56.831759174727175,0.0102123646065593,21,0.3933486238532131,False
123.115,123.115, I,0.4399999999999977,29,1,237.04278563972343,44.11583849556825,0.0027924161404373,22,0.018211920529798902,True
123.55499999999999,123.55499999999999," guess,",0.18000000000000682,29,1,237.04278563972343,42.11697729162464,0.0017997766844925,22,0.16390728476820893,False
123.955,123.955, I,0.060000000000002274,29,1,237.04278563972343,39.31245837024662,0.0012929808581249,22,0.2963576158940388,False
124.015,124.015, guess,0.1599999999999966,29,1,237.04278563972343,39.8470372516195,0.0014253599802038,22,0.31622516556291375,False
124.175,124.175, I,0.29999999999999716,29,1,237.04278563972343,47.677696093051665,0.0032334176357833,22,0.3692052980132438,False
124.475,124.475, will,0.1600000000000108,29,1,237.04278563972343,45.004781721981615,0.0021847637835892,22,0.4685430463576139,False
124.635,124.635, maybe,0.3399999999999892,29,1,175.59371619818953,40.54884739365908,0.0014254655688999,22,0.5215231788079486,False
124.975,124.975, once,0.28000000000000114,29,1,175.59371619818953,46.95316225081801,0.0032099133823068,22,0.6341059602648988,False
125.255,125.255, I,0.12000000000000455,29,1,175.59371619818953,43.016192355219815,0.0025245982687925,22,0.7268211920529788,False
125.375,125.375, like,0.1799999999999926,29,1,175.59371619818953,47.2896332274439,0.003373663173988,22,0.7665562913907288,False
125.55499999999999,125.55499999999999, rewatch,0.36000000000001364,29,1,175.59371619818953,43.50799021935899,0.0020043000113219,22,0.8261589403973488,False
125.915,125.915, the,0.21999999999999886,29,1,175.59371619818953,43.75510868752658,0.0019997882191093,22,0.9453642384105986,False
126.135,126.135, show,0.19999999999998863,29,1,175.59371619818953,42.92663216102872,0.0019327651243657,-1,0.0,False
126.335,126.335, again.,0.4000000000000057,29,1,175.59371619818953,43.935405547052895,0.0026389823760836,-1,0.0,False
127.115,127.115, I'm,0.10000000000000853,30,1,238.37402046832227,56.75013424648962,0.0097606955096128,23,0.09241245136186658,True
127.215,127.215, saying,0.23999999999999488,30,1,212.8361914884939,55.0174266987076,0.0083149075508116,23,0.11186770428015619,False
127.455,127.455, you,0.23999999999999488,30,1,191.02701727953797,54.96702749999732,0.0084197996184243,23,0.15856031128404624,False
127.695,127.695, can,0.060000000000002274,30,1,125.02716869423786,52.334314912021696,0.0056122895330197,23,0.2052529182879363,False
127.755,127.755, imagine,0.2400000000000091,30,1,96.44201210223088,55.01546051878236,0.0074570165015748,23,0.21692607003890949,False
127.995,127.995, a,0.21999999999999886,30,1,223.93729058086905,60.933202988116136,0.0160518717020749,23,0.2636186770428023,False
128.215,128.215, pro,0.21999999999999886,30,1,198.9517615364912,61.95606943110068,0.0172811672091484,23,0.30642023346303554,False
128.435,128.435, off,0.21999999999999886,30,1,231.19376549288893,52.24666638959408,0.0070177935995161,23,0.3492217898832688,False
128.655,128.655, into,0.20000000000000284,30,1,187.358975026345,56.46707089594554,0.0090295253321528,23,0.392023346303502,False
128.85500000000002,128.85500000000002, that.,0.1799999999999926,30,1,177.50313194544904,57.0140947943619,0.0096972109749884,23,0.4309338521400812,False
129.97500000000002,129.97500000000002," Oh,",0.4399999999999977,31,1,182.2293850248395,41.888875427268545,0.0018118320731435,23,0.648832684824907,False
130.41500000000002,130.41500000000002," no,",0.4399999999999977,31,1,168.7027933242118,47.628915011283944,0.0037935734726489,23,0.7344357976653735,False
132.13500000000005,132.13500000000005, I,0.05999999999998806,31,1,87.72327960942852,37.94760133998556,0.0012638624757541,-1,0.0,False
132.19500000000002,132.19500000000002, have,0.18000000000000682,31,1,87.72327960942852,46.7966770382726,0.003112195758148,24,0.02678571428574057,True
132.37500000000003,132.37500000000003, it.,0.23999999999999488,31,1,181.4531945645627,46.60458774947771,0.0031431640963994,24,0.3482142857143229,False
132.79500000000002,132.79500000000002, Is,0.060000000000002274,31,1,181.4531945645627,43.43759409655729,0.0020691833924493,-1,0.0,False
132.85500000000002,132.85500000000002, that,0.1599999999999966,31,1,181.4531945645627,39.33369395247691,0.0013213804922994,-1,0.0,False
133.01500000000004,133.01500000000004," one,",0.1599999999999966,31,1,185.28500610274452,56.38373169209456,0.0089914985001087,-1,0.0,False
133.31500000000003,133.31500000000003, is,0.4399999999999977,31,1,172.56478426071885,47.27209942680157,0.0032710451632729,-1,0.0,False
133.75500000000002,133.75500000000002, that,0.14000000000000057,31,1,172.56478426071885,39.84471980297128,0.0015725785633545,25,0.06250000000000905,True
133.89500000000004,133.89500000000004, one,0.14000000000000057,31,1,172.56478426071885,52.11273918427747,0.005330107640475,25,0.1273148148148308,False
134.03500000000003,134.03500000000003, good?,0.29999999999999716,31,1,172.56478426071885,43.28698559923024,0.0025983692612475,25,0.19212962962963942,False
132.79500000000002,132.79500000000002, Is,0.060000000000002274,32,1,181.4531945645627,43.43759409655729,0.0020691833924493,-1,0.0,False
132.85500000000002,132.85500000000002, that,0.1599999999999966,32,1,181.4531945645627,39.33369395247691,0.0013213804922994,-1,0.0,False
133.01500000000001,133.01500000000001," one,",0.1599999999999966,32,1,181.4531945645627,55.20797908624628,0.0077950158156488,-1,0.0,False
133.315,133.315, is,0.4399999999999977,32,1,172.56478426071885,47.27209942680157,0.0032710451632729,-1,0.0,False
133.755,133.755, that,0.14000000000000057,32,1,172.56478426071885,39.84471980297128,0.0015725785633545,25,0.062499999999995885,False
133.895,133.895, one,0.14000000000000057,32,1,172.56478426071885,52.11273918427747,0.005330107640475,25,0.12731481481481766,False
134.03500000000003,134.03500000000003, good?,0.29999999999999716,32,1,172.56478426071885,43.28698559923024,0.0025983692612475,25,0.19212962962963942,False
135.29500000000002,135.29500000000002, That,0.4399999999999977,33,1,170.90271550687575,39.64311950180695,0.0014419123763219,25,0.7754629629629695,False
135.735,135.735, kind,0.21999999999999886,33,1,165.3671937375666,51.998074649508105,0.0064436420798278,25,0.9791666666666724,False
135.955,135.955," of,",0.2600000000000051,33,1,166.09023307226124,42.31328526548011,0.0018962960457423,-1,0.0,False
136.21500000000003,136.21500000000003, that,0.11999999999999034,33,1,180.9125394335015,40.824602581033766,0.0013973658205941,-1,0.0,False
136.335,136.335, kind,0.20000000000000284,33,1,180.9125394335015,38.77259178316434,0.0012923622271046,-1,0.0,False
136.53500000000003,136.53500000000003," of,",0.18000000000000682,33,1,180.9125394335015,41.24420112340648,0.0016177690122281,-1,0.0,False
136.79500000000002,136.79500000000002, that,0.23999999999999488,33,1,174.46370454159535,50.45855212961393,0.0045434627681966,-1,0.0,False
137.03500000000003,137.03500000000003, seems,0.5799999999999983,33,1,174.46370454159535,46.51070921692399,0.0025470401160416,-1,0.0,False
137.615,137.615, the,0.21999999999999886,33,1,206.3403951612503,40.75415610271261,0.0013859213795512,-1,0.0,False
137.835,137.835, last,0.20000000000000284,33,1,206.3403951612503,47.820396588052205,0.0039184591732919,-1,0.0,False
138.03500000000003,138.03500000000003, ever.,0.28000000000000114,33,1,206.3403951612503,50.524226745732626,0.0045419721864174,-1,0.0,False
138.875,138.875," Oh,",0.4000000000000057,34,1,224.5479393274861,44.4457605457634,0.0030415705405175,26,0.3116438356164452,True
139.85500000000002,139.85500000000002, okay.,0.060000000000002274,34,1,206.28960388868424,54.82513845433582,0.0078302035108179,26,0.9828767123287828,False
140.075,140.075, Can,0.09999999999999432,34,1,206.13342756348013,48.11361994771595,0.0041421153582619,-1,0.0,False
140.175,140.175, you,0.12000000000000455,34,1,206.13342756348013,43.347662584413605,0.0020357905887071,-1,0.0,False
140.29500000000002,140.29500000000002, watch,0.2599999999999909,34,1,206.13342756348013,41.04942836975218,0.0018431323114782,-1,0.0,False
140.555,140.555, it,0.12000000000000455,34,1,206.13342756348013,40.297674277174046,0.001348705496639,-1,0.0,False
140.675,140.675, without,0.3199999999999932,34,1,206.13342756348013,38.447205786647515,0.0011414280161264,-1,0.0,False
140.995,140.995, watching,1.700000000000017,34,1,206.13342756348013,49.73935229302225,0.0044827293604612,27,0.35795454545454475,True
142.695,142.695, like,0.539999999999992,34,1,201.3360782329512,52.37227883431649,0.0058914246037587,-1,0.0,False
143.235,143.235, Avatar?,0.7800000000000011,34,1,308.50787089154784,62.13822110755082,0.0175672378390992,28,0.3482142857143229,True
140.075,140.075, Can,0.09999999999999432,35,1,206.13342756348013,48.11361994771595,0.0041421153582619,-1,0.0,False
140.17499999999998,140.17499999999998, you,0.12000000000000455,35,1,206.13342756348013,43.347662584413605,0.0020357905887071,-1,0.0,False
140.295,140.295, watch,0.2599999999999909,35,1,206.13342756348013,41.04942836975218,0.0018431323114782,-1,0.0,False
140.55499999999998,140.55499999999998, it,0.12000000000000455,35,1,206.13342756348013,40.297674277174046,0.001348705496639,-1,0.0,False
140.67499999999998,140.67499999999998, without,0.3199999999999932,35,1,206.13342756348013,38.447205786647515,0.0011414280161264,-1,0.0,False
140.99499999999998,140.99499999999998, watching,1.700000000000017,35,1,206.13342756348013,49.73935229302225,0.0044827293604612,27,0.35795454545451244,False
142.695,142.695, like,0.539999999999992,35,1,201.3360782329512,52.37227883431649,0.0058914246037587,-1,0.0,False
143.23499999999999,143.23499999999999, Avatar?,0.7800000000000011,35,1,308.50787089154784,62.13822110755082,0.0175672378390992,28,0.3482142857142721,False
144.41500000000002,144.41500000000002," Yeah,",0.19999999999998863,36,1,200.91715054334773,52.642986575293286,0.0059973835013805,29,0.23387096774195026,True
144.615,144.615, you,0.18000000000000682,36,1,118.69938876832664,47.77984794350868,0.0038972627371549,29,0.3413978494623735,False
144.79500000000002,144.79500000000002, can.,0.18000000000000682,36,1,240.33659174953235,53.91517247660166,0.0067513682879534,29,0.4381720430107635,False
145.195,145.195, Okay.,0.28000000000000114,37,1,172.25795329211903,47.69568129222407,0.0036831928882736,29,0.65322580645161,False
145.85500000000002,145.85500000000002, It's,0.18000000000000682,38,1,223.13453158093083,45.24442132749907,0.0024279118515551,-1,0.0,False
146.03500000000003,146.03500000000003, probably,0.1599999999999966,38,1,223.13453158093083,40.812725674824776,0.0014043056871743,-1,0.0,False
146.19500000000002,146.19500000000002, fixed,0.5199999999999818,38,1,223.13453158093083,43.26042330282991,0.001520440913737,-1,0.0,False
146.715,146.715, in,0.3200000000000216,38,1,301.4885990493012,43.26230522876615,0.0017675273120403,30,0.12239583333333942,True
147.03500000000003,147.03500000000003, the,0.01999999999998181,38,1,267.7176642421994,57.863925264725054,0.0109818847849962,30,0.28906250000001593,False
147.055,147.055, channel,0.14000000000001478,38,1,255.4601181846817,57.79348965436954,0.0110060796141624,30,0.29947916666667307,False
147.19500000000002,147.19500000000002, after,0.37999999999999545,38,1,212.560583793739,54.55164403288014,0.0071332924999318,30,0.3723958333333468,False
147.57500000000002,147.57500000000002, that.,0.19999999999998863,38,1,182.806371449792,49.754500859359055,0.0040167691186072,30,0.5703125000000094,False
147.775,147.775, Yeah.,0.2400000000000091,38,1,180.04156892946617,42.74396722022568,0.0018276651389896,30,0.6744791666666694,False
147.77499999999998,147.77499999999998, Yeah.,0.2400000000000091,39,1,180.04156892946617,42.74396722022568,0.0018276651389896,30,0.6744791666666545,False
148.635,148.635, Okay.,0.4000000000000057,40,1,165.59088234121586,40.61904559313206,0.0014380087377502,-1,0.0,False
149.83499999999998,149.83499999999998, Okay.,0.4000000000000057,41,1,165.59088234121586,41.249632685966034,0.0022239584941416,31,0.015422077922073132,True
150.65499999999997,150.65499999999997, Where,0.0800000000000125,42,1,165.59088234121586,43.66170827052143,0.0021793509367853,31,0.14853896103895523,False
150.73499999999999,150.73499999999999, do,0.09999999999999432,42,1,165.59088234121586,45.23813811660516,0.0028092437423773,31,0.16152597402597024,False
150.83499999999998,150.83499999999998, you,0.03999999999999204,42,1,165.59088234121586,45.729528383143055,0.0028893516864627,31,0.17775974025973557,False
150.87499999999997,150.87499999999997, watch,0.2600000000000193,42,1,165.59088234121586,41.853206596074344,0.0019433589186519,31,0.18425324675324076,False
151.135,151.135, out?,0.12000000000000455,42,1,165.59088234121586,48.03999033220931,0.0036153560504327,31,0.22646103896103614,False
151.33499999999998,151.33499999999998, What,0.12000000000000455,42,1,165.59088234121586,44.921200152532045,0.0024941305164247,31,0.2589285714285668,False
151.45499999999998,151.45499999999998, is,0.3199999999999932,42,1,165.59088234121586,39.39756196258695,0.0014372179284687,31,0.278409090909087,False
151.77499999999998,151.77499999999998, it,0.14000000000001478,42,1,219.84322689946757,39.34562390999383,0.0013239783002063,31,0.33035714285713785,False
151.915,151.915, on?,0.19999999999998863,42,1,219.84322689946757,40.27399223313403,0.0014218846336008,31,0.353084415584413,False
151.33499999999998,151.33499999999998, What,0.12000000000000455,43,1,165.59088234121586,44.921200152532045,0.0024941305164247,31,0.2589285714285668,False
151.45499999999998,151.45499999999998, is,0.3199999999999932,43,1,165.59088234121586,39.39756196258695,0.0014372179284687,31,0.278409090909087,False
151.77499999999998,151.77499999999998, it,0.14000000000001478,43,1,219.84322689946757,39.34562390999383,0.0013239783002063,31,0.33035714285713785,False
151.915,151.915, on?,0.19999999999998863,43,1,219.84322689946757,40.27399223313403,0.0014218846336008,31,0.353084415584413,False
152.91500000000002,152.91500000000002, A,0.1599999999999966,44,1,219.84322689946757,44.460141742349336,0.0021492000669239,31,0.5154220779220801,False
153.07500000000002,153.07500000000002, thousand,0.3199999999999932,44,1,219.84322689946757,38.91272772036768,0.0011101516429341,31,0.5413961038961055,False
153.395,153.395, of,0.28000000000000114,44,1,219.84322689946757,43.76595757666469,0.0020347156096249,31,0.5933441558441563,False
153.675,153.675, things.,0.12000000000000455,44,1,219.84322689946757,41.679002938400295,0.0017454019980506,31,0.638798701298702,False
154.41500000000002,154.41500000000002, Okay.,0.3599999999999852,45,1,219.84322689946757,42.80570000355773,0.0021444847807299,31,0.7589285714285737,False
155.27499999999998,155.27499999999998," Oh,",0.20000000000001705,46,1,108.44650766360922,52.46618100378176,0.0058631971478462,31,0.8985389610389564,False
155.695,155.695, really?,0.13999999999998636,46,1,108.44650766360922,48.56636267614283,0.0043232324533192,31,0.9667207792207771,False
156.21499999999995,156.21499999999995," Okay,",0.18000000000000682,47,1,108.44650766360922,41.71642421033008,0.0018910054350271,-1,0.0,False
156.55499999999995,156.55499999999995," yeah,",0.2400000000000091,47,1,108.44650766360922,41.78158250948139,0.0017093899659812,-1,0.0,False
156.85499999999996,156.85499999999996, I,0.12000000000000455,47,1,117.77842981138885,44.922508280998606,0.0029114736244099,-1,0.0,False
156.97499999999997,156.97499999999997, have,0.1599999999999966,47,1,117.77842981138885,46.53884129001873,0.002749033039436,-1,0.0,False
157.13499999999996,157.13499999999996, been.,0.18000000000000682,47,1,117.77842981138885,39.38648699482764,0.0014330178964887,-1,0.0,False
157.51499999999996,157.51499999999996," Yeah,",0.21999999999999886,47,1,117.77842981138885,53.69170222153215,0.0067765410058187,-1,0.0,False
157.75499999999997,157.75499999999997, I've,0.03999999999999204,47,1,117.77842981138885,44.48203552766126,0.0025189938023682,32,0.03954081632651653,True
157.79499999999996,157.79499999999996, been,0.0,47,1,117.77842981138885,44.17292238763208,0.0022979439236217,32,0.049744897959167596,False
157.79499999999996,157.79499999999996, to,0.09999999999999432,47,1,117.77842981138885,44.17292238763208,0.0022979439236217,32,0.049744897959167596,False
157.89499999999995,157.89499999999995, the,0.12000000000000455,47,1,117.77842981138885,40.06779349118235,0.0012311011087151,32,0.07525510204079888,False
158.01499999999996,158.01499999999996, cast.,0.060000000000002274,47,1,117.77842981138885,46.18268769475123,0.0031524249352511,32,0.10586734693875934,False
157.515,157.515," Yeah,",0.21999999999999886,48,1,117.77842981138885,53.69170222153215,0.0067765410058187,-1,0.0,False
157.755,157.755, I've,0.03999999999999204,48,1,117.77842981138885,44.48203552766126,0.0025189938023682,32,0.03954081632652378,False
157.795,157.795, been,0.0,48,1,117.77842981138885,44.17292238763208,0.0022979439236217,32,0.04974489795917485,False
157.795,157.795, to,0.09999999999999432,48,1,117.77842981138885,44.17292238763208,0.0022979439236217,32,0.04974489795917485,False
157.89499999999998,157.89499999999998, the,0.12000000000000455,48,1,117.77842981138885,40.06779349118235,0.0012311011087151,32,0.07525510204080614,False
158.015,158.015, cast.,0.060000000000002274,48,1,117.77842981138885,46.18268769475123,0.0031524249352511,32,0.10586734693876658,False
158.71499999999995,158.71499999999995, Oh,0.4000000000000057,49,1,184.3382475680268,44.47615774633425,0.0027678199112415,32,0.2844387755101856,False
159.11499999999995,159.11499999999995, my,0.18000000000000682,49,1,175.93047058814167,54.62103176681511,0.0076455529779195,32,0.386479591836718,False
159.29499999999996,159.29499999999996," god,",0.30000000000001137,49,1,173.1091787623793,44.94519068981113,0.0026405886746952,32,0.43239795918365864,False
159.85499999999996,159.85499999999996," okay,",0.28000000000000114,49,1,185.9280866235316,42.07768924564377,0.0016857514856382,32,0.5752551020408025,False
160.31499999999997,160.31499999999997, yeah.,0.3199999999999932,49,1,170.9337910292775,54.795929275396,0.0077252341434363,32,0.6926020408163152,False
161.97500000000002,161.97500000000002, I'm,0.39999999999997726,50,1,168.54832077792133,53.99548115966402,0.0068033495917921,-1,0.0,False
162.375,162.375, not,0.040000000000020464,50,1,164.941069241449,40.006284871079174,0.0012635141611099,-1,0.0,False
162.41500000000002,162.41500000000002, sure,0.9399999999999977,50,1,164.941069241449,38.04494906723155,0.0011845544213431,-1,0.0,False
163.35500000000002,163.35500000000002, what's,0.37999999999999545,50,1,106.63512345116816,43.25901165773959,0.0019664412830022,33,0.6029411764706079,True
163.735,163.735, on,0.13999999999998636,50,1,106.63512345116816,45.40613163229851,0.0023147109895943,33,0.9754901960784532,False
163.875,163.875, the,0.9400000000000261,50,1,106.63512345116816,41.00209330509384,0.0014012407045811,-1,0.0,False
164.81500000000003,164.81500000000003," computer,",0.19999999999998863,50,1,111.78494714900673,41.8822794842132,0.0015845324378467,34,0.4353932584269852,True
165.335,165.335, but,0.20000000000001705,50,1,246.3625830775239,52.57055397015747,0.0057535329833626,34,0.7275280898876489,False
165.53500000000003,165.53500000000003, it,0.28000000000000114,50,1,190.47391979404873,54.30257018236468,0.0076888813637182,34,0.8398876404494562,False
165.81500000000003,165.81500000000003, should,0.09999999999999432,50,1,182.2188889167224,54.95633956966281,0.0080061051994554,34,0.9971910112359735,False
165.91500000000002,165.91500000000002, be,0.1599999999999966,50,1,173.7501663618983,48.49248364122494,0.0041204914450648,-1,0.0,False
166.07500000000002,166.07500000000002, the,0.12000000000000455,50,1,174.1169246461723,49.06714058415386,0.0042572845704838,-1,0.0,False
166.19500000000002,166.19500000000002, display.,0.3400000000000034,50,1,174.1169246461723,44.970445228940854,0.0022685728035869,-1,0.0,False
166.53500000000003,166.53500000000003," Yeah,",0.5799999999999841,50,1,187.87036030644649,52.5472536594293,0.0058931331150237,35,0.04015544041451529,True
167.115,167.115," yeah,",0.46000000000000796,50,1,197.92286513346968,51.74326356118688,0.0063520995900034,35,0.1904145077720236,False
167.655,167.655, okay.,0.4800000000000182,50,1,169.44106691750008,53.522119407043185,0.0063940347172319,35,0.33031088082901583,False
166.53500000000005,166.53500000000005," Yeah,",0.5799999999999841,51,1,187.87036030644649,52.617082840436645,0.0060345968231568,35,0.04015544041452265,False
167.11500000000004,167.11500000000004," yeah,",0.46000000000000796,51,1,197.92286513346968,54.305756500376155,0.008038867264986,35,0.19041450777203095,False
167.65500000000003,167.65500000000003, okay.,0.4800000000000182,51,1,169.44106691750008,53.522119407043185,0.0063940347172319,35,0.3303108808290232,False
169.83500000000004,169.83500000000004, It's,0.47999999999998977,52,1,94.13209777829348,42.304828771286125,0.0023437195923179,35,0.8950777202072613,False
170.31500000000003,170.31500000000003, just,0.07999999999998408,52,1,94.13209777829348,39.92168658831684,0.0014087733579798,-1,0.0,False
170.395,170.395, so,0.2400000000000091,52,1,94.13209777829348,38.46694742476113,0.0011473903432488,-1,0.0,False
170.63500000000002,170.63500000000002, hard,0.23999999999998067,52,1,94.13209777829348,44.42616696395743,0.0025314807426185,-1,0.0,False
170.875,170.875, these,0.20000000000001705,52,1,165.97622958927897,41.251958825914286,0.0020237881690263,36,0.38392857142857595,True
171.07500000000002,171.07500000000002, days,0.29999999999998295,52,1,165.97622958927897,45.72957073930252,0.0026430180296299,36,0.7410714285714621,False
171.375,171.375, because,0.2400000000000091,52,1,165.97622958927897,41.352913146260406,0.0016490889247506,-1,0.0,False
171.615,171.615, you,0.20000000000001705,52,1,165.97622958927897,42.780695065293045,0.001850779983215,-1,0.0,False
171.81500000000003,171.81500000000003, have,0.19999999999998863,52,1,165.97622958927897,47.87199711736747,0.0031958154868338,-1,0.0,False
172.01500000000001,172.01500000000001, to,0.19999999999998863,52,1,165.97622958927897,44.56271281302364,0.0022023753263062,-1,0.0,False
172.215,172.215, own,0.3400000000000034,52,1,165.97622958927897,44.81406781429459,0.0021616129670292,-1,0.0,False
172.555,172.555, every,0.4800000000000182,52,1,171.01212470471188,55.49820691713301,0.0082401139661669,37,0.07835820895522366,True
173.03500000000003,173.03500000000003, single.,0.7199999999999989,52,1,155.26521829895634,52.392255111109485,0.006547850556669,37,0.1977611940298556,False
174.97500000000002,174.97500000000002, That's,0.47999999999998977,53,1,181.02176677183985,57.34190505978144,0.0101067591458569,37,0.6803482587064741,False
175.455,175.455, really,0.2400000000000091,53,1,188.36535280520025,39.84055090055611,0.0013554200995717,37,0.799751243781099,False
175.69500000000002,175.69500000000002, it.,0.29999999999998295,53,1,187.40728815952977,55.45329909918904,0.0076887914910934,37,0.859452736318415,False
176.27499999999998,176.27499999999998," Yeah,",0.4000000000000057,54,1,182.11743954582343,55.85097597391045,0.0090679805725812,-1,0.0,False
176.695,176.695, I,0.6799999999999784,54,1,188.21087010716985,40.759055863469875,0.0018970279488713,38,0.09745762711862947,True
177.37499999999997,177.37499999999997, just,0.160000000000025,54,1,183.7083712616732,50.48836380625104,0.0050100577063858,38,0.6737288135592997,False
177.535,177.535, want,0.21999999999999886,54,1,174.50789304415252,51.54091395730366,0.005125193390996,38,0.8093220338983064,False
177.755,177.755, one.,0.29999999999998295,54,1,182.26872842176613,54.72913355971852,0.0077556525357076,38,0.9957627118644106,False
178.615,178.615," Like,",0.20000000000001705,55,1,182.2809792296493,41.14290928126205,0.0017678107833489,39,0.10561497326203456,True
178.895,178.895, I,0.09999999999999432,55,1,182.2809792296493,39.13585340408021,0.0012901653535664,39,0.1804812834224625,False
178.995,178.995, don't,0.12000000000000455,55,1,182.2809792296493,41.63168311615794,0.0019815452396869,39,0.20721925133689942,False
179.115,179.115, want,0.09999999999999432,55,1,182.2809792296493,46.821008523767674,0.0029766804073005,39,0.23930481283422675,False
179.215,179.215, to,0.10000000000002274,55,1,182.2809792296493,46.979406972413315,0.0031627158168703,39,0.26604278074866367,False
179.31500000000003,179.31500000000003, have,0.11999999999997613,55,1,182.2809792296493,44.81106300100596,0.0026828127447525,39,0.2927807486631082,False
179.435,179.435, to,0.160000000000025,55,1,182.2809792296493,46.46353931867277,0.0029200869612395,39,0.32486631016042794,False
179.59500000000003,179.59500000000003, pay,0.23999999999998067,55,1,182.2809792296493,43.139929838761944,0.001874656416476,39,0.3676470588235361,False
179.835,179.835, for,0.2400000000000091,55,1,182.2809792296493,44.28945147626339,0.0023900882806628,39,0.4318181818181832,False
180.07500000000002,180.07500000000002, a,0.12000000000000455,55,1,182.2809792296493,45.47291257574029,0.0025905284564938,39,0.4959893048128379,False
180.19500000000002,180.19500000000002, million,0.28000000000000114,55,1,182.2809792296493,45.93982847079202,0.0028553584124893,39,0.5280748663101652,False
180.47500000000002,180.47500000000002, just,0.3599999999999852,55,1,182.2809792296493,43.52379335098277,0.0019973355811087,39,0.6029411764705932,False
180.835,180.835, because,0.1599999999999966,55,1,182.2809792296493,43.19942607563857,0.0023028538562357,39,0.6991978609625675,False
180.995,180.995, I,0.14000000000001478,55,1,182.2809792296493,42.16227700812985,0.0017197228735312,39,0.7419786096256682,False
181.13500000000002,181.13500000000002, want,0.19999999999998863,55,1,182.2809792296493,43.75253567985976,0.0020639307331292,39,0.7794117647058859,False
181.335,181.335, to,0.0800000000000125,55,1,182.2809792296493,43.56445562881858,0.0025902984198182,39,0.8328877005347598,False
181.41500000000002,181.41500000000002, watch,0.1599999999999966,55,1,182.2809792296493,41.37941598582809,0.0016882440540941,39,0.8542780748663139,False
181.57500000000002,181.57500000000002, different,0.3400000000000034,55,1,182.2809792296493,46.42448920571779,0.0027701030485332,39,0.8970588235294145,False
181.91500000000002,181.91500000000002, things.,0.5600000000000023,55,1,182.2809792296493,47.44326113598778,0.002977431053296,39,0.9879679144385061,False
182.895,182.895," Yeah,",0.18000000000000682,56,1,182.2809792296493,46.25382910335535,0.0028286317829042,-1,0.0,False
183.215,183.215, really?,0.2400000000000091,56,1,182.2809792296493,41.6004777246082,0.0017170190112665,-1,0.0,False
184.475,184.475," Um,",0.47999999999998977,57,1,197.27596807860243,41.36966870201507,0.0021706596016898,40,0.7227272727272651,True
185.37499999999997,185.37499999999997, but,0.30000000000001137,57,1,197.27596807860243,44.635876229062085,0.0025036639999598,-1,0.0,False
185.67499999999998,185.67499999999998, I,0.21999999999999886,57,1,197.27596807860243,40.26689654705304,0.0019517561886448,-1,0.0,False
185.89499999999998,185.89499999999998, watched,0.3400000000000034,57,1,197.27596807860243,39.474335339956355,0.0012648865813398,-1,0.0,False
186.23499999999999,186.23499999999999, American,0.47999999999998977,57,1,197.27596807860243,42.41939097977597,0.001839533215389,41,0.06290322580644953,True
186.71499999999997,186.71499999999997, Psycho,0.6800000000000068,57,1,197.27596807860243,46.86890717160255,0.0029399851337075,41,0.21774193548386586,False
187.39499999999998,187.39499999999998, the,0.539999999999992,57,1,197.27596807860243,46.460176427408186,0.0029968991875657,41,0.43709677419354587,False
187.93499999999997,187.93499999999997, other,0.20000000000001705,57,1,197.27596807860243,39.57614563165432,0.0016030670376494,41,0.6112903225806404,False
188.135,188.135, day.,0.3599999999999852,57,1,197.27596807860243,37.824634150197824,0.0011723127681763,41,0.6758064516129041,False
188.815,188.815, Have,0.47999999999998977,58,1,197.27596807860243,45.44831467783004,0.0024139864835888,41,0.8951612903225841,False
189.295,189.295, you,0.12000000000000455,58,1,197.27596807860243,40.39240405659195,0.0013619317905976,-1,0.0,False
189.415,189.415, watched,0.13999999999998636,58,1,197.27596807860243,37.92273559627814,0.0012144374195484,-1,0.0,False
189.55499999999998,189.55499999999998, that,0.20000000000001705,58,1,197.27596807860243,39.97397680443663,0.0014026786666363,-1,0.0,False
189.755,189.755, one?,0.23999999999998067,58,1,197.27596807860243,38.7866811521638,0.0014578189002342,-1,0.0,False
190.455,190.455, I,0.14000000000001478,59,1,190.1292828443351,55.423186011050205,0.0077741197310388,42,0.5550000000000068,True
190.59500000000003,190.59500000000003, would,0.1799999999999784,59,1,188.67376896642944,57.06249847016788,0.0102983880788079,42,0.6950000000000216,False
190.775,190.775, like,0.1599999999999966,59,1,187.2193582776865,51.15410255772572,0.0063886321149766,42,0.875,False
190.935,190.935, to,0.20000000000001705,59,1,193.48374868601448,55.9817856181637,0.0090103019028902,-1,0.0,False
191.13500000000002,191.13500000000002, believe,0.28000000000000114,59,1,213.1585751934402,46.27509895778055,0.0028118703048716,-1,0.0,False
191.41500000000002,191.41500000000002, that,0.37999999999999545,59,1,207.0251747116988,57.436621972549226,0.0103329429402936,43,0.0579545454545508,True
191.79500000000002,191.79500000000002, you,0.13999999999998636,59,1,109.58156401846723,56.76353702572176,0.0095198871567846,43,0.14431818181818604,False
191.935,191.935, have,0.21999999999999886,59,1,140.23477294218029,53.81505804844475,0.0075972778722643,43,0.1761363636363647,False
192.155,192.155, not,0.3800000000000239,59,1,208.14705661648435,42.67992532292809,0.00191987818107,43,0.22613636363636438,False
192.53500000000003,192.53500000000003, sat,0.29999999999998295,59,1,208.14705661648435,38.9082350343387,0.0015384486177934,43,0.31250000000000605,False
192.835,192.835, down,0.28000000000000114,59,1,209.57944081447417,43.18709645847218,0.0019507576944306,43,0.3806818181818203,False
193.115,193.115, on,0.20000000000001705,59,1,209.57944081447417,39.0716480905368,0.0013299025595188,43,0.4443181818181841,False
193.31500000000003,193.31500000000003, what,0.21999999999999886,59,1,237.3328774563955,57.38734492580789,0.0104125849902633,43,0.48977272727273335,False
193.53500000000003,193.53500000000003, stuff,0.28000000000000114,59,1,224.2886666827103,54.781638664035206,0.0081126997247378,43,0.5397727272727331,False
193.81500000000003,193.81500000000003, you're,0.23999999999998067,59,1,301.4653758731838,56.97105616231956,0.0096573233604442,43,0.6034090909090969,False
194.055,194.055, putting.,0.14000000000001478,59,1,240.78415787484585,55.630347686788824,0.0083971265703439,43,0.6579545454545469,False
195.915,195.915, I'm,0.5600000000000023,60,1,182.17686960167188,38.75235539053116,0.0014004475669929,44,0.005573248407642768,True
196.475,196.475, like,0.1799999999999784,60,1,187.41477804351032,53.98287697627632,0.0075357947498577,44,0.0947452229299361,False
196.65499999999997,196.65499999999997, TikTok.,0.36000000000001364,60,1,187.21526424911505,42.18367987007193,0.001795821590349,44,0.12340764331209826,False
197.375,197.375, I,0.12000000000000455,61,1,171.5323067323684,56.00873240531074,0.0094635095447274,44,0.238057324840765,False
197.495,197.495, know.,0.21999999999999886,61,1,170.05485166242514,42.578199103142374,0.0015908374916762,44,0.2571656050955428,False
198.275,198.275, I,0.5600000000000023,62,1,177.0933750857648,50.63845565461242,0.0049266908317804,44,0.3813694267515939,False
198.835,198.835, know,0.18000000000000682,62,1,183.3572656105417,40.60037287630436,0.0017539380351081,44,0.47054140127388727,False
199.01500000000001,199.01500000000001, a,0.21999999999999886,62,1,177.43495388575286,54.33538674363148,0.0074825556948781,44,0.4992038216560539,False
199.235,199.235, lot,0.19999999999998863,62,1,174.9055207373714,54.74259856439536,0.0078636845573777,44,0.5342356687898118,False
199.435,199.435, of,0.18000000000000682,62,1,182.09183833491647,56.762368689765886,0.0097574684768915,44,0.5660828025477717,False
199.615,199.615, the,0.28000000000000114,62,1,191.1590336569029,41.712287986636255,0.0027114748954772,44,0.5947452229299384,False
199.895,199.895, G,0.8600000000000136,62,1,191.1590336569029,41.143370091025645,0.0015016889665275,44,0.6393312101910851,False
200.75500000000002,200.75500000000002, enjoy,0.28000000000000114,62,1,179.77835495064517,52.207653253114515,0.0055063385516411,44,0.7762738853503228,False
201.03500000000003,201.03500000000003, the,0.23999999999998067,62,1,164.32143772714372,56.12513208502623,0.0093886274844378,44,0.8208598726114695,False
201.275,201.275, movie.,0.09999999999999432,62,1,166.3416567822615,51.40307441719111,0.0052207787521183,44,0.8590764331210206,False
202.135,202.135," Um,",0.2599999999999909,63,1,95.25938020159748,43.00872520984991,0.0019386683125046,44,0.9960191082802539,False
202.755,202.755, I,0.060000000000002274,63,1,175.55909646277365,40.9491552328744,0.0014579764101652,-1,0.0,False
202.815,202.815, did.,0.3199999999999932,63,1,175.55909646277365,41.29434180572828,0.0016867938684297,-1,0.0,False
203.395,203.395, I,0.09999999999999432,64,1,168.2444642969031,56.940248558567866,0.0099670197814702,-1,0.0,False
203.495,203.495," actually,",0.4399999999999977,64,1,164.51965501594165,57.32109083377324,0.0102728642523288,-1,0.0,False
204.51500000000001,204.51500000000001, I,1.0800000000000125,64,1,104.66466368479986,40.860438267572235,0.0015506946947425,45,0.06057268722467096,True
205.59500000000003,205.59500000000003, really,0.4199999999999875,64,1,222.36436960239052,53.384441876266806,0.0065825991332531,45,0.2984581497797402,False
206.01500000000001,206.01500000000001, like,0.28000000000000114,64,1,200.8225800901698,40.396342193596226,0.0013452896382659,45,0.39096916299559664,False
206.29500000000002,206.29500000000002, the,0.18000000000000682,64,1,200.8225800901698,41.21090257741332,0.001923346193516,45,0.4526431718061697,False
206.47500000000002,206.47500000000002, way,0.1799999999999784,64,1,196.90551789304837,57.912647542519345,0.0106539791449942,45,0.4922907488986823,False
206.655,206.655, it's,0.30000000000001137,64,1,173.7060464553215,53.92092937324753,0.0070651727728545,45,0.5319383259911886,False
206.955,206.955, like,0.0800000000000125,64,1,168.85704449995364,55.45934078285437,0.0080440612509846,45,0.5980176211453763,False
207.03500000000003,207.03500000000003, filmed.,0.7599999999999909,64,1,85.16991544331609,53.51903239865111,0.0073107951320695,45,0.6156387665198284,False
208.115,208.115, It's,0.4000000000000057,65,1,90.1226764516826,42.960619403827025,0.0021233328152447,45,0.8535242290748913,False
208.51500000000001,208.51500000000001, sort,0.13999999999998636,65,1,90.1226764516826,37.75966940426546,0.0010288855992257,45,0.9416299559471395,False
208.655,208.655, of,0.14000000000001478,65,1,90.1226764516826,39.1283232720333,0.0015092242974787,45,0.9724669603524229,False
208.79500000000002,208.79500000000002, just,0.2599999999999909,65,1,90.1226764516826,39.87526710832944,0.0014112432254476,-1,0.0,False
209.055,209.055, a,0.36000000000001364,65,1,90.1226764516826,40.39610204173462,0.001343798590824,-1,0.0,False
209.41500000000002,209.41500000000002, bit,0.19999999999998863,65,1,90.1226764516826,38.89584309911494,0.0013216203078621,-1,0.0,False
209.615,209.615, weird,0.5200000000000102,65,1,90.1226764516826,39.70358720395899,0.0014182524755597,-1,0.0,False
210.13500000000002,210.13500000000002, vibes,0.8400000000000034,65,1,90.1226764516826,48.94770640498257,0.0037984373047953,46,0.08116883116883725,True
210.97500000000002,210.97500000000002, all,0.28000000000000114,65,1,90.1226764516826,40.78709447716552,0.0015692471060907,46,0.2629870129870196,False
211.25500000000002,211.25500000000002, around,0.45999999999997954,65,1,172.10359144304178,41.75822837199588,0.0017241489840667,46,0.3235930735930804,False
211.715,211.715," unsettling,",1.6800000000000068,65,1,172.10359144304178,46.30564812227944,0.0029841407667845,46,0.42316017316017546,False
213.395,213.395, I,0.1599999999999966,65,1,172.10359144304178,38.100183748343376,0.0013120847288519,46,0.7867965367965402,False
213.555,213.555, think,0.18000000000000682,65,1,172.10359144304178,39.5424389589263,0.0012037376873195,46,0.8214285714285741,False
213.735,213.735, the,0.19999999999998863,65,1,172.10359144304178,38.067806765996245,0.0011938161915167,46,0.8603896103896145,False
213.935,213.935, word,0.12000000000000455,65,1,172.10359144304178,37.159085274002194,0.0011386731639504,46,0.9036796536796553,False
214.055,214.055, is.,0.3400000000000034,65,1,172.10359144304178,42.66827559360327,0.0018054968677461,46,0.9296536796536822,False
216.475,216.475, But,0.5600000000000023,66,1,84.93200571584342,42.35452988704708,0.0021059177815907,47,0.4502688172042966,True
217.035,217.035, it's,0.5600000000000023,66,1,109.20437457186624,48.425728973729264,0.0033782103564593,47,0.6008064516128995,False
217.595,217.595, just,0.1599999999999966,66,1,251.33017782539577,44.52090686011639,0.002573211444542,47,0.7513440860215023,False
217.755,217.755, a,0.8599999999999852,66,1,254.9753687607013,59.274057305967006,0.0134261976927558,47,0.7943548387096734,False
218.61499999999998,218.61499999999998, bit,0.14000000000001478,66,1,161.72084100631872,54.127607462671655,0.0069171534851193,-1,0.0,False
218.755,218.755, of,0.1599999999999966,66,1,165.36551087936058,47.916384918310065,0.003909617196766,-1,0.0,False
218.915,218.915, a,0.07999999999998408,66,1,165.36551087936058,40.44762618236269,0.0014358414337039,-1,0.0,False
218.99499999999998,218.99499999999998, meme.,0.2600000000000193,66,1,172.88394893565294,37.76609119133117,0.0011991099454462,48,0.030701754385937356,True
219.255,219.255," Yeah,",0.7599999999999909,66,1,167.98067644328322,57.46483649692112,0.0102090118452908,48,0.25877192982455355,False
220.015,220.015, it's,0.3400000000000034,66,1,102.93195160629412,39.02819975655366,0.0015140634495761,48,0.9254385964912202,False
220.355,220.355, just,0.12000000000000455,66,1,102.93195160629412,39.52805985237267,0.0013917828910059,-1,0.0,False
220.475,220.475, an,0.19999999999998863,66,1,102.93195160629412,40.656152252781744,0.0016307384939859,-1,0.0,False
220.67499999999998,220.67499999999998, action.,0.3400000000000034,66,1,102.93195160629412,40.37521329285112,0.0015699152136221,-1,0.0,False
219.255,219.255," Yeah,",0.7599999999999909,67,1,167.98067644328322,57.46483649692112,0.0102090118452908,48,0.25877192982455355,False
220.015,220.015, it's,0.3400000000000034,67,1,102.93195160629412,39.02819975655366,0.0015140634495761,48,0.9254385964912202,False
220.355,220.355, just,0.12000000000000455,67,1,102.93195160629412,39.52805985237267,0.0013917828910059,-1,0.0,False
220.475,220.475, an,0.19999999999998863,67,1,102.93195160629412,40.656152252781744,0.0016307384939859,-1,0.0,False
220.67499999999998,220.67499999999998, action.,0.3400000000000034,67,1,102.93195160629412,40.37521329285112,0.0015699152136221,-1,0.0,False
221.995,221.995," Yeah,",0.2400000000000091,68,1,102.93195160629412,42.56256005486938,0.0018785237334668,49,0.9227941176470655,True
222.235,222.235, it's,0.30000000000001137,68,1,226.4354610254239,44.32768163370725,0.0020678385626524,-1,0.0,False
222.53500000000003,222.53500000000003, just,0.13999999999998636,68,1,226.4354610254239,38.85958176557396,0.0014142158906907,-1,0.0,False
222.675,222.675," like,",0.0800000000000125,68,1,226.4354610254239,43.58427798739143,0.0023591946810486,-1,0.0,False
222.75500000000002,222.75500000000002, oh,0.539999999999992,68,1,226.4354610254239,42.42498992197466,0.0015914839459579,-1,0.0,False
223.29500000000002,223.29500000000002, my,0.46000000000000796,68,1,226.4354610254239,40.62218955944101,0.0015583231579507,50,0.2753164556962067,True
223.75500000000002,223.75500000000002," god,",0.1799999999999784,68,1,226.4354610254239,47.23886269495066,0.0031573723535983,50,0.5664556962025439,False
224.335,224.335, it's,0.14000000000001478,68,1,217.05568808888611,54.4503604113883,0.0074378978461027,50,0.9335443037974741,False
224.47500000000002,224.47500000000002, just,0.03999999999999204,68,1,217.05568808888611,52.6979550169727,0.0061376742087307,-1,0.0,False
224.51500000000001,224.51500000000001, like,0.1599999999999966,68,1,217.05568808888611,52.69172266889446,0.0061180721968412,-1,0.0,False
224.675,224.675, all,0.1599999999999966,68,1,205.40448071628188,44.090111567330496,0.0026368307881074,-1,0.0,False
224.835,224.835, you,0.14000000000001478,68,1,205.40448071628188,55.3411429874738,0.0085527915507555,51,0.06683168316832606,True
224.97500000000002,224.97500000000002, do,0.3199999999999932,68,1,141.82325313583866,52.195072089287606,0.0056279595009974,51,0.13613861386140233,False
225.29500000000002,225.29500000000002, to,0.539999999999992,68,1,187.9636252219171,49.159878762792665,0.0064152074046471,51,0.2945544554455566,False
225.835,225.835, accept,0.5800000000000125,68,1,170.1761464722882,56.987881491476614,0.0095912273973226,51,0.5618811881188186,False
226.41500000000002,226.41500000000002, that.,0.19999999999998863,68,1,172.30025595061082,51.65215243160848,0.0050834398716689,51,0.8490099009901104,False
227.03500000000005,227.03500000000005," Yeah,",0.47999999999998977,69,1,158.75058634009886,43.90819614742541,0.0024442153517155,-1,0.0,False
227.59500000000006,227.59500000000006," yeah,",0.37999999999999545,69,1,80.06657808277323,42.78672311394316,0.0017285317881036,52,0.3388157894737167,True
228.03500000000005,228.03500000000005," yeah,",0.0,69,1,119.90436844223927,46.63384017593047,0.0033239051699624,52,0.6282894736842449,False
228.03500000000005,228.03500000000005, it's,0.19999999999998863,69,1,119.90436844223927,46.63384017593047,0.0033239051699624,52,0.6282894736842449,False
228.23500000000004,228.23500000000004, just,0.12000000000000455,69,1,180.41264292118493,52.096311357469354,0.0057830433361232,52,0.7598684210526602,False
228.35500000000005,228.35500000000005, like,0.21999999999999886,69,1,174.16568830980225,43.45358928661758,0.0027925758622586,52,0.8388157894737167,False
228.57500000000005,228.57500000000005, satire.,0.6200000000000045,69,1,170.0388631500615,53.33022492852025,0.007413578685373,52,0.9835526315789809,False
229.39500000000004,229.39500000000004, But,0.0800000000000125,69,1,170.0388631500615,42.18221353041622,0.0018078923458233,53,0.7187500000000466,True
229.47500000000005,229.47500000000005, there's,0.3400000000000034,69,1,170.0388631500615,42.77213293151107,0.0018422221764925,53,0.8187500000000608,False
229.81500000000005,229.81500000000005, a,0.09999999999999432,69,1,170.0388631500615,43.13331109307115,0.001878727111035,-1,0.0,False
229.91500000000005,229.91500000000005, part,0.13999999999998636,69,1,170.0388631500615,44.64321047046394,0.0022643825504926,-1,0.0,False
230.05500000000004,230.05500000000004, two,0.21999999999999886,69,1,170.0388631500615,41.34255120066394,0.0018138278974207,-1,0.0,False
230.27500000000003,230.27500000000003, apparently.,0.4800000000000182,69,1,170.0388631500615,51.401409006875966,0.005086944438517,54,0.03089887640451416,True
229.395,229.395, But,0.0800000000000125,70,1,170.0388631500615,42.18221353041622,0.0018078923458233,53,0.7187500000000111,False
229.47500000000002,229.47500000000002, there's,0.3400000000000034,70,1,170.0388631500615,41.05672132221111,0.0018255453323945,53,0.8187500000000253,False
229.81500000000003,229.81500000000003, a,0.09999999999999432,70,1,170.0388631500615,43.13331109307115,0.001878727111035,-1,0.0,False
229.91500000000002,229.91500000000002, part,0.13999999999998636,70,1,170.0388631500615,45.24556518854245,0.0027280661743121,-1,0.0,False
230.055,230.055, two,0.21999999999999886,70,1,170.0388631500615,42.33831934790287,0.0018859910778701,-1,0.0,False
230.275,230.275, apparently.,0.4800000000000182,70,1,170.0388631500615,51.401409006875966,0.005086944438517,54,0.030898876404498194,False
231.195,231.195, I,0.23999999999998067,71,1,218.6303596513194,44.273587522236305,0.0022521638311441,54,0.5477528089887606,False
231.43499999999997,231.43499999999997, didn't,0.160000000000025,71,1,218.6303596513194,45.02358450372342,0.0027302289381623,54,0.6825842696629069,False
231.595,231.595, know,0.1799999999999784,71,1,218.6303596513194,49.127575468258385,0.0039484924636777,54,0.772471910112359,False
231.77499999999998,231.77499999999998, that.,0.5600000000000023,71,1,218.6303596513194,41.442235655239216,0.001854075002484,54,0.8735955056179648,False
232.975,232.975," Actually,",0.47999999999998977,72,1,218.6303596513194,37.45851850159905,0.0010060592321678,55,0.02308707124010334,True
233.595,233.595," yeah,",0.1599999999999966,72,1,173.5812127369111,53.982873818283814,0.0067485198378575,55,0.10488126649076374,False
233.815,233.815, I,0.0,72,1,163.12992207339016,51.80747387342818,0.0053777410648765,55,0.1339050131926106,False
233.815,233.815, didn't,0.23999999999998067,72,1,163.12992207339016,51.80747387342818,0.0053777410648765,55,0.1339050131926106,False
234.05499999999998,234.05499999999998, know,0.12000000000000455,72,1,163.12992207339016,51.02774889316749,0.0050971009768545,55,0.16556728232189574,False
234.17499999999998,234.17499999999998, that.,0.1599999999999966,72,1,177.46916006071817,46.890187578272474,0.003293635323642,55,0.18139841688654015,False
235.09500000000003,235.09500000000003," No,",0.47999999999998977,73,1,166.9108354469167,51.504776812222,0.0056114811450241,55,0.3027704485488154,False
236.57500000000002,236.57500000000002, no.,0.09999999999999432,73,1,166.9108354469167,42.649083479930916,0.0017962544225156,55,0.4980211081794213,False
236.935,236.935, Apparently,0.3400000000000034,74,1,166.9108354469167,40.74223820421979,0.0016023499192669,55,0.5455145118733509,False
237.275,237.275, it's,0.2400000000000091,74,1,166.9108354469167,40.1543375846118,0.0016632960177958,55,0.5903693931398422,False
237.51500000000001,237.51500000000001, not,0.1599999999999966,74,1,166.9108354469167,38.92889357679782,0.001413304824382,55,0.6220316622691311,False
237.675,237.675, like,0.21999999999999886,74,1,166.9108354469167,40.08468883855406,0.0015285083791237,55,0.6431398416886557,False
237.895,237.895, Patrick,0.3199999999999932,74,1,166.9108354469167,39.390514906581735,0.0015297542558982,55,0.6721635883905026,False
238.215,238.215, Bacon,0.36000000000001364,74,1,166.9108354469167,38.60670354885967,0.0013279718114063,55,0.7143799472295519,False
238.57500000000002,238.57500000000002, though.,0.37999999999999545,74,1,166.9108354469167,40.10351110392954,0.0013467164244502,55,0.7618733509234852,False
239.315,239.315, It's,0.28000000000000114,75,1,166.9108354469167,37.107987837999936,0.001206486835144,55,0.8594986807387863,False
239.595,239.595, like,0.19999999999998863,75,1,187.37873827943815,40.54339118987301,0.0014318167231974,55,0.8964379947229554,False
239.795,239.795, a,0.2599999999999909,75,1,187.37873827943815,44.8010702846917,0.0025345201138388,55,0.9228232189973603,False
240.05499999999998,240.05499999999998, girl.,0.7800000000000011,75,1,187.37873827943815,38.650051765226266,0.0012057746062055,55,0.9571240105540874,False
241.055,241.055," Yeah,",0.21999999999999886,76,1,187.37873827943815,49.313547585608625,0.0038213157095015,56,0.059160305343511785,True
241.275,241.275, exactly.,0.5800000000000125,76,1,187.37873827943815,41.135803636558954,0.0023611725773662,56,0.14312977099236615,False
242.455,242.455," Yeah,",0.3400000000000034,77,1,187.37873827943815,47.657674009293615,0.0033585815690457,56,0.593511450381681,False
243.175,243.175, something,0.5999999999999943,77,1,187.37873827943815,44.816744753864015,0.0023976711090651,56,0.8683206106870236,False
243.775,243.775, like,0.18000000000000682,77,1,187.37873827943815,38.91942391945187,0.0013308039633557,-1,0.0,False
243.955,243.955, that.,0.28000000000000114,77,1,187.37873827943815,47.240657160059286,0.0049218777567148,-1,0.0,False
245.03500000000005,245.03500000000005, So,0.4399999999999977,78,1,189.21680063326727,38.677274488993824,0.0012854012893521,57,0.5994318181818479,True
245.47500000000005,245.47500000000005, do,0.28000000000000114,78,1,189.21680063326727,40.541820226019176,0.0014840307412684,57,0.8494318181818439,False
245.75500000000005,245.75500000000005, you,0.1599999999999966,78,1,189.21680063326727,42.7669637912995,0.0019681947305799,-1,0.0,False
245.91500000000005,245.91500000000005, have,0.18000000000000682,78,1,189.21680063326727,40.88991877525774,0.0015167942037798,-1,0.0,False
246.09500000000006,246.09500000000006, like,0.19999999999998863,78,1,125.78960204684272,39.37477135396069,0.0012169611873105,-1,0.0,False
246.29500000000004,246.29500000000004, a,0.13999999999998636,78,1,125.78960204684272,41.16074457204499,0.0017573140794411,-1,0.0,False
246.43500000000003,246.43500000000003, favorite,0.3200000000000216,78,1,125.78960204684272,39.481968995837626,0.00141416490078,-1,0.0,False
246.75500000000005,246.75500000000005, movie,0.47999999999998977,78,1,125.78960204684272,41.70928404077095,0.0016584856202819,58,0.022151898734182315,True
247.23500000000004,247.23500000000004, or,0.4399999999999977,78,1,125.22679909507671,49.19043126831779,0.0040034963749349,58,0.08291139240506727,False
247.67500000000004,247.67500000000004, a,0.21999999999999886,78,1,125.22679909507671,47.4036141259094,0.0032631051726639,58,0.1386075949367127,False
247.89500000000004,247.89500000000004, show?,2.740000000000009,78,1,125.22679909507671,46.5004833150032,0.0036404114216534,58,0.16645569620253545,False
250.63500000000005,250.63500000000005, I,0.12000000000000455,78,1,187.15553002336785,43.86644949092522,0.0022994766477493,58,0.5132911392405123,False
250.75500000000005,250.75500000000005, saw,0.9399999999999977,78,1,187.15553002336785,40.55630114456946,0.0014214196708056,58,0.5284810126582344,False
251.69500000000005,251.69500000000005, a,0.23999999999998067,78,1,187.15553002336785,41.23521779315374,0.0016965528484431,58,0.6474683544303863,False
251.93500000000003,251.93500000000003, favorite,0.160000000000025,78,1,187.15553002336785,46.6601389877363,0.0028730437625203,58,0.6778481012658271,False
252.09500000000006,252.09500000000006, movie.,0.5199999999999818,78,1,187.15553002336785,38.8257347011517,0.0013456868473439,58,0.6981012658227923,False
250.635,250.635, I,0.12000000000000455,79,1,187.15553002336785,44.37270561301073,0.0026733058039088,58,0.5132911392405051,False
250.755,250.755, saw,0.9399999999999977,79,1,187.15553002336785,40.33102398390476,0.0014569126069544,58,0.5284810126582272,False
251.695,251.695, a,0.23999999999998067,79,1,187.15553002336785,42.16269809399644,0.0019692305941126,58,0.6474683544303792,False
251.93499999999997,251.93499999999997, favorite,0.160000000000025,79,1,187.15553002336785,46.145397971027535,0.0027698560152202,58,0.6778481012658198,False
252.095,252.095, movie.,0.5199999999999818,79,1,187.15553002336785,39.757611633904645,0.0013081440702081,58,0.6981012658227851,False
253.135,253.135, One,0.13999999999998636,80,1,187.15553002336785,45.870943824806425,0.0030504027381547,58,0.8297468354430376,False
253.27499999999998,253.27499999999998, of,0.060000000000002274,80,1,187.15553002336785,51.1554713100071,0.0049642631784081,58,0.8474683544303777,False
253.33499999999998,253.33499999999998, my,0.09999999999999432,80,1,187.15553002336785,50.44097913612114,0.004666113294661,58,0.8550632911392388,False
253.43499999999997,253.43499999999997, favorite,0.2400000000000091,80,1,185.12132361534623,56.78962004039849,0.0096069956198334,58,0.8677215189873394,False
253.67499999999998,253.67499999999998," movies,",0.30000000000001137,80,1,183.42648733692735,51.493833291610294,0.0052366973832234,58,0.8981012658227836,False
254.515,254.515, you,0.19999999999998863,80,1,89.175220872843,50.27090418638654,0.0042508617043483,-1,0.0,False
254.71499999999997,254.71499999999997, know,0.1599999999999966,80,1,89.4079446819183,44.056180992939375,0.0019960175268352,-1,0.0,False
254.87499999999997,254.87499999999997, how,0.20000000000001705,80,1,89.4079446819183,40.68270218830386,0.0014966871822251,-1,0.0,False
255.075,255.075, to,0.07999999999998408,80,1,89.4079446819183,39.10907879886328,0.001240819110535,-1,0.0,False
255.15499999999997,255.15499999999997, train,0.30000000000001137,80,1,89.4079446819183,37.50374455251385,0.0011066192528235,-1,0.0,False
255.45499999999998,255.45499999999998," you,",0.09999999999999432,80,1,89.4079446819183,38.8091821481074,0.0014801438665013,59,0.07681564245809455,True
255.635,255.635, right?,0.12000000000000455,80,1,89.4079446819183,39.207692637184365,0.0013904542429374,59,0.12709497206703524,False
256.215,256.215," Yeah,",0.21999999999999886,81,1,89.4079446819183,49.60117442272548,0.0038583264686167,59,0.28910614525138906,False
256.655,256.655, yeah.,0.6200000000000045,81,1,89.4079446819183,42.56914640989609,0.0021389548201102,59,0.4120111731843498,False
257.275,257.275, The,0.0800000000000125,81,1,200.88264922898185,41.05003627282684,0.0016089074779294,59,0.5851955307262513,False
257.355,257.355, second,0.37999999999999545,81,1,200.88264922898185,37.50262205809068,0.0011327143292874,59,0.6075418994413466,False
257.735,257.735, one.,0.2400000000000091,81,1,200.88264922898185,46.29242379430966,0.0032864203676581,59,0.7136871508379939,False
257.275,257.275, The,0.0800000000000125,82,1,200.88264922898185,41.05003627282684,0.0016089074779294,59,0.5851955307262513,False
257.355,257.355, second,0.37999999999999545,82,1,200.88264922898185,37.50262205809068,0.0011327143292874,59,0.6075418994413466,False
257.735,257.735, one.,0.2400000000000091,82,1,200.88264922898185,46.29242379430966,0.0032864203676581,59,0.7136871508379939,False
258.815,258.815, Whenever,0.4399999999999977,83,1,200.88264922898185,40.58420860161778,0.0016897490713745,-1,0.0,False
259.255,259.255, the,0.4399999999999977,83,1,200.88264922898185,50.67666012764029,0.0048499936237931,-1,0.0,False
259.695,259.695, conversation,0.3599999999999852,83,1,188.48277363444825,55.694839948361874,0.0083500621840357,-1,0.0,False
260.05499999999995,260.05499999999995, comes,0.4399999999999977,83,1,99.17610877239277,57.195630293353915,0.0108712315559387,-1,0.0,False
260.495,260.495," up,",0.20000000000001705,83,1,215.47194250632353,44.11200130034333,0.0040884078480303,60,0.07812499999998981,True
260.855,260.855, I,0.060000000000002274,83,1,212.16567821997145,60.88842178153538,0.0155647248029708,60,0.453125000000012,False
260.91499999999996,260.91499999999996, spend,0.12000000000000455,83,1,212.84498651100705,62.95202013740912,0.0191401168704032,60,0.5156249999999565,False
261.03499999999997,261.03499999999997, like,0.21999999999999886,83,1,178.85794074139991,56.35426717354724,0.0095441499725071,60,0.6406249999999638,False
261.255,261.255, 30,0.7199999999999989,83,1,169.70009157857066,50.36951363774287,0.0047824601642787,60,0.8697916666666637,False
261.975,261.975, minutes,0.2599999999999909,83,1,170.4431557860701,49.343544960743245,0.0041164956055581,61,0.05514705882352978,True
262.235,262.235, like,0.30000000000001137,83,1,170.4431557860701,39.741528288840584,0.0012674754252657,61,0.09338235294117576,False
262.53499999999997,262.53499999999997," onions,",0.3599999999999852,83,1,124.70339734899052,38.974949742316966,0.0012900093570352,61,0.1374999999999929,False
263.115,263.115, my,0.0800000000000125,83,1,124.70339734899052,47.993463829396845,0.0037610179278999,61,0.2227941176470583,False
263.195,263.195," points,",0.3199999999999932,83,1,124.70339734899052,44.9205581795499,0.0023560561239719,61,0.234558823529409,False
263.595,263.595, why,0.09999999999999432,83,1,121.62153231707973,50.00730424730295,0.0055428296327557,61,0.2933823529411791,False
263.695,263.695, is,0.1799999999999784,83,1,121.96962900927768,39.471037627939694,0.0014123179716989,61,0.3080882352941154,False
263.875,263.875, it,0.0800000000000125,83,1,121.96962900927768,37.83490085674792,0.0010440943296998,61,0.33455882352941063,False
263.955,263.955, greatest?,0.28000000000000114,83,1,121.96962900927768,39.27686400677531,0.0014677854487674,61,0.3463235294117613,False
264.43499999999995,264.43499999999995, I'm,0.20000000000001705,83,1,121.96962900927768,39.27663112399757,0.0011737934546545,61,0.41691176470587377,False
264.635,264.635, ready,0.12000000000000455,83,1,121.96962900927768,49.01622378877265,0.0040990100242197,61,0.446323529411763,False
264.755,264.755, to,0.21999999999999886,83,1,121.96962900927768,41.13368239388405,0.0016913582803681,61,0.4639705882352932,False
264.975,264.975, film.,0.19999999999998863,83,1,121.96962900927768,48.982250196173965,0.0039291949942708,61,0.49632352941176805,False
265.315,265.315," Okay,",0.3599999999999852,83,1,121.96962900927768,41.09031498440013,0.0017704596975818,61,0.5463235294117647,False
266.115,266.115," yeah,",0.2400000000000091,83,1,195.06993437085143,38.63760552043682,0.0011568927438929,61,0.6639705882352965,False
266.43499999999995,266.43499999999995, yeah.,0.28000000000000114,83,1,195.06993437085143,44.74094471576955,0.0022526246029883,61,0.7110294117646992,False
263.595,263.595, why,0.09999999999999432,84,1,121.62153231707973,50.00730424730295,0.0055428296327557,61,0.2933823529411791,False
263.69500000000005,263.69500000000005, is,0.1799999999999784,84,1,121.96962900927768,39.471037627939694,0.0014123179716989,61,0.3080882352941237,False
263.875,263.875, it,0.0800000000000125,84,1,121.96962900927768,37.83490085674792,0.0010440943296998,61,0.33455882352941063,False
263.95500000000004,263.95500000000004, greatest?,0.28000000000000114,84,1,121.96962900927768,39.27686400677531,0.0014677854487674,61,0.3463235294117697,False
264.435,264.435, I'm,0.20000000000001705,85,1,121.96962900927768,39.27663112399757,0.0011737934546545,61,0.41691176470588215,False
264.635,264.635, ready,0.12000000000000455,85,1,121.96962900927768,49.01622378877265,0.0040990100242197,61,0.446323529411763,False
264.755,264.755, to,0.21999999999999886,85,1,121.96962900927768,41.13368239388405,0.0016913582803681,61,0.4639705882352932,False
264.975,264.975, film.,0.19999999999998863,85,1,121.96962900927768,48.982250196173965,0.0039291949942708,61,0.49632352941176805,False
265.315,265.315," Okay,",0.3599999999999852,86,1,121.96962900927768,41.09031498440013,0.0017704596975818,61,0.5463235294117647,False
266.115,266.115," yeah,",0.2400000000000091,86,1,195.06993437085143,38.63760552043682,0.0011568927438929,61,0.6639705882352965,False
266.43499999999995,266.43499999999995, yeah.,0.28000000000000114,86,1,195.06993437085143,44.74094471576955,0.0022526246029883,61,0.7110294117646992,False
267.415,267.415, It's,0.4399999999999977,87,1,195.06993437085143,42.7510966506288,0.0021424961742013,61,0.8551470588235348,False
267.855,267.855," just,",0.1599999999999966,87,1,188.98075454542064,54.202914003055845,0.0073401811532676,61,0.9198529411764761,False
268.235,268.235, I,0.2599999999999909,87,1,161.40000781487666,47.15393098143305,0.0040234890766441,61,0.9757352941176523,False
268.495,268.495, really,0.30000000000001137,87,1,157.839989582878,47.0171926843712,0.0032522324472665,-1,0.0,False
268.795,268.795, respect,0.3199999999999932,87,1,157.839989582878,46.07671767210437,0.0026970661710947,62,0.07675438596491818,True
269.115,269.115, the,0.37999999999999545,87,1,157.839989582878,43.320573275377555,0.0023384955711662,62,0.21710526315789933,False
269.495,269.495, best,0.34000000000003183,87,1,157.839989582878,49.761757934399704,0.0042225178331136,62,0.383771929824566,False
269.83500000000004,269.83500000000004, in,0.19999999999998863,87,1,157.839989582878,45.38132163425778,0.0028579270001493,62,0.5328947368421256,False
270.035,270.035, other,0.12000000000000455,87,1,117.83824515152013,48.64297906032129,0.0036827700678263,62,0.6206140350877357,False
270.15500000000003,270.15500000000003, segments,0.3599999999999568,87,1,117.83824515152013,46.28690844586579,0.0031538391485783,62,0.6732456140351067,False
270.515,270.515, of,0.20000000000004547,87,1,117.83824515152013,45.87996306422548,0.0025494354777041,62,0.831140350877195,False
270.71500000000003,270.71500000000003, the,0.0999999999999659,87,1,117.83824515152013,40.09533091987837,0.0014394382014858,62,0.91885964912283,False
270.815,270.815, dark.,0.18000000000000682,87,1,117.83824515152013,44.52076542570399,0.0027026119641959,62,0.9627192982456225,False
271.355,271.355, Really?,0.4200000000000159,88,1,117.83824515152013,40.35090060782454,0.002223152667284,-1,0.0,False
272.055,272.055, Why?,0.07999999999998408,89,1,133.01266468611763,48.26059346410758,0.0033456026576459,63,0.7628205128205016,True
272.135,272.135, Why?,0.160000000000025,89,1,133.01266468611763,48.51576621843096,0.0039252457208931,63,0.8653846153845873,False
272.135,272.135, Why?,0.160000000000025,90,1,133.01266468611763,48.51576621843096,0.0039252457208931,63,0.8653846153845873,False
272.65500000000003,272.65500000000003, Give,0.12000000000000455,91,1,227.98028650321737,41.0974163649795,0.0017841360531745,-1,0.0,False
272.77500000000003,272.77500000000003, me,0.18000000000000682,91,1,198.85602017303353,60.76075197281989,0.0154440291225861,64,0.008899676375405707,True
272.95500000000004,272.95500000000004, three,0.21999999999997044,91,1,81.18379978501267,53.98722929257225,0.0069284201599643,64,0.03802588996764006,False
273.175,273.175, reasons.,0.4399999999999977,91,1,176.4807145274283,54.666687081526064,0.0076673021540045,64,0.07362459546925368,False
273.83500000000004,273.83500000000004," Okay,",0.339999999999975,92,1,172.18180112405673,45.528670804597795,0.0028108768165076,64,0.18042071197411297,False
274.33500000000004,274.33500000000004, because,0.17999999999994998,92,1,124.96380417218327,41.4206604167308,0.0015603501815338,64,0.26132686084142753,False
274.515,274.515, it,0.7400000000000091,92,1,124.96380417218327,39.58421470099661,0.0012519655283542,64,0.2904530744336527,False
275.255,275.255, rarely,0.5,92,1,200.18959632349583,55.04305815132998,0.0070816045626997,64,0.4101941747572797,False
275.755,275.755, does,0.6800000000000068,92,1,185.98329782232548,49.61261689279054,0.0047758775763213,64,0.49110032362459427,False
276.435,276.435, a,0.4399999999999977,92,1,185.98329782232548,41.06624615434161,0.0017028176225721,64,0.6011326860841432,False
276.875,276.875, second,0.5200000000000387,92,1,117.73099208814502,39.67200749897092,0.0013142880052328,64,0.6723300970873797,False
277.39500000000004,277.39500000000004, movie,0.5600000000000023,92,1,117.73099208814502,40.60561080129704,0.0015750986058255,64,0.756472491909393,False
277.95500000000004,277.95500000000004, ever,0.839999999999975,92,1,126.21333307220335,38.89240601051044,0.0013708648039039,64,0.8470873786407858,False
278.795,278.795, live,0.2799999999999727,92,1,186.6664239765107,47.324966555982925,0.00314721907489,64,0.9830097087378702,False
279.075,279.075, up,0.1400000000000432,92,1,186.6664239765107,39.06535308374896,0.0013889077818021,-1,0.0,False
279.21500000000003,279.21500000000003, to,0.0999999999999659,92,1,186.6664239765107,38.72600745624192,0.0011475298088049,-1,0.0,False
279.315,279.315, the,0.10000000000002274,92,1,186.6664239765107,38.19842846624635,0.0010839221067726,-1,0.0,False
279.415,279.415, first,0.2799999999999727,92,1,186.6664239765107,37.75988498771373,0.0009899820433929,-1,0.0,False
279.695,279.695, one.,0.18000000000000682,92,1,183.8166597518313,52.9066182459952,0.0067294794134795,65,0.1337209302325666,True
280.055,280.055," Okay,",0.13999999999998636,92,1,169.3840820482109,50.99336949609511,0.0054333838634192,65,0.5523255813953665,False
280.27500000000003,280.27500000000003, good,0.15999999999996817,92,1,125.2344975468863,48.794421667478005,0.0042469594627553,65,0.8081395348837663,False
280.435,280.435, point.,0.19999999999998863,92,1,170.75995236170024,53.28555292868602,0.0080045601353049,65,0.9941860465116333,False
280.055,280.055," Okay,",0.13999999999998636,93,1,169.3840820482109,50.99336949609511,0.0054333838634192,65,0.5523255813953665,False
280.27500000000003,280.27500000000003, good,0.15999999999996817,93,1,125.2344975468863,48.794421667478005,0.0042469594627553,65,0.8081395348837663,False
280.435,280.435, point.,0.19999999999998863,93,1,170.75995236170024,53.28555292868602,0.0080045601353049,65,0.9941860465116333,False
280.855,280.855, This,0.0,94,1,170.75995236170024,40.25522771593998,0.0014582494040951,-1,0.0,False
280.855,280.855, one,0.0,94,1,170.75995236170024,40.25522771593998,0.0014582494040951,-1,0.0,False
280.855,280.855, below,0.30000000000001137,94,1,170.75995236170024,40.25522771593998,0.0014582494040951,-1,0.0,False
281.15500000000003,281.15500000000003, is,0.19999999999998863,94,1,170.75995236170024,42.12477322151837,0.0017469215672465,-1,0.0,False
281.355,281.355, the,0.10000000000002274,94,1,170.75995236170024,38.293641777119035,0.0011460736859589,-1,0.0,False
281.45500000000004,281.45500000000004, outer,0.0999999999999659,94,1,170.75995236170024,45.042677915689936,0.0023501073010253,-1,0.0,False
281.555,281.555," port,",0.28000000000002956,94,1,170.75995236170024,42.68335225965301,0.0019147668499499,-1,0.0,False
282.135,282.135, it,0.060000000000002274,94,1,170.75995236170024,44.44734051810737,0.0022817149292677,-1,0.0,False
282.195,282.195, makes,0.2400000000000091,94,1,170.75995236170024,44.629151501975045,0.0024242945946753,-1,0.0,False
282.435,282.435, it,0.12000000000000455,94,1,116.52799061870408,39.169800801077976,0.0014658876461908,-1,0.0,False
282.555,282.555, so,0.160000000000025,94,1,116.52799061870408,44.68312826753625,0.0024983196053653,-1,0.0,False
282.71500000000003,282.71500000000003, bigger.,0.4199999999999591,94,1,116.52799061870408,40.43385719320372,0.0015045085456226,-1,0.0,False
283.69500000000005,283.69500000000005, Expandes,0.45999999999997954,95,1,116.52799061870408,38.76803890125741,0.0011884508421644,66,0.041443850267388116,True
284.15500000000003,284.15500000000003, the,0.03999999999996362,95,1,116.52799061870408,47.42521943938792,0.0037154897581733,66,0.16443850267380133,False
284.195,284.195, universe.,0.28000000000002956,95,1,116.52799061870408,40.1699531695845,0.001753261545673,66,0.17513368983956715,False
284.95500000000004,284.95500000000004," Yeah,",0.19999999999998863,96,1,117.2838904189041,43.1179744247313,0.0021714738104478,66,0.37834224598931515,False
285.295,285.295, yeah.,0.2400000000000091,96,1,117.2838904189041,51.08526599311401,0.0046507543884217,66,0.46925133689840054,False
285.595,285.595," Yeah,",0.13999999999998636,96,1,117.2838904189041,38.28806167937104,0.0013334259856487,66,0.5494652406417201,False
285.735,285.735, it,0.13999999999998636,96,1,117.2838904189041,38.93317139238482,0.0014359288616105,66,0.5868983957219309,False
285.875,285.875, gives,0.10000000000002274,96,1,117.2838904189041,40.31666384780189,0.0015055024996399,66,0.6243315508021416,False
285.975,285.975, us,0.13999999999998636,96,1,117.2838904189041,39.98002926541467,0.0014132611686363,66,0.6510695187165866,False
286.115,286.115, like,0.18000000000000682,96,1,117.2838904189041,39.97677515151719,0.0013581779785454,66,0.6885026737967973,False
286.295,286.295, good,0.6999999999999886,96,1,117.2838904189041,40.40567055563137,0.0014214919647201,66,0.736631016042789,False
286.995,286.995," story,",0.5,96,1,230.5838186520856,46.23797326494437,0.0030051057692617,66,0.923796791443858,False
287.755,287.755, good,0.6200000000000045,96,1,230.5838186520856,38.51112188756744,0.0012032435042783,-1,0.0,False
288.375,288.375," action,",0.4000000000000341,96,1,229.9853437492831,57.01668888822811,0.010773379355669,67,0.1352272727272667,True
289.235,289.235, and,0.2400000000000091,96,1,103.71852484187548,44.39680729665773,0.002585066249594,67,0.3306818181818163,False
289.475,289.475, a,0.12000000000000455,96,1,207.34647383093449,42.9162418882036,0.0022635739296674,67,0.38522727272727314,False
289.595,289.595, built,0.2599999999999909,96,1,207.34647383093449,41.60679361634067,0.0016539479838678,67,0.4125000000000016,False
289.855,289.855,-up,0.2599999999999909,96,1,207.34647383093449,43.15655679379442,0.0021432561334222,67,0.47159090909090895,False
290.115,290.115, world,0.19999999999998863,96,1,217.34698818593503,57.3241128529272,0.0108015462756156,67,0.5306818181818163,False
290.315,290.315, of,0.22000000000002728,96,1,209.7476368812665,49.77683635623104,0.0052821426652371,67,0.5761363636363593,False
290.535,290.535, third,0.2599999999999909,96,1,215.4257962027326,50.32736416728795,0.0045959339477144,67,0.6261363636363658,False
290.795,290.795, movie.,0.339999999999975,96,1,215.4257962027326,39.76060057871871,0.0013152468018233,67,0.6852272727272731,False
285.595,285.595," Yeah,",0.13999999999998636,97,1,117.2838904189041,38.28806167937104,0.0013334259856487,66,0.5494652406417201,False
285.735,285.735, it,0.13999999999998636,97,1,117.2838904189041,38.93317139238482,0.0014359288616105,66,0.5868983957219309,False
285.875,285.875, gives,0.10000000000002274,97,1,117.2838904189041,40.31666384780189,0.0015055024996399,66,0.6243315508021416,False
285.975,285.975, us,0.13999999999998636,97,1,117.2838904189041,39.98002926541467,0.0014132611686363,66,0.6510695187165866,False
286.115,286.115, like,0.18000000000000682,97,1,117.2838904189041,39.97677515151719,0.0013581779785454,66,0.6885026737967973,False
286.295,286.295, good,0.6999999999999886,97,1,117.2838904189041,40.40567055563137,0.0014214919647201,66,0.736631016042789,False
286.995,286.995," story,",0.5,97,1,230.5838186520856,46.23797326494437,0.0030051057692617,66,0.923796791443858,False
287.755,287.755, good,0.6200000000000045,97,1,230.5838186520856,38.51112188756744,0.0012032435042783,-1,0.0,False
288.375,288.375," action,",0.4000000000000341,97,1,229.9853437492831,57.01668888822811,0.010773379355669,67,0.1352272727272667,False
289.235,289.235, and,0.2400000000000091,97,1,103.71852484187548,44.39680729665773,0.002585066249594,67,0.3306818181818163,False
289.475,289.475, a,0.12000000000000455,97,1,207.34647383093449,42.9162418882036,0.0022635739296674,67,0.38522727272727314,False
289.595,289.595, built,0.2599999999999909,97,1,207.34647383093449,41.60679361634067,0.0016539479838678,67,0.4125000000000016,False
289.855,289.855,-up,0.2599999999999909,97,1,207.34647383093449,43.15655679379442,0.0021432561334222,67,0.47159090909090895,False
290.115,290.115, world,0.19999999999998863,97,1,217.34698818593503,57.3241128529272,0.0108015462756156,67,0.5306818181818163,False
290.315,290.315, of,0.22000000000002728,97,1,209.7476368812665,49.77683635623104,0.0052821426652371,67,0.5761363636363593,False
290.535,290.535, third,0.2599999999999909,97,1,215.4257962027326,50.32736416728795,0.0045959339477144,67,0.6261363636363658,False
290.795,290.795, movie.,0.339999999999975,97,1,215.4257962027326,39.76060057871871,0.0013152468018233,67,0.6852272727272731,False
291.815,291.815," Okay,",0.28000000000002956,98,1,215.4257962027326,40.09479752986713,0.0013521967921406,67,0.917045454545452,False
292.33500000000004,292.33500000000004, okay.,0.339999999999975,98,1,215.4257962027326,41.64603490966806,0.0018458580598234,-1,0.0,False
295.77500000000003,295.77500000000003, The,0.45999999999997954,99,1,169.8796364014043,44.7035179462716,0.0026454471517331,-1,0.0,False
296.235,296.235, only,0.12000000000000455,99,1,160.56985059500357,56.37425486013805,0.0089484713971614,70,0.473958333333358,True
296.355,296.355, thing,0.15999999999996817,99,1,154.12958463527298,53.392360906608104,0.0065627563744783,70,0.598958333333358,False
296.515,296.515, that,0.1400000000000432,99,1,160.0394660412399,52.83578173834311,0.0057407454587555,70,0.7656249999999852,False
296.65500000000003,296.65500000000003, I've,0.37999999999999545,99,1,156.19170909727015,55.9612931457708,0.0088987126946445,70,0.911458333333358,False
297.035,297.035, noticed,0.12000000000000455,99,1,132.42541548841095,37.6711943691608,0.0011407152051117,-1,0.0,False
297.15500000000003,297.15500000000003, now,0.21999999999997044,99,1,78.70705709272079,60.74292103151015,0.0178120508790184,71,0.013157894736851665,True
297.375,297.375, maybe,0.30000000000001137,99,1,203.0298238093725,61.27299628403392,0.0164947565644979,71,0.09586466165413478,False
297.675,297.675, is,0.8199999999999932,99,1,198.6687573456436,62.33349649579061,0.0181425288319587,71,0.20864661654135844,False
298.495,298.495, interdispyterverse.,1.0199999999999818,99,1,166.64169898208138,56.66327920674066,0.0095885945484042,71,0.5169172932330889,False
300.01500000000004,300.01500000000004, I,0.45999999999997954,100,1,160.03953644251823,43.68832213210871,0.0020438162609953,-1,0.0,False
300.475,300.475, don't,0.12000000000000455,100,1,160.03953644251823,40.341270722813746,0.0013636479852721,-1,0.0,False
300.595,300.595, know,0.15999999999996817,100,1,160.03953644251823,45.745440240009856,0.0027453803922956,-1,0.0,False
300.755,300.755, that,0.160000000000025,100,1,160.03953644251823,47.596159700066686,0.0031294685322791,-1,0.0,False
300.915,300.915, one.,0.15999999999996817,100,1,160.03953644251823,44.60597967496851,0.0025101064238697,72,0.049270072992717996,True
301.075,301.075," No,",0.2400000000000091,100,1,160.03953644251823,50.06004597198194,0.0042081628926098,72,0.10766423357664778,False
301.315,301.315, it's,0.1400000000000432,100,1,183.30832302767917,48.06443290408966,0.003537451615557,72,0.19525547445256322,False
301.45500000000004,301.45500000000004, interdispyterverse.,0.6999999999999886,100,1,183.30832302767917,47.75618431766946,0.003284013364463,72,0.24635036496352772,False
302.15500000000003,302.15500000000003," No,",0.15999999999996817,100,1,183.30832302767917,38.45034713142497,0.001399811473675,72,0.5018248175182672,False
302.45500000000004,302.45500000000004, what,0.07999999999998408,100,1,183.30832302767917,44.230734021206345,0.0021679110359406,72,0.6113138686131615,False
302.535,302.535, is,0.13999999999998636,100,1,183.30832302767917,46.06702429037176,0.0024192347191271,72,0.6405109489051265,False
302.675,302.675, it?,0.3199999999999932,100,1,193.90827441906848,59.4800547974277,0.0130270486697554,72,0.6916058394160702,False
303.075,303.075, It's,0.060000000000002274,100,1,168.44138194608007,50.81719549809587,0.0050672800280153,72,0.8375912408759154,False
303.135,303.135, like,0.10000000000002274,100,1,187.9740754848473,47.36635705292835,0.0034046210348606,72,0.8594890510948943,False
303.235,303.235, an,0.18000000000000682,100,1,187.9740754848473,49.050535796510005,0.0046111904084682,72,0.8959854014598659,False
303.415,303.415, interdispyterverse.,1.0,100,1,183.46651306512996,42.96474726398564,0.0020588871557265,72,0.9616788321168026,False
301.075,301.075," No,",0.2400000000000091,101,1,160.03953644251823,50.06004597198194,0.0042081628926098,72,0.10766423357664778,False
301.315,301.315, it's,0.1400000000000432,101,1,183.30832302767917,48.06443290408966,0.003537451615557,72,0.19525547445256322,False
301.45500000000004,301.45500000000004, interdispyterverse.,0.6999999999999886,101,1,183.30832302767917,47.75618431766946,0.003284013364463,72,0.24635036496352772,False
302.15500000000003,302.15500000000003," No,",0.15999999999996817,102,1,183.30832302767917,38.45034713142497,0.001399811473675,72,0.5018248175182672,False
302.45500000000004,302.45500000000004, what,0.07999999999998408,102,1,183.30832302767917,44.230734021206345,0.0021679110359406,72,0.6113138686131615,False
302.535,302.535, is,0.13999999999998636,102,1,183.30832302767917,46.06702429037176,0.0024192347191271,72,0.6405109489051265,False
302.675,302.675, it?,0.3199999999999932,102,1,193.90827441906848,59.4800547974277,0.0130270486697554,72,0.6916058394160702,False
303.075,303.075, It's,0.060000000000002274,103,1,168.44138194608007,50.81719549809587,0.0050672800280153,72,0.8375912408759154,False
303.135,303.135, like,0.10000000000002274,103,1,187.9740754848473,47.36635705292835,0.0034046210348606,72,0.8594890510948943,False
303.235,303.235, an,0.18000000000000682,103,1,187.9740754848473,49.050535796510005,0.0046111904084682,72,0.8959854014598659,False
303.415,303.415, interdispyterverse.,1.0,103,1,183.46651306512996,42.96474726398564,0.0020588871557265,72,0.9616788321168026,False
304.855,304.855, It's,0.36000000000001364,104,1,181.31608630292317,45.96874691869888,0.0028822973836213,73,0.2912234042553271,True
305.21500000000003,305.21500000000003, one,0.01999999999998181,104,1,181.3677983400348,56.02975019034788,0.0090516600757809,73,0.3869680851063948,False
305.235,305.235, of,0.13999999999998636,104,1,180.71284069834203,55.52302511801395,0.0085317967459559,73,0.39228723404256016,False
305.375,305.375, the,0.18000000000000682,104,1,179.64300322035754,55.639200783482785,0.0089256605133414,73,0.4295212765957481,False
305.555,305.555, miles,0.13999999999998636,104,1,198.17215256833856,47.533078769905714,0.0042129377834498,73,0.47739361702128197,False
305.695,305.695, more,0.2400000000000091,104,1,188.91853036049187,47.08884474272139,0.0035432078875601,73,0.51462765957447,False
305.935,305.935, on,0.160000000000025,104,1,189.0847130432124,41.96958205363639,0.0020093594212085,73,0.5784574468085151,False
306.095,306.095, this.,0.18000000000000682,104,1,181.28570068082183,54.891673934627086,0.0077339829877018,73,0.6210106382978835,False
306.675,306.675," No,",0.30000000000001137,105,1,161.32324201307492,57.43700678060866,0.0101661384105682,73,0.7752659574468158,False
307.115,307.115, I,0.07999999999998408,105,1,161.0055632602635,53.67311576057512,0.0068433796986937,73,0.8922872340425602,False
307.195,307.195, don't,0.12000000000000455,105,1,163.5109867989208,49.90411414370637,0.004665957763791,73,0.9135638297872368,False
307.315,307.315, know.,0.22000000000002728,105,1,173.0315962458186,47.01083485994076,0.0026855857577174,73,0.9454787234042594,False
308.015,308.015," No,",0.36000000000001364,106,1,145.7427936288193,53.584038702516374,0.0068295611999946,74,0.22169811320755953,True
308.65500000000003,308.65500000000003, no.,0.3199999999999932,106,1,180.1690334934713,58.218563878962485,0.0112280994653665,74,0.8254716981132593,False
309.355,309.355, I,0.12000000000000455,107,1,171.76039273094787,40.54671342801926,0.0015318578807637,-1,0.0,False
309.475,309.475, don't,1.6999999999999886,107,1,171.76039273094787,41.91518623925306,0.0017060642130672,-1,0.0,False
311.175,311.175, know,0.18000000000000682,107,1,169.3572152610378,43.9500593763077,0.0023752392735332,75,0.2380514705882383,True
311.355,311.355, much,0.2599999999999909,107,1,169.3572152610378,45.57957248230825,0.0026017422787845,75,0.27113970588235725,False
311.615,311.615, comics.,0.39999999999997726,107,1,169.3572152610378,41.23705794495945,0.0018051012884825,75,0.3189338235294144,False
313.015,313.015, You,0.1400000000000432,108,1,178.1540838168454,43.75890778795966,0.0023958534002282,75,0.5762867647058809,False
313.15500000000003,313.15500000000003, gotta,0.12000000000000455,108,1,178.1540838168454,47.436994007777386,0.0031408218201244,75,0.602022058823536,False
313.27500000000003,313.27500000000003, watch,0.5,108,1,178.1540838168454,44.63355740637081,0.002595108700915,75,0.6240808823529486,False
313.77500000000003,313.77500000000003, it,0.23999999999995225,108,1,172.15591404969393,56.79510668361286,0.0102294394746392,75,0.7159926470588309,False
314.015,314.015, interdispyterverse.,0.7400000000000091,108,1,96.27890465503856,54.76672861135346,0.007913952693345,75,0.7601102941176457,False
314.815,314.815," Okay,",0.30000000000001137,108,1,100.15646512140351,38.43042757894195,0.0012935310369357,75,0.9071691176470597,False
315.45500000000004,315.45500000000004, okay.,0.2999999999999545,108,1,229.7686911749641,38.6831482023783,0.0013815100537606,-1,0.0,False
314.815,314.815," Okay,",0.30000000000001137,109,1,100.15646512140351,38.43042757894195,0.0012935310369357,75,0.9071691176470597,False
315.45500000000004,315.45500000000004, okay.,0.2999999999999545,109,1,229.7686911749641,38.6831482023783,0.0013815100537606,-1,0.0,False
315.995,315.995, Is,0.12000000000000455,110,1,233.13226383934148,59.76005788242971,0.0127794900909066,76,0.020175438596492862,True
316.115,316.115, that,0.160000000000025,110,1,208.54023840896485,61.80601936883929,0.0164041649550199,76,0.04122807017544107,False
316.27500000000003,316.27500000000003, the,0.13999999999998636,110,1,189.96855069366143,62.58489345326491,0.0182767845690299,76,0.069298245614042,False
316.415,316.415, one,0.12000000000000455,110,1,174.59804334613432,59.68853111829773,0.0131609309464693,76,0.0938596491228116,False
316.535,316.535, where,0.18000000000000682,110,1,173.77900349017028,54.70716545467321,0.0079626226797749,76,0.1149122807017598,False
316.71500000000003,316.71500000000003, all,0.13999999999998636,110,1,159.19918749803247,55.545793257965315,0.0081945648416905,76,0.1464912280701821,False
316.855,316.855, the,0.10000000000002274,110,1,176.39372437291792,52.01456193570753,0.0057592680677771,76,0.1710526315789517,False
316.95500000000004,316.95500000000004, spider,0.2999999999999545,110,1,176.41900879098503,48.038116281127714,0.0044520073570382,76,0.18859649122807853,False
317.255,317.255,-man,0.18000000000000682,110,1,79.65369943932058,54.39913049217704,0.006965210661292,76,0.24122807017543907,False
317.435,317.435, memes,0.28000000000002956,110,1,177.85552022936776,56.091242030723905,0.0086851520463824,76,0.2728070175438614,False
317.71500000000003,317.71500000000003, are,0.13999999999998636,110,1,181.20635341102593,58.827674533641186,0.0119622061029045,76,0.32192982456141056,False
317.855,317.855, coming,0.21999999999997044,110,1,169.7629906040033,54.24062715863427,0.0068423352204263,76,0.3464912280701801,False
318.075,318.075, from,0.20000000000004547,110,1,166.2135454583675,46.382818056540295,0.0036003156565129,76,0.3850877192982452,False
318.27500000000003,318.27500000000003, with,0.19999999999998863,110,1,179.7841934833969,50.584641629876586,0.0073027079925095,76,0.42017543859649886,False
318.475,318.475, three,0.18000000000000682,110,1,168.0599263661162,53.93453681991919,0.007292449939996,76,0.45526315789474253,False
318.65500000000003,318.65500000000003, of,0.13999999999998636,110,1,155.4531831658624,55.49380760492273,0.008146256208414,76,0.48684210526316485,False
318.795,318.795, them,0.13999999999998636,110,1,135.0082205170143,49.1670717559289,0.0044927857816219,76,0.5114035087719344,False
318.935,318.935, pointing,0.22000000000002728,110,1,170.6005481883413,57.94878115576753,0.0107157537713646,76,0.535964912280704,False
319.15500000000003,319.15500000000003, at,0.19999999999998863,110,1,180.0994690954068,49.92503198875877,0.0062424675561608,76,0.574561403508779,False
319.355,319.355, each,0.18000000000000682,110,1,158.89876831516344,47.15782254045869,0.0032256313133984,76,0.6096491228070228,False
319.535,319.535, other?,0.21999999999997044,110,1,158.89876831516344,48.20637492607752,0.0041460935026414,76,0.641228070175445,False
320.015,320.015," Yeah,",0.160000000000025,111,1,156.24066936449873,55.68413630190474,0.0085375169292066,76,0.7254385964912279,False
320.21500000000003,320.21500000000003," yeah,",0.3599999999999568,111,1,159.21813030764798,56.42943416505528,0.0093635432422134,76,0.7605263157894816,False
320.575,320.575, yeah.,0.160000000000025,111,1,133.6627902483162,52.25359533050831,0.0058386009186506,76,0.8236842105263162,False
320.755,320.755, Okay.,0.3199999999999932,111,1,97.545866581663,46.225454651753,0.0027115999255329,76,0.8552631578947385,False
320.755,320.755, Okay.,0.3199999999999932,112,1,97.545866581663,46.225454651753,0.0027115999255329,76,0.8552631578947385,False
322.115,322.115, The,0.01999999999998181,113,1,174.7996535594888,52.64143793703424,0.0059918626211583,77,0.09615384615385277,True
322.135,322.135, second,0.34000000000003183,113,1,174.7996535594888,51.16859600200336,0.0049151889979839,77,0.10714285714285379,False
322.475,322.475, one,0.2599999999999909,113,1,114.46479826605984,49.534292789610845,0.0041306810453534,77,0.2939560439560588,False
322.735,322.735, of,0.12000000000000455,113,1,171.44092288995307,51.41138430201387,0.00554477609694,77,0.4368131868131972,False
322.855,322.855, the,0.07999999999998408,113,1,171.44092288995307,42.74670614860721,0.0037971446290612,77,0.5027472527472658,False
322.935,322.935, coming,0.30000000000001137,113,1,169.03071161807196,52.88636847814555,0.0067267990671098,77,0.5467032967033012,False
323.235,323.235, up,0.13999999999998636,113,1,170.3992527813785,45.336838321559206,0.0046801036223769,77,0.711538461538473,False
323.375,323.375, this,0.2599999999999909,113,1,170.3992527813785,51.78827277555029,0.0056317276321351,77,0.7884615384615427,False
323.635,323.635," year,",0.22000000000002728,113,1,217.84201310933796,46.07360973918342,0.0029763497877866,77,0.931318681318681,False
324.075,324.075, is,0.4000000000000341,113,1,254.87056446161293,66.94841481163644,0.0309275668114423,-1,0.0,False
324.475,324.475, it,0.060000000000002274,113,1,238.94652312083377,46.748150925555166,0.0045484243892133,-1,0.0,False
324.535,324.535, the,0.12000000000000455,113,1,238.07175492334915,44.427179141941,0.0024320343509299,-1,0.0,False
324.65500000000003,324.65500000000003, worst,0.18000000000000682,113,1,238.07175492334915,41.95316452283218,0.0018104023765769,-1,0.0,False
324.83500000000004,324.83500000000004, of,0.13999999999998636,113,1,238.07175492334915,42.10866440384058,0.0017550105694674,-1,0.0,False
324.975,324.975, the,0.060000000000002274,113,1,238.07175492334915,41.85704572667544,0.0016490959096699,78,0.09693877551023013,True
325.035,325.035, rest,0.0999999999999659,113,1,238.07175492334915,41.474502457051635,0.0016595383640395,78,0.1581632653061497,False
325.135,325.135, of,0.10000000000002274,113,1,238.07175492334915,37.567362197758264,0.0011200354201719,78,0.2602040816326436,False
325.235,325.235, the,0.160000000000025,113,1,238.07175492334915,45.49123880293036,0.0026557920500636,78,0.3622448979591955,False
325.39500000000004,325.39500000000004, rest?,0.15999999999996817,113,1,187.04361007008075,46.70513421480874,0.0031531581189455,78,0.5255102040816669,False
325.595,325.595," Okay,",0.36000000000001364,113,1,187.04361007008075,45.66335710667286,0.0028694225475167,78,0.7295918367347128,False
325.975,325.975, okay.,0.30000000000001137,113,1,187.04361007008075,43.32142379845325,0.0019984061364084,-1,0.0,False
326.27500000000003,326.27500000000003, That,0.3199999999999932,113,1,185.5459561324004,55.13951345726392,0.0077089173719299,-1,0.0,False
326.595,326.595, wasn't,0.2400000000000091,113,1,181.8887895949614,54.65315449638282,0.0077220308594403,-1,0.0,False
326.83500000000004,326.83500000000004, my,0.15999999999996817,113,1,180.78931496810756,54.32575223887686,0.0075084525160474,-1,0.0,False
326.995,326.995, thing,0.13999999999998636,113,1,179.48139736823032,52.41918832172241,0.006014316342771,-1,0.0,False
327.135,327.135, to,0.20000000000004547,113,1,179.49912813777013,53.673716664651536,0.0067868884652853,-1,0.0,False
327.33500000000004,327.33500000000004, do,0.060000000000002274,113,1,179.49912813777013,49.64073697876056,0.0041868845000853,-1,0.0,False
327.39500000000004,327.39500000000004, right?,0.15999999999996817,113,1,179.49912813777013,47.79637428886367,0.0035919311922039,-1,0.0,False
325.595,325.595," Okay,",0.36000000000001364,114,1,187.04361007008075,45.66335710667286,0.0028694225475167,78,0.7295918367347128,False
325.975,325.975, okay.,0.30000000000001137,114,1,187.04361007008075,43.32142379845325,0.0019984061364084,-1,0.0,False
326.27500000000003,326.27500000000003, That,0.3199999999999932,115,1,185.5459561324004,55.13951345726392,0.0077089173719299,-1,0.0,False
326.595,326.595, wasn't,0.2400000000000091,115,1,181.8887895949614,54.65315449638282,0.0077220308594403,-1,0.0,False
326.83500000000004,326.83500000000004, my,0.15999999999996817,115,1,180.78931496810756,54.32575223887686,0.0075084525160474,-1,0.0,False
326.995,326.995, thing,0.13999999999998636,115,1,179.48139736823032,52.41918832172241,0.006014316342771,-1,0.0,False
327.135,327.135, to,0.20000000000004547,115,1,179.49912813777013,53.673716664651536,0.0067868884652853,-1,0.0,False
327.33500000000004,327.33500000000004, do,0.060000000000002274,115,1,179.49912813777013,49.64073697876056,0.0041868845000853,-1,0.0,False
327.39500000000004,327.39500000000004, right?,0.15999999999996817,115,1,179.49912813777013,47.79637428886367,0.0035919311922039,-1,0.0,False
328.115,328.115," Okay,",0.39999999999997726,116,1,181.08603201158184,38.922536322572704,0.0012387800961732,-1,0.0,False
328.615,328.615," okay,",0.160000000000025,116,1,181.08603201158184,38.04648890794404,0.0010861323680728,-1,0.0,False
328.915,328.915, okay.,0.01999999999998181,116,1,170.09349335593322,57.30785307846986,0.0104699069634079,-1,0.0,False
328.975,328.975, I,0.0,116,1,167.91997780844216,57.97075792198331,0.0107326414436101,-1,0.0,False
328.975,328.975, really,0.2400000000000091,116,1,167.91997780844216,57.97075792198331,0.0107326414436101,-1,0.0,False
329.21500000000003,329.21500000000003, will,0.2400000000000091,116,1,80.09946949140553,52.83673129645347,0.0058621456846596,-1,0.0,False
329.45500000000004,329.45500000000004, because,0.2999999999999545,116,1,88.57010518368105,40.78964238463091,0.0014443282270799,-1,0.0,False
329.755,329.755, then,0.22000000000002728,116,1,182.02692895126583,40.9562259997493,0.0015378169482573,-1,0.0,False
329.975,329.975, when,0.13999999999998636,116,1,225.6150439784342,58.30558981781631,0.0114708729088306,-1,0.0,False
330.115,330.115, people,0.18000000000000682,116,1,241.22168635276128,55.9444337869588,0.0088759148493409,-1,0.0,False
330.295,330.295, talk,0.30000000000001137,116,1,241.0266625172948,38.7501038174661,0.0012763619888573,-1,0.0,False
330.595,330.595, about,0.2599999999999909,116,1,241.0266625172948,38.774222880169205,0.001285213511438,-1,0.0,False
330.855,330.855, it,0.18000000000000682,116,1,241.0266625172948,50.487536619289,0.004632172640413,-1,0.0,False
331.035,331.035, because,0.15999999999996817,116,1,235.6049998913261,44.6565585527577,0.0024101200979199,79,0.1223404255318718,True
331.195,331.195, apparently,0.36000000000001364,116,1,235.6049998913261,40.36754869986356,0.0015016283141449,79,0.2925531914892955,False
331.555,331.555, they're,0.7400000000000091,116,1,235.6049998913261,53.91401010176545,0.0070195165462791,79,0.6755319148935894,False
332.295,332.295, talking,0.30000000000001137,116,1,192.3991584709469,56.646636397411626,0.0092708561569452,-1,0.0,False
332.595,332.595, about,0.2799999999999727,116,1,296.2062166303897,59.149148014956765,0.0126840975135553,80,0.38194444444447734,True
332.875,332.875, it,0.13999999999998636,116,1,254.6175015459316,58.05666315522448,0.0113771902397274,80,0.7708333333333136,False
333.015,333.015, now.,0.20000000000004547,116,1,239.86731669113763,56.28514502010539,0.0091502517461769,80,0.9652777777777317,False
333.415,333.415, Exactly.,0.39999999999997726,116,1,222.2805310721318,47.96445450042755,0.0034125230740755,-1,0.0,False
328.975,328.975, I,0.0,117,1,167.91997780844216,57.97075792198331,0.0107326414436101,-1,0.0,False
328.975,328.975, really,0.2400000000000091,117,1,167.91997780844216,57.97075792198331,0.0107326414436101,-1,0.0,False
329.21500000000003,329.21500000000003, will,0.2400000000000091,117,1,80.09946949140553,52.83673129645347,0.0058621456846596,-1,0.0,False
329.45500000000004,329.45500000000004, because,0.2999999999999545,117,1,88.57010518368105,40.78964238463091,0.0014443282270799,-1,0.0,False
329.755,329.755, then,0.22000000000002728,117,1,182.02692895126583,40.9562259997493,0.0015378169482573,-1,0.0,False
329.975,329.975, when,0.13999999999998636,117,1,225.6150439784342,58.30558981781631,0.0114708729088306,-1,0.0,False
330.115,330.115, people,0.18000000000000682,117,1,241.22168635276128,55.9444337869588,0.0088759148493409,-1,0.0,False
330.295,330.295, talk,0.30000000000001137,117,1,241.0266625172948,38.7501038174661,0.0012763619888573,-1,0.0,False
330.595,330.595, about,0.2599999999999909,117,1,241.0266625172948,38.774222880169205,0.001285213511438,-1,0.0,False
330.855,330.855, it,0.18000000000000682,117,1,241.0266625172948,50.487536619289,0.004632172640413,-1,0.0,False
331.035,331.035, because,0.15999999999996817,117,1,235.6049998913261,44.6565585527577,0.0024101200979199,79,0.1223404255318718,False
331.195,331.195, apparently,0.36000000000001364,117,1,235.6049998913261,40.36754869986356,0.0015016283141449,79,0.2925531914892955,False
331.555,331.555, they're,0.7400000000000091,117,1,235.6049998913261,53.91401010176545,0.0070195165462791,79,0.6755319148935894,False
332.295,332.295, talking,0.30000000000001137,117,1,192.3991584709469,56.646636397411626,0.0092708561569452,-1,0.0,False
332.595,332.595, about,0.2799999999999727,117,1,296.2062166303897,59.149148014956765,0.0126840975135553,80,0.38194444444447734,False
332.875,332.875, it,0.13999999999998636,117,1,254.6175015459316,58.05666315522448,0.0113771902397274,80,0.7708333333333136,False
333.015,333.015, now.,0.20000000000004547,117,1,239.86731669113763,56.28514502010539,0.0091502517461769,80,0.9652777777777317,False
333.415,333.415, Exactly.,0.39999999999997726,118,1,222.2805310721318,47.96445450042755,0.0034125230740755,-1,0.0,False
334.175,334.175," Okay,",0.37999999999999545,119,1,222.2805310721318,44.95263455072765,0.0026865759864449,81,0.3901515151515068,True
334.755,334.755, all,0.10000000000002274,119,1,189.67265464234305,42.70841332575259,0.0019888991955667,81,0.8295454545454365,False
334.855,334.855, right.,0.10000000000002274,119,1,189.67265464234305,40.53912062394435,0.001490970258601,81,0.9053030303030298,False
335.095,335.095, Thank,0.0999999999999659,119,1,189.67265464234305,37.75871970139549,0.0011926252627741,-1,0.0,False
335.195,335.195, you,0.1400000000000432,119,1,189.67265464234305,37.199298479395,0.0010802303440868,-1,0.0,False
335.33500000000004,335.33500000000004, so,0.19999999999998863,119,1,189.67265464234305,41.50876881174552,0.0015122139593587,-1,0.0,False
335.535,335.535, much.,0.45999999999997954,119,1,189.67265464234305,39.92723692250641,0.0013860659673802,-1,0.0,False
335.095,335.095, Thank,0.0999999999999659,120,1,189.67265464234305,37.75871970139549,0.0011926252627741,-1,0.0,False
335.195,335.195, you,0.1400000000000432,120,1,189.67265464234305,37.199298479395,0.0010802303440868,-1,0.0,False
335.33500000000004,335.33500000000004, so,0.19999999999998863,120,1,189.67265464234305,41.50876881174552,0.0015122139593587,-1,0.0,False
335.535,335.535, much.,0.45999999999997954,120,1,189.67265464234305,39.92723692250641,0.0013860659673802,-1,0.0,False
337.115,337.115, You,0.39999999999997726,121,1,160.5936519680224,54.30194161658089,0.0078044426627457,82,0.09182847896440088,True
337.515,337.515, have,0.060000000000002274,121,1,181.82721799262552,50.91051058315573,0.0051405536942247,82,0.12419093851132472,False
337.575,337.575, a,0.08000000000004093,121,1,178.42626301672345,55.92222692656762,0.0086307032033809,82,0.12904530744336376,False
337.65500000000003,337.65500000000003, second,0.13999999999998636,121,1,182.2826991878072,56.558787130236055,0.0093046966940191,82,0.1355177993527522,False
337.795,337.795, minute?,0.30000000000001137,121,1,165.7688685891592,56.326850494351326,0.0093474145978689,82,0.14684466019417508,False
340.89500000000004,340.89500000000004, No.,0.39999999999997726,122,1,193.467946130784,56.77825563250885,0.0096913212910302,82,0.39765372168285096,False
343.1550000000001,343.1550000000001, I,0.39999999999997726,123,1,185.6494068201397,56.98797617863853,0.0095454482361674,82,0.5805016181229848,False
343.55500000000006,343.55500000000006, don't,0.39999999999997726,123,1,169.62593602193903,52.989664550963155,0.0064187156967818,82,0.6128640776699087,False
343.95500000000004,343.95500000000004, know.,0.13999999999998636,123,1,163.03510280132778,41.82384659071802,0.0018411446362729,82,0.6452265372168325,False
344.555,344.555, Not,0.12000000000000455,124,1,77.66334203623816,51.86844203878409,0.0059573194012045,82,0.6937702265372183,False
344.675,344.675, like,0.28000000000002956,124,1,78.8416578696553,38.71445312919806,0.0014521164121106,82,0.7034789644012964,False
344.95500000000004,344.95500000000004, a...,0.3199999999999932,124,1,78.8416578696553,39.02618902732931,0.0012338465312512,82,0.7261326860841468,False
345.89500000000004,345.89500000000004, It's,0.2999999999999545,125,1,119.7881330809003,50.601276765676715,0.0048387991264497,82,0.802184466019422,False
346.195,346.195, simply,0.10000000000002274,125,1,198.44722347837265,43.407418818957694,0.0024474852252751,82,0.8264563106796126,False
346.295,346.295, a,0.2400000000000091,125,1,190.58153232020092,53.82649354505743,0.0075002694502472,82,0.8345469255663458,False
346.535,346.535, good,0.15999999999996817,125,1,187.30770818756076,40.53483477354963,0.0013868047390127,82,0.8539644012945019,False
346.695,346.695, idea,0.22000000000002728,125,1,183.79947076443355,39.69214820928575,0.0011415578192099,82,0.8669093851132696,False
346.915,346.915, to,0.30000000000001137,125,1,171.80287446787824,40.22586261906686,0.0015556321013718,82,0.884708737864081,False
347.21500000000003,347.21500000000003, watch.,0.0,125,1,170.6679972466849,56.26671235729709,0.0089703863486647,82,0.9089805825242762,False
348.21500000000003,348.21500000000003, It's,0.39999999999997726,126,1,89.76416544506796,52.02223348963707,0.005163720808921,82,0.9898867313915903,False
348.615,348.615, always,0.10000000000002274,126,1,165.9455962282481,52.65211393770297,0.0063815787434577,-1,0.0,False
348.71500000000003,348.71500000000003, such,0.19999999999998863,126,1,157.1112103036075,54.79655536188888,0.0076099648140372,-1,0.0,False
348.915,348.915, a,0.060000000000002274,126,1,151.42556583114387,47.29422336623884,0.0036350244190543,-1,0.0,False
348.975,348.975, hard,0.18000000000000682,126,1,151.42556583114387,47.138559891746176,0.0031369405332952,-1,0.0,False
349.15500000000003,349.15500000000003, question.,0.339999999999975,126,1,151.42556583114387,38.69309058883036,0.0012326095020396,-1,0.0,False
349.635,349.635, I,0.160000000000025,126,1,263.28492521531155,39.807247004190415,0.0012485820334404,-1,0.0,False
349.795,349.795, know,0.13999999999998636,126,1,263.28492521531155,40.0168364468891,0.0014581566210836,83,0.02844311377246299,True
349.935,349.935, I,0.13999999999998636,126,1,263.28492521531155,38.122166906895046,0.0013576763449236,83,0.07035928143712916,False
350.075,350.075, asked,0.26000000000004775,126,1,263.28492521531155,57.19536809105142,0.0099236378446292,83,0.11227544910179534,False
350.33500000000004,350.33500000000004, it,0.13999999999998636,126,1,231.12994861526283,40.7878371481324,0.0013495866442095,83,0.1901197604790544,False
350.475,350.475, to,0.13999999999998636,126,1,196.25612576348604,38.45357447579226,0.0011988293845206,83,0.23203592814372057,False
350.615,350.615," you,",0.13999999999998636,126,1,196.25612576348604,38.85553293030428,0.0014002139214426,83,0.27395209580838675,False
350.89500000000004,350.89500000000004, but,0.07999999999998408,126,1,164.2743834710759,49.459720654029425,0.0059820488095188,83,0.3577844311377361,False
350.975,350.975, I,0.18000000000000682,126,1,182.6218416047493,49.80867225307669,0.0044400775805115,83,0.3817365269461144,False
351.15500000000003,351.15500000000003, also.,0.339999999999975,126,1,195.61800021919368,58.363469383346136,0.0116862896829776,83,0.4356287425149782,False
351.495,351.495, But,0.9200000000000159,126,1,206.2605750934489,48.211185734918786,0.0050108735449612,83,0.5374251497005984,False
352.415,352.415, I,0.12000000000000455,126,1,162.12413314781554,54.06046955428049,0.0070153027772903,83,0.8128742514970078,False
352.535,352.535, remember,0.2400000000000091,126,1,161.45570267486033,57.231927988438166,0.0100663546472805,83,0.8488023952095837,False
352.77500000000003,352.77500000000003, watching,0.3199999999999932,126,1,96.94365826173052,53.25728039562834,0.0066560246050304,83,0.9206586826347354,False
353.095,353.095, Gone,0.30000000000001137,126,1,102.48287537006694,53.61445326744591,0.0067539480514817,-1,0.0,False
353.39500000000004,353.39500000000004, Girl,0.21999999999997044,126,1,100.03880625556208,41.94304619905105,0.0017703943885866,-1,0.0,False
353.615,353.615, and,0.2599999999999909,126,1,156.11544254072828,41.36324864444049,0.0016175981145352,-1,0.0,False
353.875,353.875," thinking,",0.3199999999999932,126,1,156.11544254072828,49.940411589890346,0.0053541264496743,84,0.02076923076922937,True
354.435,354.435," look,",0.160000000000025,126,1,165.80426237198748,47.896931356413475,0.0036518024280667,84,0.10692307692307587,False
354.995,354.995, I,0.07999999999998408,126,1,165.19400466746427,49.35799340863177,0.0046273949556052,84,0.19307692307692237,False
355.075,355.075, know,0.12000000000000455,126,1,166.33843360267628,54.37410674735645,0.0075752148404715,84,0.20538461538461222,False
355.195,355.195, it's,0.18000000000000682,126,1,154.34223574459193,55.02973534613814,0.0082087218761444,84,0.2238461538461514,False
355.375,355.375, like,0.08000000000004093,126,1,150.10395086179673,57.72747583861603,0.0106881307438015,84,0.25153846153846016,False
355.45500000000004,355.45500000000004, a,0.1199999999999477,126,1,144.61889706725785,53.73650486366209,0.0073156505823069,84,0.2638461538461587,False
355.575,355.575, meme,0.1400000000000432,126,1,146.5300645549042,46.92160547394556,0.0040573007427184,84,0.28230769230768915,False
355.71500000000003,355.71500000000003, on,0.19999999999998863,126,1,164.20836381563308,51.65258547403454,0.0050625787116611,84,0.3038461538461573,False
355.915,355.915," TikTok,",0.2599999999999909,126,1,165.18158878696053,55.824273825532714,0.008922210894525,84,0.33461538461538637,False
356.575,356.575, but,0.160000000000025,126,1,154.81278802185292,48.634935941601,0.0041748764924656,84,0.436153846153843,False
356.735,356.735, Gone,1.1999999999999886,126,1,83.50838335888959,51.14584706056125,0.0053842086344957,84,0.4607692307692315,False
357.935,357.935, Girl.,0.2599999999999909,126,1,169.05453666365975,43.91291883372355,0.0026642805896699,84,0.6453846153846143,False
358.355,358.355, It's,0.12000000000000455,126,1,160.78855524548,55.68373537353714,0.0087575446814298,84,0.7100000000000014,False
358.475,358.475, like,0.07999999999998408,126,1,160.41302311002755,54.91112598617647,0.0080971093848347,84,0.7284615384615406,False
358.555,358.555, the,0.4800000000000182,126,1,160.45189756526082,55.22694054396747,0.0082105565816164,84,0.7407692307692304,False
359.035,359.035, thing,0.2400000000000091,126,1,156.0275216343521,38.80728782036606,0.0013047712855045,84,0.8146153846153871,False
359.27500000000003,359.27500000000003, where,0.21999999999997044,126,1,163.53881406472297,38.91638047850894,0.0013675886439156,84,0.8515384615384654,False
359.495,359.495, the,0.160000000000025,126,1,159.7559862532353,53.11884378244268,0.0067146834917366,84,0.8853846153846147,False
359.65500000000003,359.65500000000003, girl,0.19999999999998863,126,1,174.67074770192954,49.16095809660365,0.0045405984856135,84,0.9100000000000031,False
359.855,359.855, sets,0.2799999999999727,126,1,144.89659676894163,52.30792972848024,0.0058776075020432,84,0.9407692307692321,False
360.135,360.135, up.,0.4399999999999977,126,1,85.81762261420509,52.135085017737296,0.0056158946827054,84,0.983846153846151,False
349.635,349.635, I,0.160000000000025,127,1,263.28492521531155,39.807247004190415,0.0012485820334404,-1,0.0,False
349.795,349.795, know,0.13999999999998636,127,1,263.28492521531155,40.0168364468891,0.0014581566210836,83,0.02844311377246299,False
349.935,349.935, I,0.13999999999998636,127,1,263.28492521531155,38.122166906895046,0.0013576763449236,83,0.07035928143712916,False
350.075,350.075, asked,0.26000000000004775,127,1,263.28492521531155,57.19536809105142,0.0099236378446292,83,0.11227544910179534,False
350.33500000000004,350.33500000000004, it,0.13999999999998636,127,1,231.12994861526283,40.7878371481324,0.0013495866442095,83,0.1901197604790544,False
350.475,350.475, to,0.13999999999998636,127,1,196.25612576348604,38.45357447579226,0.0011988293845206,83,0.23203592814372057,False
350.615,350.615," you,",0.13999999999998636,127,1,196.25612576348604,38.85553293030428,0.0014002139214426,83,0.27395209580838675,False
350.89500000000004,350.89500000000004, but,0.07999999999998408,127,1,164.2743834710759,49.459720654029425,0.0059820488095188,83,0.3577844311377361,False
350.975,350.975, I,0.18000000000000682,127,1,182.6218416047493,49.80867225307669,0.0044400775805115,83,0.3817365269461144,False
351.15500000000003,351.15500000000003, also.,0.339999999999975,127,1,195.61800021919368,58.363469383346136,0.0116862896829776,83,0.4356287425149782,False
351.495,351.495, But,0.9200000000000159,128,1,206.2605750934489,48.211185734918786,0.0050108735449612,83,0.5374251497005984,False
352.415,352.415, I,0.12000000000000455,128,1,162.12413314781554,54.06046955428049,0.0070153027772903,83,0.8128742514970078,False
352.535,352.535, remember,0.2400000000000091,128,1,161.45570267486033,57.231927988438166,0.0100663546472805,83,0.8488023952095837,False
352.77500000000003,352.77500000000003, watching,0.3199999999999932,128,1,96.94365826173052,53.25728039562834,0.0066560246050304,83,0.9206586826347354,False
353.095,353.095, Gone,0.30000000000001137,128,1,102.48287537006694,53.61445326744591,0.0067539480514817,-1,0.0,False
353.39500000000004,353.39500000000004, Girl,0.21999999999997044,128,1,100.03880625556208,41.94304619905105,0.0017703943885866,-1,0.0,False
353.615,353.615, and,0.2599999999999909,128,1,156.11544254072828,41.36324864444049,0.0016175981145352,-1,0.0,False
353.875,353.875," thinking,",0.3199999999999932,128,1,156.11544254072828,49.940411589890346,0.0053541264496743,84,0.02076923076922937,False
354.435,354.435," look,",0.160000000000025,128,1,165.80426237198748,47.896931356413475,0.0036518024280667,84,0.10692307692307587,False
354.995,354.995, I,0.07999999999998408,128,1,165.19400466746427,49.35799340863177,0.0046273949556052,84,0.19307692307692237,False
355.075,355.075, know,0.12000000000000455,128,1,166.33843360267628,54.37410674735645,0.0075752148404715,84,0.20538461538461222,False
355.195,355.195, it's,0.18000000000000682,128,1,154.34223574459193,55.02973534613814,0.0082087218761444,84,0.2238461538461514,False
355.375,355.375, like,0.08000000000004093,128,1,150.10395086179673,57.72747583861603,0.0106881307438015,84,0.25153846153846016,False
355.45500000000004,355.45500000000004, a,0.1199999999999477,128,1,144.61889706725785,53.73650486366209,0.0073156505823069,84,0.2638461538461587,False
355.575,355.575, meme,0.1400000000000432,128,1,146.5300645549042,46.92160547394556,0.0040573007427184,84,0.28230769230768915,False
355.71500000000003,355.71500000000003, on,0.19999999999998863,128,1,164.20836381563308,51.65258547403454,0.0050625787116611,84,0.3038461538461573,False
355.915,355.915," TikTok,",0.2599999999999909,128,1,165.18158878696053,55.824273825532714,0.008922210894525,84,0.33461538461538637,False
356.575,356.575, but,0.160000000000025,128,1,154.81278802185292,48.634935941601,0.0041748764924656,84,0.436153846153843,False
356.735,356.735, Gone,1.1999999999999886,128,1,83.50838335888959,51.14584706056125,0.0053842086344957,84,0.4607692307692315,False
357.935,357.935, Girl.,0.2599999999999909,128,1,169.05453666365975,43.91291883372355,0.0026642805896699,84,0.6453846153846143,False
358.355,358.355, It's,0.12000000000000455,129,1,160.78855524548,55.68373537353714,0.0087575446814298,84,0.7100000000000014,False
358.475,358.475, like,0.07999999999998408,129,1,160.41302311002755,54.91112598617647,0.0080971093848347,84,0.7284615384615406,False
358.555,358.555, the,0.4800000000000182,129,1,160.45189756526082,55.22694054396747,0.0082105565816164,84,0.7407692307692304,False
359.035,359.035, thing,0.2400000000000091,129,1,156.0275216343521,38.80728782036606,0.0013047712855045,84,0.8146153846153871,False
359.27500000000003,359.27500000000003, where,0.21999999999997044,129,1,163.53881406472297,38.91638047850894,0.0013675886439156,84,0.8515384615384654,False
359.495,359.495, the,0.160000000000025,129,1,159.7559862532353,53.11884378244268,0.0067146834917366,84,0.8853846153846147,False
359.65500000000003,359.65500000000003, girl,0.19999999999998863,129,1,174.67074770192954,49.16095809660365,0.0045405984856135,84,0.9100000000000031,False
359.855,359.855, sets,0.2799999999999727,129,1,144.89659676894163,52.30792972848024,0.0058776075020432,84,0.9407692307692321,False
360.135,360.135, up.,0.4399999999999977,129,1,85.81762261420509,52.135085017737296,0.0056158946827054,84,0.983846153846151,False
361.935,361.935," Oh,",0.4800000000000182,130,1,0.0,46.9145980072457,0.004396200319611761,-1,0.0,False
362.875,362.875, she,0.36000000000001364,130,1,0.0,46.9145980072457,0.004396200319611761,-1,0.0,False
363.235,363.235, makes,0.18000000000000682,130,1,0.0,46.9145980072457,0.004396200319611761,-1,0.0,False
363.415,363.415, it,0.19999999999998863,130,1,0.0,46.9145980072457,0.004396200319611761,-1,0.0,False
363.615,363.615, seem,0.19999999999998863,130,1,0.0,46.9145980072457,0.004396200319611761,-1,0.0,False
363.815,363.815, like,0.1400000000000432,130,1,0.0,46.9145980072457,0.004396200319611761,-1,0.0,False
363.95500000000004,363.95500000000004, her,0.15999999999996817,130,1,0.0,46.9145980072457,0.004396200319611761,-1,0.0,False
364.115,364.115, husband,0.36000000000001364,130,1,0.0,46.9145980072457,0.004396200319611761,-1,0.0,False
364.475,364.475, murdered,0.4800000000000182,130,1,0.0,46.9145980072457,0.004396200319611761,-1,0.0,False
364.95500000000004,364.95500000000004, her.,0.3199999999999932,130,1,0.0,46.9145980072457,0.004396200319611761,-1,0.0,False
365.975,365.975, And,0.2599999999999909,131,1,0.0,46.9145980072457,0.004396200319611761,-1,0.0,False
366.235,366.235, then,0.19999999999998863,131,1,0.0,46.9145980072457,0.004396200319611761,-1,0.0,False
366.435,366.435, it,0.34000000000003183,131,1,0.0,46.9145980072457,0.004396200319611761,-1,0.0,False
366.77500000000003,366.77500000000003, just,0.2599999999999909,131,1,0.0,46.9145980072457,0.004396200319611761,-1,0.0,False
367.035,367.035, doesn't,0.2599999999999909,131,1,0.0,46.9145980072457,0.004396200319611761,-1,0.0,False
367.295,367.295, work,0.160000000000025,131,1,0.0,46.9145980072457,0.004396200319611761,-1,0.0,False
367.45500000000004,367.45500000000004, out,0.21999999999997044,131,1,0.0,46.9145980072457,0.004396200319611761,-1,0.0,False
367.675,367.675, so,0.18000000000000682,131,1,0.0,46.9145980072457,0.004396200319611761,-1,0.0,False
367.855,367.855, she,0.12000000000000455,131,1,0.0,46.9145980072457,0.004396200319611761,-1,0.0,False
367.975,367.975, comes,0.19999999999998863,131,1,0.0,46.9145980072457,0.004396200319611761,-1,0.0,False
368.175,368.175, back,0.3199999999999932,131,1,0.0,46.9145980072457,0.004396200319611761,-1,0.0,False
368.495,368.495, and,0.30000000000001137,131,1,0.0,46.9145980072457,0.004396200319611761,-1,0.0,False
368.795,368.795," says,",0.339999999999975,131,1,0.0,46.9145980072457,0.004396200319611761,-1,0.0,False
369.255,369.255," like,",0.18000000000000682,131,1,0.0,46.9145980072457,0.004396200319611761,-1,0.0,False
369.635,369.635," oh,",0.20000000000004547,131,1,0.0,46.9145980072457,0.004396200319611761,-1,0.0,False
370.035,370.035, we're,0.2799999999999727,131,1,0.0,46.9145980072457,0.004396200319611761,-1,0.0,False
370.315,370.315, together,0.28000000000002956,131,1,0.0,46.9145980072457,0.004396200319611761,-1,0.0,False
370.595,370.595, and,0.36000000000001364,131,1,0.0,46.9145980072457,0.004396200319611761,-1,0.0,False
370.95500000000004,370.95500000000004, I'm,0.8599999999999568,131,1,0.0,46.9145980072457,0.004396200319611761,-1,0.0,False
371.815,371.815, saved,0.2599999999999909,131,1,0.0,46.9145980072457,0.004396200319611761,-1,0.0,False
372.075,372.075, again.,0.4000000000000341,131,1,0.0,46.9145980072457,0.004396200319611761,-1,0.0,False
5.518000000000002,378.593, So,0.5599999999999987,0,3,78.32403164255857,42.52451111266944,0.0019346334738655,-1,0.0,False
6.078,379.15299999999996, what's,0.48,0,3,80.92400413499882,56.628188992692486,0.0095702633261691,-1,0.0,False
6.558,379.633, your,0.09999999999999964,0,3,113.3558554458375,42.50333186632858,0.0019785745535053,-1,0.0,False
6.6579999999999995,379.733, favorite,0.3400000000000003,0,3,113.3558554458375,40.68441660769981,0.0013774732360616,-1,0.0,False
6.998,380.073, sports,0.33999999999999986,0,3,113.3558554458375,38.54771530843301,0.0012265243567525,-1,0.0,False
7.338,380.413, and,0.43999999999999995,0,3,319.23746842910816,37.36199339725755,0.0011999917915091,-1,0.0,False
7.7780000000000005,380.853, why?,1.02,0,3,319.23746842910816,37.360481088777306,0.0010188336018472,1,0.2464285714285718,True
11.478000000000002,384.553, Okay.,0.5599999999999987,1,3,216.13616377102372,45.39600227740321,0.0028437976725398,2,0.9786206896551732,True
12.478000000000002,385.553, So,0.27999999999999936,2,3,201.45442072722255,53.70345982488762,0.0063118562102339,3,0.10000000000000034,True
12.758000000000001,385.83299999999997, that,1.1999999999999993,2,3,201.45442072722255,46.64170679721423,0.003012878121808,3,0.20852713178294582,False
13.958,387.033, is,0.2400000000000002,2,3,201.45442072722255,45.42783318394163,0.0029801917262373,3,0.673643410852713,False
14.198,387.27299999999997, a,0.14000000000000057,2,3,201.45442072722255,47.372265485328775,0.0030129486694948,3,0.7666666666666665,False
14.338000000000001,387.413," kid,",0.14000000000000057,2,3,201.45442072722255,44.389564203989885,0.0022751665674151,3,0.8209302325581397,False
14.878,387.953, I,0.040000000000000924,2,3,201.45442072722255,37.73055563818358,0.0011670910753308,-1,0.0,False
14.918000000000001,387.993, watch,0.2400000000000002,2,3,201.45442072722255,37.04691825826361,0.0011045712744817,-1,0.0,False
15.158000000000001,388.233, it.,0.21999999999999886,2,3,201.45442072722255,51.55101591096712,0.0111547932028666,-1,0.0,False
16.058,389.133, So,0.05999999999999872,3,3,195.2294071143709,39.94702899930584,0.0011374161113054,-1,0.0,False
16.118,389.193, it's,0.620000000000001,3,3,195.2294071143709,39.93046958748235,0.0012661801883951,-1,0.0,False
16.738,389.813, been,0.1399999999999988,3,3,195.2294071143709,42.03001238197028,0.0015812462661416,4,0.2863636363636363,True
16.878,389.953, a,0.3800000000000008,3,3,236.70978931105228,40.3697837932354,0.0015687161358076,4,0.3924242424242428,False
17.258,390.33299999999997," sports,",0.8800000000000008,3,3,236.70978931105228,38.289435113440454,0.0012325522257016,4,0.6803030303030299,False
18.418,391.493, yes.,0.22000000000000064,3,3,203.65796249403135,64.20356841652972,0.0231596417725084,-1,0.0,False
18.958,392.033, Okay.,0.3000000000000007,4,3,213.17579901533375,56.60543322237992,0.0092226462438745,5,0.050462962962962994,True
20.198,393.27299999999997, So,0.26000000000000156,5,3,202.8932571905317,49.42544773620999,0.0052980002947177,5,0.3375000000000007,False
20.458000000000002,393.533, you,0.17999999999999972,5,3,247.020936153534,63.3978185360231,0.0269865300506248,5,0.3976851851851863,False
20.638,393.71299999999997, have,0.120000000000001,5,3,201.7163030312525,68.44804402483959,0.0365098230540732,5,0.43935185185185294,False
20.758000000000003,393.83299999999997, been,0.11999999999999744,5,3,191.35585678173945,54.014776749498566,0.0080903349444277,5,0.46712962962963095,False
20.878,393.953, sports,0.35999999999999943,5,3,187.55439800406455,68.6720230671555,0.0378587618470182,5,0.4949074074074082,False
21.238,394.313, today?,0.28000000000000114,5,3,176.56389073412757,66.05001539221303,0.0289077050983902,5,0.5782407407407414,False
22.578000000000007,395.653," No,",0.5599999999999987,6,3,132.6016905055921,63.0687100401889,0.0212404206395192,5,0.8884259259259285,False
23.478000000000005,396.553, I,0.4800000000000004,6,3,82.79773858407549,61.85043041894159,0.0176666621118781,6,0.040370370370371035,True
23.958000000000006,397.033, played,0.23999999999999844,6,3,227.23546031308044,42.2904439095404,0.0018584758508951,6,0.12925925925926002,False
24.198000000000004,397.27299999999997, a,0.17999999999999972,6,3,208.9952500555206,41.54965661234329,0.0015860011335461,6,0.1737037037037042,False
24.378000000000004,397.453, lot,0.16000000000000014,6,3,131.53879338563954,57.82047320886837,0.0142750842496725,6,0.2070370370370375,False
24.538000000000004,397.613, in,0.1999999999999993,6,3,168.37723943956902,55.498623398826794,0.0140991341322568,6,0.23666666666666714,False
24.738000000000003,397.813," school,",0.360000000000003,6,3,77.90935616471,61.683089399056136,0.0170305613428345,6,0.27370370370370406,False
25.638000000000005,398.71299999999997, but,0.03999999999999915,6,3,132.46419791457132,37.922175179625825,0.0012828131439237,6,0.4403703703703712,False
25.678000000000004,398.753, not,0.4400000000000013,6,3,92.92323649606344,52.80645986217151,0.0074239112436735,6,0.44777777777777844,False
26.118000000000006,399.193, because,0.1999999999999993,6,3,180.773086465198,66.47108411675437,0.0303941313177331,6,0.5292592592592602,False
26.318000000000005,399.393, I,0.14000000000000057,6,3,198.34967777207265,42.2195275490059,0.0021672451403018,6,0.5662962962962971,False
26.458000000000006,399.533, was,0.17999999999999972,6,3,197.53790535950807,40.66199118454075,0.0018828978063538,6,0.5922222222222231,False
26.638000000000005,399.71299999999997, good.,0.259999999999998,6,3,197.53790535950807,40.20892165486711,0.0014558571856468,6,0.6255555555555564,False
27.098000000000003,400.173, I,0.05999999999999872,7,3,162.63169161923224,37.28149762304348,0.0012423591688274,6,0.7107407407407411,False
27.158,400.233, just,0.259999999999998,7,3,162.63169161923224,36.64575717410224,0.0010666737798601,6,0.721851851851852,False
27.418,400.493, felt,0.6800000000000033,7,3,156.20163692125118,64.02953378967543,0.0222195573151126,6,0.7699999999999998,False
28.098000000000003,401.173, like,0.17999999999999972,7,3,152.87582926474303,58.29650306642813,0.0127293197438143,6,0.8959259259259263,False
28.278000000000002,401.353, everyone,0.35999999999999943,7,3,155.1644779770849,60.6288868995021,0.0152031863108318,6,0.9292592592592597,False
28.638,401.71299999999997, that,0.17999999999999972,7,3,149.36184122115682,59.7826979891633,0.0118336491286774,6,0.9959259259259262,False
28.818,401.893, played,0.21999999999999886,7,3,88.03575572761177,39.026686529611545,0.0013351408997566,-1,0.0,False
29.038,402.113, sport,0.35999999999999943,7,3,88.13488617022809,37.453727171625225,0.0011171983787789,-1,0.0,False
29.398,402.473, was,0.240000000000002,7,3,88.13488617022809,44.99684809572291,0.0025322679430243,7,0.3861111111111099,True
29.638,402.71299999999997, cool.,0.3000000000000007,7,3,94.52879971898068,37.934723023036895,0.0012707675341517,7,0.7194444444444466,False
29.938000000000002,403.013, But,0.4399999999999977,7,3,94.52879971898068,39.43725190261871,0.0012520304881036,-1,0.0,False
30.378,403.453, I,1.4400000000000013,7,3,169.57081677055334,59.81664337924773,0.0142282694578168,-1,0.0,False
31.818,404.893, was,0.16000000000000014,7,3,190.64412961185943,41.996369314615855,0.0025582988746462,8,0.6472222222222231,True
31.978,405.053, never,0.1999999999999993,7,3,183.67757684447272,62.779810215183474,0.0195882599800826,8,0.7212962962962973,False
32.178,405.253, good.,0.3200000000000003,7,3,177.68138169532452,59.2329843198176,0.0132676418870656,8,0.8138888888888881,False
29.938,403.013, But,0.4399999999999977,8,3,94.52879971898068,39.43725190261871,0.0012520304881036,-1,0.0,False
30.377999999999997,403.453, I,1.4400000000000013,8,3,169.57081677055334,59.81664337924773,0.0142282694578168,-1,0.0,False
31.817999999999998,404.893, was,0.16000000000000014,8,3,190.64412961185943,41.996369314615855,0.0025582988746462,8,0.6472222222222215,False
31.977999999999998,405.053, never,0.1999999999999993,8,3,183.67757684447272,62.779810215183474,0.0195882599800826,8,0.7212962962962957,False
32.178,405.253, good.,0.3200000000000003,8,3,177.68138169532452,59.2329843198176,0.0132676418870656,8,0.8138888888888881,False
32.958,406.033, What's,0.23999999999999844,9,3,220.276821116288,40.11046427086266,0.0013877508463337,-1,0.0,False
33.19799999999999,406.27299999999997, your,0.28000000000000114,9,3,172.2053886557481,39.807216303205095,0.0013352778041735,-1,0.0,False
33.477999999999994,406.553, favorite?,0.1999999999999993,9,3,172.2053886557481,37.83522142722856,0.001062591210939,-1,0.0,False
34.258,407.33299999999997, I,0.5999999999999979,10,3,195.0099773422112,70.07494433281632,0.0407722443342202,9,0.12988505747126525,True
34.858000000000004,407.933, played,0.28000000000000114,10,3,85.69395038633738,55.69690293547804,0.0087261507287632,9,0.2448275862068977,False
35.138000000000005,408.21299999999997, soccer,0.5399999999999991,10,3,167.9162392189105,63.014006706162405,0.0214285608380952,9,0.29846743295019296,False
35.678,408.753, as,0.4800000000000004,10,3,228.33449871778916,49.42865863051476,0.004757589194922,9,0.4019157088122604,False
36.158,409.233, well.,0.259999999999998,10,3,92.26312580292908,59.34866192120388,0.014645102433862,9,0.49386973180076693,False
37.418,410.493, And,0.4200000000000017,11,3,80.0006364646548,55.45529550832819,0.0089374221861342,9,0.7352490421455942,False
37.838,410.913, they,0.11999999999999744,11,3,166.5477916029094,60.42134546082946,0.0142402267083502,9,0.815708812260537,False
37.958,411.033, put,0.1600000000000037,11,3,131.3575289950941,52.753268369413995,0.006240077316762,9,0.838697318007663,False
38.118,411.193, me,0.19999999999999574,11,3,80.39287478878246,55.586013396404645,0.0084958998486411,9,0.8693486590038323,False
38.318,411.393, in,0.30000000000000426,11,3,85.48312144894619,55.62873844088988,0.00783418212086,9,0.9076628352490422,False
38.618,411.693," defense,",0.6999999999999957,11,3,92.46792998226046,54.87368323873313,0.0074702794663614,9,0.9651340996168591,False
39.738,412.813, but,0.240000000000002,11,3,168.16283709175815,45.60432281379087,0.0042671668343268,10,0.102577319587628,True
39.978,413.053, I,0.1599999999999966,11,3,182.91377088509176,43.645814188990066,0.0036950001958773,10,0.16443298969072137,False
40.138,413.21299999999997, couldn't,0.6200000000000045,11,3,136.46556791256904,50.268301773891565,0.0046314387582229,10,0.2056701030927824,False
40.758,413.83299999999997, like,0.1599999999999966,11,3,77.23982051387594,59.17044969536277,0.0130097633227713,10,0.36546391752577345,False
40.918,413.993, defend,0.44000000000000483,11,3,82.93717424061357,56.35070366397702,0.0107348477467889,10,0.4067010309278345,False
41.358000000000004,414.433, to,0.3399999999999963,11,3,79.28407192673927,46.314151183231914,0.0032678362913419,10,0.520103092783506,False
41.698,414.77299999999997, save,0.259999999999998,11,3,90.38761900623268,45.95456304130355,0.002520330250263,10,0.6077319587628865,False
41.958,415.033, my,0.22000000000000597,11,3,185.64308183007392,39.18304943057154,0.0012447526678443,10,0.6747422680412367,False
42.178000000000004,415.253, life.,0.45999999999999375,11,3,174.22611399632888,60.77795070323165,0.0172860864549859,10,0.7314432989690733,False
43.178,416.253, They,0.35999999999999943,12,3,78.22012605880657,63.39877071127473,0.0210331622511145,10,0.9891752577319585,False
43.538,416.613, try,0.1599999999999966,12,3,182.15034008139656,38.829164329681205,0.0011837923666462,-1,0.0,False
43.69799999999999,416.77299999999997, to,0.10000000000000142,12,3,182.15034008139656,41.243788521813485,0.0017049753805624,-1,0.0,False
43.797999999999995,416.873, put,0.14000000000000057,12,3,169.5142674428409,39.26335142289821,0.0011494642822072,-1,0.0,False
43.937999999999995,417.013, me,0.11999999999999744,12,3,169.5142674428409,37.2570177543681,0.0012725651031359,-1,0.0,False
44.05799999999999,417.133, in,0.1600000000000037,12,3,169.5142674428409,38.15060886573538,0.0011514879297464,-1,0.0,False
44.217999999999996,417.293," goalkeeper,",0.4399999999999977,12,3,166.0649675057621,63.57883951804805,0.0214240811765195,-1,0.0,False
45.13799999999999,418.21299999999997, but,0.240000000000002,12,3,176.8973275411298,60.34300931952773,0.0159390568733175,11,0.2567010309278305,True
45.37799999999999,418.453, that,0.7000000000000028,12,3,202.8218887172945,40.89330186949311,0.002510883379726,11,0.3804123711340172,False
46.077999999999996,419.15299999999996, was,0.14000000000000057,12,3,145.87124729432168,43.14707713228656,0.0019746164325642,11,0.7412371134020603,False
46.217999999999996,419.293, even,0.3999999999999986,12,3,150.26121797218747,61.16827155717567,0.0154094556346549,11,0.813402061855669,False
46.617999999999995,419.693, worse.,0.4399999999999977,12,3,78.4099014660755,42.64593149281377,0.0026569899637261,-1,0.0,False
48.478,421.553, What,0.6000000000000014,13,3,92.35527073717614,40.60856514635492,0.0016526482068003,12,0.3364640883977906,True
49.078,422.153, position,0.4399999999999977,13,3,92.35527073717614,37.9975074418995,0.001117527950555,12,0.5022099447513819,False
49.518,422.59299999999996, do,0.259999999999998,13,3,92.35527073717614,39.029647761490665,0.0013364313635975,12,0.6237569060773479,False
49.778,422.853, you,0.10000000000000142,13,3,92.35527073717614,39.48869702851893,0.0014670465607197,12,0.6955801104972368,False
49.878,422.953, play,0.240000000000002,13,3,92.35527073717614,41.04948768836491,0.0015477595152331,12,0.7232044198895023,False
50.118,423.193, in?,0.29999999999999716,13,3,95.32037545205483,39.52658248759737,0.0012962647015229,12,0.7895027624309393,False
51.098,424.173, I,0.20000000000000284,14,3,133.6512218664019,39.49187327952252,0.0013788881478831,-1,0.0,False
51.298,424.373, play,0.7199999999999989,14,3,222.2148314539834,39.4521873861064,0.0012995362048969,-1,0.0,False
52.018,425.09299999999996, in,2.3999999999999986,14,3,94.4707639425834,46.128879515628554,0.0027694003656505,13,0.1277027027027027,True
54.418,427.493, the,0.060000000000002274,14,3,177.34761840583474,53.91547987911324,0.0070860283449304,13,0.9385135135135128,False
54.478,427.553, middle.,0.240000000000002,14,3,160.67370421428262,41.60462038291947,0.0017023319378495,13,0.9587837837837838,False
55.478,428.553, Yeah.,0.11999999999999744,15,3,197.39310290243495,55.29564509095276,0.0082040661945941,14,0.9656250000000024,True
55.758,428.83299999999997, I,0.05999999999999517,15,3,123.8726991025044,38.898428081687584,0.0011255232384429,15,0.009278350515464282,True
55.818,428.893, play,0.38000000000000256,15,3,123.8726991025044,37.25257501021334,0.0010976484045384,15,0.040206185567008224,False
56.198,429.27299999999997, in,0.8400000000000034,15,3,218.31339867089875,45.268683947574935,0.0032867647241791,15,0.23608247422680362,False
57.038000000000004,430.113, the,0.09999999999999432,15,3,182.6769067950605,42.73154057099858,0.0039225034415749,15,0.6690721649484555,False
57.138,430.21299999999997, middle.,0.3400000000000034,15,3,195.90439856790036,54.009946422932224,0.0070522036403397,15,0.7206185567010298,False
57.478,430.553, Okay.,0.9600000000000009,15,3,155.2505032704034,60.10867434897253,0.0133413495495913,15,0.8958762886597947,False
55.758,428.83299999999997, I,0.05999999999999517,16,3,123.8726991025044,38.898428081687584,0.0011255232384429,15,0.009278350515464282,False
55.818,428.893, play,0.38000000000000256,16,3,123.8726991025044,37.25257501021334,0.0010976484045384,15,0.040206185567008224,False
56.198,429.27299999999997, in,0.8400000000000034,16,3,218.31339867089875,45.268683947574935,0.0032867647241791,15,0.23608247422680362,False
57.038000000000004,430.113, the,0.09999999999999432,16,3,182.6769067950605,42.73154057099858,0.0039225034415749,15,0.6690721649484555,False
57.138,430.21299999999997, middle.,0.3400000000000034,16,3,195.90439856790036,54.009946422932224,0.0070522036403397,15,0.7206185567010298,False
57.478,430.553, Okay.,0.9600000000000009,17,3,155.2505032704034,60.10867434897253,0.0133413495495913,15,0.8958762886597947,False
58.698,431.77299999999997, Yeah.,0.6400000000000006,18,3,85.52509680598301,38.97700414257461,0.0012448650086299,-1,0.0,False
59.578,432.653, So,0.6400000000000006,19,3,106.2584014751152,52.14085152669076,0.0062322574667625,-1,0.0,False
60.218,433.293, that's,0.7399999999999949,19,3,94.21642974382216,39.05903201894794,0.0012142666382715,-1,0.0,False
60.958,434.033, a,0.0800000000000054,19,3,166.37472793478838,58.739424352608225,0.0120887756347659,16,0.09431279620852992,True
61.038000000000004,434.113, lot,0.09999999999999432,19,3,165.37950376763504,58.761223722161525,0.0120329577475789,16,0.11327014218009518,False
61.138,434.21299999999997, of,0.12000000000000455,19,3,163.58646730493763,59.17133232635004,0.0127109000459303,16,0.13696682464454882,False
61.258,434.33299999999997, running.,0.259999999999998,19,3,160.61864369161398,55.99578563460031,0.0088375117629776,16,0.16540284360189586,False
62.138,435.21299999999997, Right.,0.1600000000000037,20,3,81.93163911391734,55.813411987631234,0.008807505480945,16,0.37393364928909867,False
62.658,435.733, Yeah.,0.0799999999999983,21,3,171.65917631073674,38.32509906918505,0.0012604505755007,16,0.4971563981042653,False
63.058,436.133, Okay.,0.21999999999999886,22,3,186.383333636286,64.77708873788633,0.0228274818509815,16,0.5919431279620849,False
64.398,437.47299999999996, And,0.6400000000000006,23,3,84.0689465079889,54.47717304039108,0.0072064050473262,16,0.9094786729857808,False
65.038,438.113, do,0.6400000000000006,23,3,172.32712958137353,39.260316124141355,0.0011432049795984,-1,0.0,False
65.678,438.753, you,0.13999999999999346,23,3,93.20784869666376,41.24492484951537,0.001489777117968,17,0.08216560509553997,True
65.81799999999998,438.893, have,0.28000000000000114,23,3,93.20784869666376,42.14394915445598,0.0018465099856257,17,0.1267515923566821,False
66.09799999999998,439.173, like,0.6200000000000045,23,3,95.20303285884184,41.79581412739562,0.0018075372790917,17,0.21592356687897543,False
66.71799999999999,439.793, who's,0.8799999999999955,23,3,95.20303285884184,38.6913099000361,0.0012356422375887,17,0.41337579617833986,False
67.59799999999998,440.673, your,0.060000000000002274,23,3,217.03638065170549,40.36787407441332,0.0014614465180784,17,0.693630573248402,False
67.65799999999999,440.73299999999995, favorite,0.259999999999998,23,3,217.03638065170549,43.907497781616904,0.0024740560911598,17,0.7127388535031798,False
67.91799999999999,440.993, soccer,0.23999999999999488,23,3,217.03638065170549,43.80728000877703,0.002060240134597,17,0.7955414012738821,False
68.15799999999999,441.23299999999995, team?,0.46000000000000796,23,3,217.03638065170549,38.97489550701325,0.0012482733000068,17,0.8719745222929887,False
69.258,442.33299999999997, I,0.45999999999999375,24,3,131.99752707516683,48.159449176349845,0.0033274232409906,-1,0.0,False
69.71799999999999,442.793, go,0.14000000000000057,24,3,93.45029328689547,42.55271294835488,0.0019025140209129,-1,0.0,False
69.85799999999999,442.933, for,0.35999999999999943,24,3,93.45029328689547,44.691827669937865,0.0026384585071356,-1,0.0,False
70.21799999999999,443.293, English,1.3000000000000114,24,3,232.02201098355195,40.471609587483535,0.0013850859832018,18,0.496874999999974,True
71.518,444.59299999999996, to,0.2599999999999909,24,3,98.0785122986462,48.66931681703311,0.0034407805651428,19,0.4515625000000019,True
71.77799999999999,444.85299999999995, Charleston.,0.6200000000000045,24,3,260.0064825428558,40.42631432397096,0.0014954431680962,19,0.6546874999999946,False
72.79799999999999,445.873, Okay.,0.44000000000001194,25,3,180.6959421787111,56.20989298429658,0.00918859988451,-1,0.0,False
73.738,446.813, Yeah.,0.6400000000000006,26,3,220.47106697390325,44.586793195732064,0.0023873921018093,-1,0.0,False
74.77799999999999,447.85299999999995, What,0.18000000000000682,27,3,193.1356826186292,52.52814801381446,0.0056684506125736,-1,0.0,False
74.958,448.033, do,0.09999999999999432,27,3,177.34074433152566,51.47259400200215,0.0057705184444785,-1,0.0,False
75.05799999999999,448.133, the,0.1599999999999966,27,3,98.39576983920692,50.3000333626483,0.0045492402277885,-1,0.0,False
75.21799999999999,448.293, greatest,0.3200000000000074,27,3,98.3542022211671,40.72671125620849,0.0015185495140028,-1,0.0,False
75.538,448.613, right,0.29999999999999716,27,3,188.9038598758533,38.1555088077508,0.0012550378451123,-1,0.0,False
75.838,448.913, now?,0.21999999999999886,27,3,178.1062467733488,53.1237655685326,0.0064704902470111,21,0.03953488372093009,True
76.338,449.413, Okay.,0.3199999999999932,28,3,252.86026466715737,50.92679463378414,0.0046083256602294,21,0.12259136212624556,False
76.878,449.953, That's,0.3399999999999892,29,3,181.47299279305824,46.46757341361869,0.0031321893911818,21,0.2122923588039873,False
77.21799999999999,450.293, not,0.10000000000000853,29,3,183.78972766409663,39.63039043375236,0.0013651421759276,21,0.26877076411960005,False
77.318,450.393, able.,0.23999999999999488,29,3,176.56197388758824,53.933165265950755,0.0068588685244321,21,0.28538205980066456,False
77.91799999999999,450.993, Okay.,0.3400000000000034,30,3,190.02143167990303,38.945158447210375,0.0011615621624518,21,0.38504983388704217,False
79.43799999999999,452.513, I,0.6400000000000006,31,3,177.26761932932658,51.19513569058516,0.0061107636429405,21,0.6375415282392005,False
80.07799999999999,453.15299999999996, used,0.6400000000000006,31,3,189.54380892934432,38.13845717740251,0.0010697634425015,21,0.7438538205980044,False
80.71799999999999,453.793, to,0.10000000000000853,31,3,222.39418076460393,62.061946956534825,0.0171596296131592,21,0.8501661129568083,False
80.818,453.893, support,0.4399999999999977,31,3,218.6875639439438,53.57450999531506,0.0065667103044688,21,0.8667774086378729,False
81.258,454.33299999999997, Manchester,1.0799999999999983,31,3,285.2461164202261,57.916680881967295,0.0109906662255504,21,0.9398671096345501,False
82.338,455.413," United,",0.7000000000000028,31,3,122.6998581263076,40.93265947016835,0.0014894843334332,22,0.04725274725274637,True
84.038,457.113, but,0.14000000000000057,31,3,103.58593656750288,41.66708110940694,0.0018558121519159,22,0.3586080586080578,False
84.178,457.253," they're,",0.35999999999999943,31,3,103.58593656750288,42.82925226561969,0.001984669128433,22,0.3842490842490835,False
84.538,457.613, what,0.29999999999999716,31,3,121.53696346008624,45.865426834574336,0.002900122199207,22,0.45018315018314925,False
84.838,457.913, do,0.3199999999999932,31,3,124.29734232832033,43.90632510227048,0.0027811161708095,22,0.5051282051282036,False
85.15799999999999,458.23299999999995, you,0.0800000000000125,31,3,109.66376208180912,48.251673713343386,0.0041958675719805,22,0.5637362637362608,False
85.238,458.313, mean?,0.21999999999999886,31,3,109.33454105653828,39.60563031646073,0.001506914733909,22,0.5783882783882778,False
85.91799999999999,458.993, I,0.4399999999999977,32,3,99.30355110818628,45.43410064798012,0.0026494651101534,22,0.7029304029304008,False
86.35799999999999,459.433," mean,",0.0,32,3,118.56063927195292,48.03105881375102,0.0042056045494988,22,0.7835164835164808,False
86.35799999999999,459.433, I,0.18000000000000682,32,3,118.56063927195292,48.03105881375102,0.0042056045494988,22,0.7835164835164808,False
86.538,459.613," mean,",0.45999999999999375,32,3,125.50150115667948,47.178460784429454,0.0033040912821888,22,0.816483516483515,False
87.07799999999999,460.15299999999996, I,1.0600000000000023,32,3,170.7157717408561,57.35074695866316,0.0105224605649704,22,0.9153846153846124,False
88.13799999999999,461.21299999999997," mean,",0.18000000000000682,32,3,113.56029386009928,50.014819451077386,0.0044771959073846,23,0.11287878787878314,True
88.318,461.393, I,0.1799999999999926,32,3,112.75577159855482,47.98896043015486,0.0035480060614645,23,0.18106060606060387,False
88.49799999999999,461.573," mean,",0.1599999999999966,32,3,106.42632792608023,52.151103259868485,0.0057549155317244,23,0.24924242424241924,False
88.77799999999999,461.85299999999995, I,0.0,32,3,272.97502780191974,47.2458220999594,0.0035320988390591,23,0.3553030303030257,False
88.77799999999999,461.85299999999995," mean,",0.0,32,3,272.97502780191974,47.2458220999594,0.0035320988390591,23,0.3553030303030257,False
88.818,461.893, I,0.3199999999999932,32,3,276.6975272288494,44.83173432075948,0.0022483533248305,23,0.3704545454545432,False
89.13799999999999,462.21299999999997," mean,",0.0,32,3,433.04250315989606,61.43413715102705,0.0166408680379439,23,0.4916666666666618,False
89.13799999999999,462.21299999999997, I,0.5799999999999983,32,3,433.04250315989606,61.43413715102705,0.0166408680379439,23,0.4916666666666618,False
89.71799999999999,462.793," mean,",0.4399999999999977,32,3,399.7324865746376,44.31306112913957,0.0023323835339397,23,0.7113636363636308,False
90.15799999999999,463.23299999999995, especially,0.0,32,3,339.06724956001824,48.43574794704953,0.0033253226429221,23,0.8780303030302965,False
90.15799999999999,463.23299999999995, when,0.5800000000000125,32,3,339.06724956001824,48.43574794704953,0.0033253226429221,23,0.8780303030302965,False
90.738,463.813, you,0.21999999999999886,32,3,339.06724956001824,44.02455376451401,0.0022412417456507,-1,0.0,False
90.958,464.033, don't,0.21999999999999886,32,3,349.1887471073932,49.88242677400072,0.0040730363689363,-1,0.0,False
91.178,464.253, know.,0.20000000000000284,32,3,334.38148854579566,48.9343836794897,0.0039235427975647,-1,0.0,False
91.678,464.753, Yeah.,0.09999999999999432,33,3,133.64491960450556,51.73009066038328,0.0054489979520426,24,0.04120370370370314,True
91.838,464.913, I,0.01999999999999602,33,3,245.0252014663467,60.79459819208736,0.0153973586857316,24,0.07824074074073945,False
91.85799999999999,464.933," mean,",0.12000000000000455,33,3,246.48389818035471,60.22995241615288,0.014402295462788,24,0.08287037037036817,False
92.07799999999999,465.15299999999996, I,0.1600000000000108,33,3,236.2666575665005,58.06452287875387,0.0112956352531911,24,0.13379629629629392,False
92.238,465.313," mean,",0.0,33,3,96.1221483918161,52.20488708465102,0.005550195928663,24,0.1708333333333335,False
92.238,465.313, I,0.11999999999999034,33,3,96.1221483918161,52.20488708465102,0.005550195928663,24,0.1708333333333335,False
92.35799999999999,465.433," mean,",0.020000000000010232,33,3,234.21375930071355,64.58626686344229,0.0237863156944453,24,0.19861111111110907,False
92.378,465.453, I,0.0,33,3,227.436913347422,66.55679583825327,0.0292901508510085,24,0.20324074074074108,False
92.378,465.453, just,0.29999999999999716,33,3,227.436913347422,66.55679583825327,0.0292901508510085,24,0.20324074074074108,False
92.678,465.753, feel,0.2599999999999909,33,3,201.67598806909595,57.68565960182858,0.0110068581998345,24,0.272685185185185,False
92.93799999999999,466.013, like,0.28000000000000114,33,3,158.06655378682763,49.99579535912312,0.0053055225871479,24,0.33287037037036815,False
93.21799999999999,466.293, this,0.14000000000000057,33,3,191.702805091669,58.7675603311714,0.0119982818141576,24,0.39768518518518337,False
93.35799999999999,466.433, is,0.12000000000000455,33,3,189.27510712474677,58.07350762144531,0.0113945370540023,24,0.4300925925925909,False
93.478,466.553, like,0.12000000000000455,33,3,191.5357086253001,57.13847754717484,0.0104147922247646,24,0.4578703703703698,False
93.598,466.673, a,0.1599999999999966,33,3,192.20591320093877,58.91993045100142,0.0123982727527618,24,0.48564814814814866,False
93.758,466.83299999999997, popular,0.28000000000000114,33,3,238.76404859261677,54.24972038956571,0.0069393683224909,24,0.522685185185185,False
94.038,467.113, idea.,0.28000000000000114,33,3,218.8609787644377,40.97981350281056,0.0027937465347329,24,0.5875000000000001,False
91.838,464.913, I,0.01999999999999602,34,3,245.0252014663467,60.79459819208736,0.0153973586857316,24,0.07824074074073945,False
91.85799999999999,464.933," mean,",0.12000000000000455,34,3,246.48389818035471,60.22995241615288,0.014402295462788,24,0.08287037037036817,False
92.07799999999999,465.15299999999996, I,0.1600000000000108,34,3,236.2666575665005,58.06452287875387,0.0112956352531911,24,0.13379629629629392,False
92.238,465.313," mean,",0.0,34,3,96.1221483918161,52.20488708465102,0.005550195928663,24,0.1708333333333335,False
92.238,465.313, I,0.11999999999999034,34,3,96.1221483918161,52.20488708465102,0.005550195928663,24,0.1708333333333335,False
92.35799999999999,465.433," mean,",0.020000000000010232,34,3,234.21375930071355,64.58626686344229,0.0237863156944453,24,0.19861111111110907,False
92.378,465.453, I,0.0,34,3,227.436913347422,66.55679583825327,0.0292901508510085,24,0.20324074074074108,False
92.378,465.453, just,0.29999999999999716,34,3,227.436913347422,66.55679583825327,0.0292901508510085,24,0.20324074074074108,False
92.678,465.753, feel,0.2599999999999909,34,3,201.67598806909595,57.68565960182858,0.0110068581998345,24,0.272685185185185,False
92.93799999999999,466.013, like,0.28000000000000114,34,3,158.06655378682763,49.99579535912312,0.0053055225871479,24,0.33287037037036815,False
93.21799999999999,466.293, this,0.14000000000000057,34,3,191.702805091669,58.7675603311714,0.0119982818141576,24,0.39768518518518337,False
93.35799999999999,466.433, is,0.12000000000000455,34,3,189.27510712474677,58.07350762144531,0.0113945370540023,24,0.4300925925925909,False
93.478,466.553, like,0.12000000000000455,34,3,191.5357086253001,57.13847754717484,0.0104147922247646,24,0.4578703703703698,False
93.598,466.673, a,0.1599999999999966,34,3,192.20591320093877,58.91993045100142,0.0123982727527618,24,0.48564814814814866,False
93.758,466.83299999999997, popular,0.28000000000000114,34,3,238.76404859261677,54.24972038956571,0.0069393683224909,24,0.522685185185185,False
94.038,467.113, idea.,0.28000000000000114,34,3,218.8609787644377,40.97981350281056,0.0027937465347329,24,0.5875000000000001,False
95.338,468.413," Well,",0.4399999999999977,35,3,238.0421839120668,69.06321197749745,0.0398270115256292,24,0.888425925925926,False
96.018,469.09299999999996," no,",0.3999999999999915,35,3,163.40943434483336,55.14607814910464,0.0081134336069227,-1,0.0,False
96.838,469.913, I,0.20000000000000284,35,3,159.09936447764633,59.01267245605194,0.0129740312695503,25,0.3644230769230751,True
97.038,470.113, went,0.7000000000000028,35,3,95.4005909841527,55.07959625793921,0.0080467211082575,25,0.46057692307692266,False
97.738,470.813, for,0.19999999999998863,35,3,106.65624834137328,51.73188937824671,0.0058503025211393,25,0.7971153846153859,False
97.93799999999999,471.013, them.,0.1600000000000108,35,3,161.4586480589006,59.23359639669972,0.0125078428536658,25,0.8932692307692266,False
98.198,471.27299999999997," Well,",0.29999999999999716,35,3,118.18795189533856,51.988765727080136,0.0053730881772941,-1,0.0,False
98.55799999999999,471.633, they,0.2600000000000051,35,3,77.80962355919424,37.56999455761278,0.0011855696793645,-1,0.0,False
98.818,471.893, did,0.20000000000000284,35,3,86.26524078957735,38.57356782911919,0.0013558216160163,-1,0.0,False
99.018,472.09299999999996, win,0.19999999999998863,35,3,86.26524078957735,40.14391662649881,0.0013054922455921,-1,0.0,False
99.21799999999999,472.293, often.,0.4399999999999977,35,3,104.64287354870672,43.72719399443188,0.0019406755454838,-1,0.0,False
98.198,471.27299999999997," Well,",0.29999999999999716,36,3,118.18795189533856,51.988765727080136,0.0053730881772941,-1,0.0,False
98.55799999999999,471.633, they,0.2600000000000051,36,3,77.80962355919424,37.56999455761278,0.0011855696793645,-1,0.0,False
98.818,471.893, did,0.20000000000000284,36,3,86.26524078957735,38.57356782911919,0.0013558216160163,-1,0.0,False
99.018,472.09299999999996, win,0.19999999999998863,36,3,86.26524078957735,40.14391662649881,0.0013054922455921,-1,0.0,False
99.21799999999999,472.293, often.,0.4399999999999977,36,3,104.64287354870672,43.72719399443188,0.0019406755454838,-1,0.0,False
99.918,472.993, It's,0.14000000000000057,37,3,416.2865895206204,46.82579272452626,0.0033194345887768,26,0.29740259740260716,True
100.058,473.133, like,0.12000000000000455,37,3,402.6959913646129,51.58884924359569,0.0053140199743219,26,0.3883116883116989,False
100.17800000000001,473.253, a,0.1799999999999926,37,3,394.49191097492894,46.320272338981326,0.0029275640845294,26,0.46623376623378016,False
100.358,473.433, fair,0.2600000000000051,37,3,394.49191097492894,40.32661121163826,0.0013750914949924,26,0.5831168831168928,False
100.61800000000001,473.693," enough,",0.35999999999999943,37,3,394.49191097492894,43.219366113421216,0.0020478712394832,26,0.7519480519480659,False
101.058,474.133, but,0.23999999999999488,37,3,212.36132632394555,38.90239602936894,0.0011594592360779,-1,0.0,False
101.298,474.373, not,0.22000000000001307,37,3,226.83832049588128,59.15421031259616,0.0126681542024015,27,0.05051546391752531,True
101.51800000000001,474.593, anymore.,0.47999999999998977,37,3,122.32007760745248,46.173268586614896,0.0041068638674903,27,0.1639175257732023,False
103.29800000000002,476.373, The,0.4399999999999977,38,3,233.9549034692176,52.94675499064049,0.0067185764200975,-1,0.0,False
103.73800000000001,476.813, backs,0.4399999999999977,38,3,93.4443192857422,52.679439994759065,0.0063199559226632,28,0.3400000000000183,True
104.17800000000001,477.253, of,0.14000000000000057,38,3,88.24498515914559,56.58753005009104,0.0095877461135389,28,0.9685714285714411,False
104.31800000000001,477.39300000000003, when,0.11999999999999034,38,3,168.02521406207055,57.30633686759228,0.0110705709084868,-1,0.0,False
104.438,477.513, it,0.12000000000000455,38,3,214.1912151658833,43.61363531516716,0.0018012437503788,-1,0.0,False
104.558,477.633, was.,0.28000000000000114,38,3,195.49029814368143,60.57899326521365,0.0146250342950205,29,0.08666666666667078,True
105.038,478.113," Oh,",0.23999999999999488,39,3,170.79119058108256,59.90674072594149,0.0138945998623961,29,0.6199999999999978,False
105.378,478.453, okay.,0.29999999999999716,39,3,81.4985240331462,47.925065398965344,0.0042994539253413,29,0.997777777777783,False
105.818,478.893, Who,0.1599999999999966,39,3,83.72106964954283,47.205011580545765,0.0030221622437238,30,0.03064516129032005,True
105.978,479.053, do,0.0799999999999983,39,3,109.26037194374442,44.336182096418554,0.0026744257193061,30,0.15967741935483395,False
106.05799999999999,479.133, they,0.14000000000000057,39,3,113.40096703324812,48.23327714236911,0.0040627690032116,30,0.2241935483870909,False
106.198,479.27299999999997, have,0.18000000000000682,39,3,112.84513541423506,43.79146394440181,0.0021345755085352,30,0.33709677419354345,False
106.378,479.453, on,0.14000000000000057,39,3,104.25022196312278,43.79260267038302,0.0021817272063344,30,0.4822580645161302,False
106.518,479.59299999999996, their,0.11999999999999034,39,3,104.94780081884149,50.40565674363286,0.0047721243463454,30,0.5951612903225827,False
106.63799999999999,479.71299999999997, team?,0.3400000000000034,39,3,105.51886601320126,48.55253946118837,0.0039676283486186,30,0.6919354838709625,False
105.818,478.893, Who,0.1599999999999966,40,3,83.72106964954283,47.205011580545765,0.0030221622437238,30,0.03064516129032005,False
105.978,479.053, do,0.0799999999999983,40,3,109.26037194374442,44.336182096418554,0.0026744257193061,30,0.15967741935483395,False
106.05799999999999,479.133, they,0.14000000000000057,40,3,113.40096703324812,48.23327714236911,0.0040627690032116,30,0.2241935483870909,False
106.198,479.27299999999997, have,0.18000000000000682,40,3,112.84513541423506,43.79146394440181,0.0021345755085352,30,0.33709677419354345,False
106.378,479.453, on,0.14000000000000057,40,3,104.25022196312278,43.79260267038302,0.0021817272063344,30,0.4822580645161302,False
106.518,479.59299999999996, their,0.11999999999999034,40,3,104.94780081884149,50.40565674363286,0.0047721243463454,30,0.5951612903225827,False
106.63799999999999,479.71299999999997, team?,0.3400000000000034,40,3,105.51886601320126,48.55253946118837,0.0039676283486186,30,0.6919354838709625,False
107.338,480.413, Like,0.2600000000000051,41,3,104.61527529168671,39.09355578142489,0.0012019941350447,-1,0.0,False
107.598,480.673, anyone?,0.4399999999999977,41,3,104.61527529168671,36.028815481301976,0.000977216521278,-1,0.0,False
108.318,481.393, Any,0.1799999999999926,42,3,200.6745945998786,43.77702809137122,0.0023296747822314,-1,0.0,False
108.49799999999999,481.573, big,0.2400000000000091,42,3,200.6745945998786,43.057934877768986,0.0019142098026347,-1,0.0,False
108.738,481.813, names?,0.47999999999998977,42,3,200.6745945998786,41.29337050372294,0.0015662426594644,-1,0.0,False
109.618,482.693, Yeah.,0.4399999999999977,43,3,449.82099646626114,58.67120464257904,0.0127896480262296,31,0.516867469879513,True
110.05799999999999,483.133, But,0.04000000000000625,43,3,239.37388794962905,47.78049255197735,0.0038575043436149,31,0.7819277108433677,False
110.098,483.173, now,0.23999999999999488,43,3,210.89149400865648,47.93198277840506,0.0050068465061485,31,0.8060240963855402,False
110.338,483.413, we're,0.20000000000000284,43,3,339.19993218325294,57.47781346102321,0.0106415254995242,31,0.9506024096385494,False
110.538,483.613, lost.,0.3199999999999932,43,3,346.1955900564352,40.23043832210877,0.0017702289624134,-1,0.0,False
110.058,483.133, But,0.04000000000000625,44,3,239.37388794962905,47.78049255197735,0.0038575043436149,31,0.7819277108433762,False
110.09800000000001,483.173, now,0.23999999999999488,44,3,210.89149400865648,47.93198277840506,0.0050068465061485,31,0.8060240963855487,False
110.33800000000001,483.413, we're,0.20000000000000284,44,3,339.19993218325294,57.47781346102321,0.0106415254995242,31,0.9506024096385579,False
110.53800000000001,483.613, lost.,0.3199999999999932,44,3,346.1955900564352,40.23043832210877,0.0017702289624134,-1,0.0,False
111.698,484.77299999999997, Yeah.,0.4399999999999977,45,3,117.04057954922428,45.36166514107521,0.0023780500050637,32,0.5252631578947341,True
112.598,485.673, Yeah.,0.35999999999999943,46,3,111.04872158940032,41.73064617052299,0.0016247084131464,32,0.9989473684210549,False
113.13799999999999,486.21299999999997, They,0.060000000000002274,46,3,93.8402326088456,54.5904714762259,0.0074140047654503,-1,0.0,False
113.198,486.27299999999997, only,0.29999999999999716,46,3,81.16471194371643,54.89362433769382,0.0077355410903695,-1,0.0,False
113.49799999999999,486.573, lost,0.3200000000000074,46,3,82.10342520022228,44.5598304151142,0.0029187784530231,-1,0.0,False
113.818,486.893, here.,0.4399999999999977,46,3,100.1267197251347,36.460686580743946,0.0009705089032649,-1,0.0,False
113.138,486.21299999999997, They,0.060000000000002274,47,3,93.8402326088456,54.5904714762259,0.0074140047654503,-1,0.0,False
113.19800000000001,486.273, only,0.29999999999999716,47,3,81.16471194371643,54.89362433769382,0.0077355410903695,-1,0.0,False
113.498,486.573, lost,0.3200000000000074,47,3,82.10342520022228,44.5598304151142,0.0029187784530231,-1,0.0,False
113.81800000000001,486.89300000000003, here.,0.4399999999999977,47,3,100.1267197251347,36.460686580743946,0.0009705089032649,-1,0.0,False
114.538,487.613, I,0.11999999999999034,48,3,99.31038308866586,45.57682441192247,0.0029366507660595,33,0.2017341040462412,True
114.65799999999999,487.73299999999995, think,0.12000000000000455,48,3,99.31038308866586,45.64360530172109,0.0030332820024332,33,0.23641618497109396,False
114.77799999999999,487.85299999999995, they,0.12000000000000455,48,3,99.31038308866586,45.07453216663871,0.0025734668597579,33,0.2710982658959508,False
114.898,487.97299999999996, have,0.09999999999999432,48,3,99.31038308866586,40.392378361878706,0.0017521242843942,33,0.3057803468208077,False
114.99799999999999,488.073, lost,0.3400000000000034,48,3,99.31038308866586,45.189592844630326,0.0029088840819888,33,0.33468208092485235,False
115.338,488.413, here.,0.23999999999999488,48,3,91.58184428973208,44.05340994734237,0.0022131777368485,33,0.43294797687861075,False
115.738,488.813, It's,0.0799999999999983,48,3,91.58184428973208,47.79940085713776,0.0028361452277749,33,0.5485549132947976,False
115.818,488.893, basically,0.060000000000002274,48,3,91.58184428973208,46.32175752982231,0.0040266625583171,33,0.5716763005780341,False
115.878,488.953, gone,0.3199999999999932,48,3,91.58184428973208,41.50939886217206,0.0019088187254965,33,0.5890173410404625,False
116.198,489.27299999999997, now.,0.23999999999999488,48,3,91.71019001324028,48.188908232077,0.0035948585718869,33,0.6815028901734087,False
115.738,488.813, It's,0.0799999999999983,49,3,91.58184428973208,47.79940085713776,0.0028361452277749,33,0.5485549132947976,False
115.818,488.893, basically,0.060000000000002274,49,3,91.58184428973208,46.32175752982231,0.0040266625583171,33,0.5716763005780341,False
115.878,488.953, gone,0.3199999999999932,49,3,91.58184428973208,41.50939886217206,0.0019088187254965,33,0.5890173410404625,False
116.198,489.27299999999997, now.,0.23999999999999488,49,3,91.71019001324028,48.188908232077,0.0035948585718869,33,0.6815028901734087,False
116.738,489.813," Oh,",0.11999999999999034,50,3,93.04787239685665,42.74874666755211,0.0018602039199322,33,0.8375722543352605,False
117.018,490.09299999999996, yeah.,0.0799999999999983,50,3,93.04787239685665,44.14535326310634,0.0030238865874704,33,0.9184971098265905,False
117.678,490.753, Who,0.23999999999999488,51,3,211.03531813594364,39.828317943248464,0.001501212012954,-1,0.0,False
117.91799999999999,490.993, do,0.1599999999999966,51,3,211.03531813594364,41.42409519825035,0.0014298500027507,-1,0.0,False
118.07799999999999,491.15299999999996, they,0.04000000000000625,51,3,211.03531813594364,47.07116732304404,0.0030946258921175,-1,0.0,False
118.118,491.193, have,0.12000000000000455,51,3,211.03531813594364,45.35128151883135,0.0027100618463012,-1,0.0,False
118.238,491.313, now?,0.23999999999999488,51,3,211.03531813594364,39.437833978268,0.0013392528053373,-1,0.0,False
118.65799999999999,491.73299999999995, Did,0.0,51,3,211.03531813594364,40.02343483657751,0.0012922789901494,-1,0.0,False
118.65799999999999,491.73299999999995, they,0.2600000000000051,51,3,211.03531813594364,40.02343483657751,0.0012922789901494,-1,0.0,False
118.91799999999999,491.993, have,0.01999999999999602,51,3,184.75486138348128,54.72949917442967,0.0076209735125303,-1,0.0,False
118.93799999999999,492.013, a,0.0,51,3,178.66531190369992,54.00555655799745,0.0069977389648561,-1,0.0,False
118.93799999999999,492.013, play?,0.0,51,3,178.66531190369992,54.00555655799745,0.0069977389648561,-1,0.0,False
118.99799999999999,492.073, You,0.020000000000010232,51,3,176.69575593568703,53.57179371372941,0.0066834716126325,-1,0.0,False
119.018,492.09299999999996, might,0.11999999999999034,51,3,175.2483006077111,53.697515892928266,0.007064580917358,-1,0.0,False
119.13799999999999,492.21299999999997, know.,0.6200000000000045,51,3,98.77644843733488,53.202061624320194,0.0068404306657612,-1,0.0,False
119.93799999999999,493.013, Or,0.35999999999999943,51,3,159.46144577545246,44.78818508990345,0.0022934160660948,-1,0.0,False
120.29799999999999,493.373, the,0.7000000000000028,51,3,159.46144577545246,40.56646610022205,0.002144781406969,-1,0.0,False
120.99799999999999,494.073, grassroot?,0.18000000000000682,51,3,155.2988278849953,47.9160826666504,0.0034712401684381,34,0.10394736842104438,True
118.658,491.733, Did,0.0,52,3,211.03531813594364,40.02343483657751,0.0012922789901494,-1,0.0,False
118.658,491.733, they,0.2600000000000051,52,3,211.03531813594364,40.02343483657751,0.0012922789901494,-1,0.0,False
118.918,491.993, have,0.01999999999999602,52,3,184.75486138348128,54.72949917442967,0.0076209735125303,-1,0.0,False
118.938,492.013, a,0.0,52,3,178.66531190369992,54.00555655799745,0.0069977389648561,-1,0.0,False
118.938,492.013, play?,0.0,52,3,178.66531190369992,54.00555655799745,0.0069977389648561,-1,0.0,False
118.998,492.073, You,0.020000000000010232,53,3,176.69575593568703,53.57179371372941,0.0066834716126325,-1,0.0,False
119.01800000000001,492.093, might,0.11999999999999034,53,3,175.2483006077111,53.697515892928266,0.007064580917358,-1,0.0,False
119.138,492.21299999999997, know.,0.6200000000000045,53,3,98.77644843733488,53.202061624320194,0.0068404306657612,-1,0.0,False
119.938,493.013, Or,0.35999999999999943,54,3,159.46144577545246,44.78818508990345,0.0022934160660948,-1,0.0,False
120.298,493.373, the,0.7000000000000028,54,3,159.46144577545246,40.56646610022205,0.002144781406969,-1,0.0,False
120.998,494.073, grassroot?,0.18000000000000682,54,3,155.2988278849953,47.9160826666504,0.0034712401684381,34,0.10394736842105373,False
122.578,495.653, No.,0.35999999999999943,55,3,107.3536655336855,39.135483393888904,0.0013649610336868,-1,0.0,False
124.678,497.753, Yeah.,0.35999999999999943,56,3,96.70237363236346,43.13536709204565,0.0024049503263077,-1,0.0,False
125.198,498.27299999999997, It's,0.14000000000000057,56,3,96.70237363236346,38.64465693960218,0.0012140086619181,-1,0.0,False
125.338,498.413, probably,0.18000000000000682,56,3,96.70237363236346,38.72708263554853,0.001063527306542,-1,0.0,False
125.518,498.59299999999996, a,0.1599999999999966,56,3,96.70237363236346,39.065157416995376,0.0012146375374868,-1,0.0,False
125.678,498.753, lot,0.1799999999999926,56,3,96.70237363236346,39.61169997163206,0.0013843352207913,-1,0.0,False
125.85799999999999,498.933, of,0.1600000000000108,56,3,96.70237363236346,39.022803845519746,0.0011837347410619,-1,0.0,False
126.018,499.09299999999996, more.,0.1799999999999926,56,3,140.0465624231684,41.17792864216921,0.0022085451055318,-1,0.0,False
125.198,498.27299999999997, It's,0.14000000000000057,57,3,96.70237363236346,38.64465693960218,0.0012140086619181,-1,0.0,False
125.338,498.413, probably,0.18000000000000682,57,3,96.70237363236346,38.72708263554853,0.001063527306542,-1,0.0,False
125.518,498.59299999999996, a,0.1599999999999966,57,3,96.70237363236346,39.065157416995376,0.0012146375374868,-1,0.0,False
125.678,498.753, lot,0.1799999999999926,57,3,96.70237363236346,39.61169997163206,0.0013843352207913,-1,0.0,False
125.85799999999999,498.933, of,0.1600000000000108,57,3,96.70237363236346,39.022803845519746,0.0011837347410619,-1,0.0,False
126.018,499.09299999999996, more.,0.1799999999999926,57,3,140.0465624231684,41.17792864216921,0.0022085451055318,-1,0.0,False
126.838,499.913, Uh.,0.2600000000000051,58,3,140.0465624231684,40.21827585922669,0.0014327937969936,-1,0.0,False
131.638,504.71299999999997, Do,0.35999999999999943,59,3,93.67759713842072,49.97504216811496,0.0044395620934665,36,0.2552000000000021,True
131.998,505.073, you,0.0800000000000125,59,3,94.3146453615064,40.98361228178096,0.0014864765107631,36,0.39919999999999617,False
132.07800000000003,505.153, have,0.0,59,3,94.3146453615064,44.433833419189405,0.0024498547427354,36,0.4312000000000126,False
132.07800000000003,505.153, no,0.07999999999998408,59,3,94.3146453615064,44.433833419189405,0.0024498547427354,36,0.4312000000000126,False
132.15800000000002,505.233, really,0.18000000000000682,59,3,94.3146453615064,45.054249834767944,0.0024544652551412,36,0.46320000000000616,False
132.33800000000002,505.413, going,0.1599999999999966,59,3,105.2038299087708,39.63989378888978,0.0014961659908294,36,0.5352000000000089,False
132.498,505.573, to,0.20000000000001705,59,3,105.2038299087708,39.75370407850522,0.0013952903682366,36,0.5991999999999962,False
132.69800000000004,505.773, see,0.39999999999997726,59,3,123.88256177513372,47.148812652157126,0.0032218373380601,36,0.6792000000000143,False
133.098,506.173, poppin?,0.4000000000000057,59,3,160.94479162332715,55.64835155065064,0.0085510360077023,36,0.8392000000000053,False
133.51800000000003,506.593, No.,0.3400000000000034,59,3,150.3880481889683,54.17748915796069,0.0074069323018193,-1,0.0,False
133.518,506.59299999999996, No.,0.3400000000000034,60,3,150.3880481889683,54.17748915796069,0.0074069323018193,-1,0.0,False
134.31799999999998,507.393, Okay.,0.28000000000000114,61,3,175.0299314837928,55.18016491333027,0.0084602236747741,37,0.21056338028168453,True
134.838,507.913, I,0.020000000000010232,62,3,159.91553183742155,50.57915916437427,0.0053044380620151,37,0.39366197183098367,False
134.858,507.933, know,0.060000000000002274,62,3,114.51300276041216,50.04184855756377,0.0046076187863951,37,0.40070422535211403,False
134.918,507.993, you,0.19999999999998863,62,3,89.00435246397532,54.43493987162955,0.0072211413644254,37,0.4218309859154951,False
135.118,508.193, don't,0.19999999999998863,62,3,78.24980680350349,52.46179177648649,0.0052906661294391,37,0.49225352112675863,False
135.31799999999998,508.393, know,0.14000000000001478,62,3,157.6645798948946,54.163593815824825,0.0073786089196801,37,0.5626760563380221,False
135.458,508.533, if,0.18000000000000682,62,3,78.44631779460265,48.740895270066005,0.0039011887274694,37,0.6119718309859146,False
135.638,508.71299999999997, there,0.29999999999998295,62,3,100.46895846246926,51.36403213252171,0.0053923111408948,37,0.6753521126760578,False
135.938,509.013, was,0.2400000000000091,62,3,227.7203379971878,50.087583298523874,0.004716504830867,37,0.780985915492953,False
136.178,509.253, a,0.13999999999998636,62,3,165.2019985321446,54.50932288419887,0.0073085464537132,37,0.8654929577464773,False
136.31799999999998,509.393, sport.,0.21999999999999886,62,3,89.60169474214914,50.847234891073185,0.0051605519838631,37,0.9147887323943598,False
136.618,509.693, Yeah.,0.3400000000000034,62,3,98.24308032847732,54.12726318290702,0.0071561853401366,-1,0.0,False
137.118,510.193, Okay.,0.21999999999999886,62,3,204.84844973066777,36.65005994834791,0.0010456575546414,-1,0.0,False
136.618,509.693, Yeah.,0.3400000000000034,63,3,98.24308032847732,54.12726318290702,0.0071561853401366,-1,0.0,False
137.118,510.193, Okay.,0.21999999999999886,64,3,204.84844973066777,36.65005994834791,0.0010456575546414,-1,0.0,False
137.558,510.633, Yeah.,0.14000000000001478,65,3,173.22558944826588,63.443701056313586,0.021885035559535,-1,0.0,False
137.718,510.793, I,0.12000000000000455,65,3,89.67468217974194,58.26304957795615,0.0111689688637852,-1,0.0,False
137.838,510.913, guess,0.13999999999998636,65,3,86.24478079209766,58.717043413337066,0.0121549451723694,-1,0.0,False
137.97799999999998,511.053, I,0.160000000000025,65,3,89.44177998383527,43.50686584189005,0.0020639249123632,-1,0.0,False
138.138,511.21299999999997, don't,0.2599999999999909,65,3,92.98339802004791,40.37112812312663,0.0014512096531689,-1,0.0,False
138.398,511.47299999999996, really,0.21999999999999886,65,3,95.98840149369862,38.35893003149325,0.0012978489976372,-1,0.0,False
138.618,511.693, watch,0.2599999999999909,65,3,95.98840149369862,41.88739309642385,0.0014987329486758,-1,0.0,False
138.878,511.953, it.,0.14000000000001478,65,3,95.98840149369862,42.98634749698077,0.0017169081838801,-1,0.0,False
139.078,512.153, So,0.09999999999999432,65,3,176.76516272243495,42.40605006557638,0.0019474301952865,-1,0.0,False
139.178,512.2529999999999, I,0.03999999999999204,65,3,176.76516272243495,40.67075954681505,0.0015294341137636,-1,0.0,False
139.218,512.293, really,0.21999999999999886,65,3,176.76516272243495,40.312821233807625,0.0016965806717053,-1,0.0,False
139.438,512.5129999999999, wouldn't,0.30000000000001137,65,3,176.76516272243495,38.328142300960025,0.0014275046996772,38,0.016747572815531204,True
139.738,512.813, know,0.18000000000000682,65,3,176.5492896705688,53.94145871611833,0.007219659164547,38,0.05315533980582393,False
139.918,512.9929999999999, anyone.,0.47999999999998977,65,3,207.1344708598218,58.75693242178555,0.0124359503388404,38,0.07499999999999957,False
137.718,510.793, I,0.12000000000000455,66,3,89.67468217974194,58.26304957795615,0.0111689688637852,-1,0.0,False
137.838,510.913, guess,0.13999999999998636,66,3,86.24478079209766,58.717043413337066,0.0121549451723694,-1,0.0,False
137.97799999999998,511.053, I,0.160000000000025,66,3,89.44177998383527,43.50686584189005,0.0020639249123632,-1,0.0,False
138.138,511.21299999999997, don't,0.2599999999999909,66,3,92.98339802004791,40.37112812312663,0.0014512096531689,-1,0.0,False
138.398,511.47299999999996, really,0.21999999999999886,66,3,95.98840149369862,38.35893003149325,0.0012978489976372,-1,0.0,False
138.618,511.693, watch,0.2599999999999909,66,3,95.98840149369862,41.88739309642385,0.0014987329486758,-1,0.0,False
138.878,511.953, it.,0.14000000000001478,66,3,95.98840149369862,42.98634749698077,0.0017169081838801,-1,0.0,False
139.078,512.153, So,0.09999999999999432,67,3,176.76516272243495,42.40605006557638,0.0019474301952865,-1,0.0,False
139.178,512.2529999999999, I,0.03999999999999204,67,3,176.76516272243495,40.67075954681505,0.0015294341137636,-1,0.0,False
139.218,512.293, really,0.21999999999999886,67,3,176.76516272243495,40.312821233807625,0.0016965806717053,-1,0.0,False
139.438,512.5129999999999, wouldn't,0.30000000000001137,67,3,176.76516272243495,38.328142300960025,0.0014275046996772,38,0.016747572815531204,False
139.738,512.813, know,0.18000000000000682,67,3,176.5492896705688,53.94145871611833,0.007219659164547,38,0.05315533980582393,False
139.918,512.9929999999999, anyone.,0.47999999999998977,67,3,207.1344708598218,58.75693242178555,0.0124359503388404,38,0.07499999999999957,False
143.138,516.213, I,0.47999999999998977,68,3,160.38287370745593,48.96190473585549,0.004306930117309,38,0.46577669902912655,False
143.618,516.693, watched,0.30000000000001137,68,3,167.67453209603283,52.08945622715532,0.0059207146987365,38,0.5240291262135914,False
143.918,516.9929999999999, one,1.7199999999999989,68,3,154.6237366724435,58.112798825018665,0.0106535768136382,38,0.5604368932038842,False
145.638,518.713, of,0.09999999999999432,68,3,177.63697489412138,50.56798255297983,0.0039321589283645,38,0.7691747572815545,False
145.738,518.813, the,0.13999999999998636,68,3,169.82307933048662,61.81680194771194,0.0162606351077545,38,0.7813106796116509,False
145.878,518.953," games,",0.2400000000000091,68,3,172.73081130434107,56.30059166190037,0.0092804385349154,38,0.7983009708737852,False
146.458,519.533," like,",0.6200000000000045,68,3,163.44813594854614,36.48983002029976,0.0009779440006243,38,0.86868932038835,False
147.138,520.213, two,0.1599999999999966,68,3,158.7871458425569,49.29757911712888,0.0045686494559049,38,0.9512135922330112,False
147.298,520.373, nights,0.1599999999999966,68,3,167.788303353639,59.473666441236674,0.0135654145851726,38,0.9706310679611662,False
147.458,520.533," ago,",0.2400000000000091,68,3,158.65589703822096,47.74153218123968,0.0033705767709774,38,0.9900485436893212,False
148.25799999999998,521.333, the,0.10000000000002274,68,3,210.83521490001385,60.68922639378739,0.0154054602608084,39,0.18349514563106092,True
148.358,521.433," one,",0.45999999999997954,68,3,216.4540404329157,42.83670767457262,0.0034773431252757,39,0.23203883495146024,False
149.03799999999998,522.1129999999999, like,0.2400000000000091,68,3,100.412526982242,41.62840135603152,0.0019498319597914,39,0.5621359223300901,False
149.278,522.353, Tottenham,0.6400000000000148,68,3,100.412526982242,47.50745258574211,0.0035348783712834,39,0.6786407766990264,False
149.918,522.9929999999999, Spurs,0.9599999999999795,68,3,184.2873511596768,41.956379169167235,0.001814727555029,39,0.9893203883495187,False
150.878,523.953, vs.,0.5,68,3,182.46708207758965,49.02034844912478,0.0045133694075047,40,0.16220095693779812,True
151.718,524.793, Brighton.,0.4800000000000182,69,3,106.1132115077422,54.18051000533179,0.0075099109672009,40,0.3631578947368417,False
152.338,525.413," Oh,",0.2400000000000091,69,3,161.81301963377518,48.56644541322241,0.0031213348265737,40,0.5114832535885172,False
152.97799999999998,526.053, yeah.,0.2400000000000091,69,3,151.9583248563654,57.90657070803439,0.0101865958422422,40,0.6645933014354036,False
153.31799999999998,526.393, What's,0.3800000000000239,69,3,143.56312234771835,57.310361220533295,0.0109756346791982,40,0.7459330143540646,False
153.698,526.773, that?,0.07999999999998408,69,3,150.85091215639926,56.422306711840875,0.0091006699949502,40,0.836842105263161,False
152.338,525.413," Oh,",0.2400000000000091,70,3,161.81301963377518,48.56644541322241,0.0031213348265737,40,0.5114832535885172,False
152.97799999999998,526.053, yeah.,0.2400000000000091,70,3,151.9583248563654,57.90657070803439,0.0101865958422422,40,0.6645933014354036,False
153.31799999999998,526.393, What's,0.3800000000000239,71,3,143.56312234771835,57.310361220533295,0.0109756346791982,40,0.7459330143540646,False
153.698,526.773, that?,0.07999999999998408,71,3,150.85091215639926,56.422306711840875,0.0091006699949502,40,0.836842105263161,False
154.03799999999998,527.1129999999999," Yeah,",0.4800000000000182,72,3,87.17005767762258,43.78411306339788,0.0028427336364984,40,0.9181818181818152,False
154.53799999999998,527.6129999999999, I,0.10000000000002274,72,3,76.81746532266749,39.95653472215105,0.0015871170908212,-1,0.0,False
154.638,527.713, did,0.1799999999999784,72,3,76.81746532266749,42.98042777902944,0.0019899890758097,-1,0.0,False
154.81799999999998,527.893, because,0.3200000000000216,72,3,81.14889127260844,53.33098175204395,0.0062770047225058,41,0.016626506024093626,True
155.138,528.213, I,0.13999999999998636,72,3,81.26669117632844,40.747146126345314,0.001481516752392,41,0.055180722891566183,False
155.278,528.353, was,0.09999999999999432,72,3,145.5930741137828,39.73164304624199,0.0012537677539512,41,0.07204819277108265,False
155.378,528.453, at,0.060000000000002274,72,3,145.5930741137828,41.124397682720115,0.0015880679711699,41,0.08409638554216632,False
155.438,528.5129999999999, my,0.14000000000001478,72,3,145.5930741137828,43.98068448624944,0.0027261693030595,41,0.09132530120481722,False
155.578,528.653, friends,0.3199999999999932,72,3,145.5930741137828,50.28285744135538,0.0042586275376369,41,0.1081927710843371,False
155.898,528.973, and,1.2800000000000011,72,3,220.7945722956306,60.65686255539601,0.0143251642584745,41,0.14674698795180624,False
157.178,530.2529999999999, they,0.1599999999999966,72,3,175.67032673123617,57.36725916553267,0.0105930278077718,41,0.3009638554216862,False
157.338,530.413, wanted,0.19999999999998863,72,3,119.03146666737184,48.60860232806996,0.0048336284235119,41,0.3202409638554208,False
157.53799999999998,530.6129999999999, to,0.18000000000000682,72,3,270.43374436082786,44.887990085412866,0.0025112356524914,41,0.34433734939758814,False
157.718,530.793, watch,0.18000000000000682,72,3,235.82777384263017,46.48302652490174,0.0044752140529453,41,0.3660240963855408,False
157.898,530.973, it.,0.3199999999999932,72,3,197.42899112391495,56.67945643059502,0.0115319015458321,41,0.3877108433734935,False
158.518,531.593, But,0.09999999999999432,73,3,229.34163942868275,38.44980889621034,0.0013117288472127,41,0.4624096385542171,False
158.618,531.693, I,0.9799999999999898,73,3,185.30116942789112,43.47596414574369,0.0018668745178729,41,0.4744578313253008,False
159.59799999999998,532.673, didn't,0.5,73,3,163.03507319335205,61.58347429765152,0.0167892780154943,41,0.5925301204819263,False
160.09799999999998,533.173, really,0.7800000000000011,73,3,91.61730657024042,50.527944457321766,0.0049312463961541,41,0.6527710843373481,False
160.878,533.953, like.,0.2400000000000091,73,3,93.1299655588478,56.55127362891398,0.0097505860030651,41,0.7467469879518063,False
161.198,534.273, I,0.11999999999997613,73,3,252.13179916362068,42.88984035508235,0.0018171214032918,41,0.7853012048192788,False
161.31799999999998,534.393, thought,0.18000000000000682,73,3,251.9953104741633,56.29548984315356,0.0095407180488109,41,0.7997590361445771,False
161.498,534.573, Tottenham,0.5800000000000125,73,3,210.9029655371241,49.15397900177045,0.0055762701667845,41,0.8214457831325298,False
162.078,535.153, was,0.6200000000000045,73,3,182.05173122526045,40.639163293768526,0.0013995298650123,41,0.8913253012048207,False
162.698,535.773, much,0.4199999999999875,73,3,104.77747433388414,50.48881014495796,0.0048559247516095,41,0.9660240963855442,False
163.118,536.193, better,0.3199999999999932,73,3,85.32514980495878,51.05295989993307,0.0051683164201678,-1,0.0,False
163.438,536.5129999999999, than,0.2600000000000193,73,3,95.15438916646058,46.90227777380241,0.0028099354822188,-1,0.0,False
163.698,536.773, they,0.8199999999999932,73,3,161.48785593217426,40.025667619828035,0.0014389174757525,42,0.05119047619047821,True
164.518,537.593, were.,0.19999999999998863,73,3,182.18602995810485,53.046354777895935,0.0075754905119626,42,0.21388888888888982,False
164.858,537.933, I,0.060000000000002274,73,3,182.70381102483563,58.78241396963932,0.0141538968309655,42,0.28134920634920807,False
164.918,537.9929999999999, feel,0.1799999999999784,73,3,171.00353834022084,58.39439083052911,0.0129773011431097,42,0.29325396825397043,False
165.09799999999998,538.173, like,0.20000000000001705,73,3,164.33839875576152,55.930715546420416,0.0084024537354707,42,0.3289682539682519,False
165.298,538.373, they're,0.8799999999999955,73,3,101.94763186115736,39.99987148504174,0.0014836208429191,42,0.36865079365079506,False
166.178,539.2529999999999, really,0.2599999999999909,73,3,116.7909158531028,55.15510794777704,0.0077891927212456,42,0.543253968253969,False
166.438,539.5129999999999, over.,0.37999999999999545,73,3,112.17230466356,46.35734575641696,0.0033952768426388,42,0.5948412698412688,False
161.198,534.273, I,0.11999999999997613,74,3,252.13179916362068,42.88984035508235,0.0018171214032918,41,0.7853012048192788,False
161.31799999999998,534.393, thought,0.18000000000000682,74,3,251.9953104741633,56.29548984315356,0.0095407180488109,41,0.7997590361445771,False
161.498,534.573, Tottenham,0.5800000000000125,74,3,210.9029655371241,49.15397900177045,0.0055762701667845,41,0.8214457831325298,False
162.078,535.153, was,0.6200000000000045,74,3,182.05173122526045,40.639163293768526,0.0013995298650123,41,0.8913253012048207,False
162.698,535.773, much,0.4199999999999875,74,3,104.77747433388414,50.48881014495796,0.0048559247516095,41,0.9660240963855442,False
163.118,536.193, better,0.3199999999999932,74,3,85.32514980495878,51.05295989993307,0.0051683164201678,-1,0.0,False
163.438,536.5129999999999, than,0.2600000000000193,74,3,95.15438916646058,46.90227777380241,0.0028099354822188,-1,0.0,False
163.698,536.773, they,0.8199999999999932,74,3,161.48785593217426,40.025667619828035,0.0014389174757525,42,0.05119047619047821,False
164.518,537.593, were.,0.19999999999998863,74,3,182.18602995810485,53.046354777895935,0.0075754905119626,42,0.21388888888888982,False
164.858,537.933, I,0.060000000000002274,75,3,182.70381102483563,58.78241396963932,0.0141538968309655,42,0.28134920634920807,False
164.918,537.9929999999999, feel,0.1799999999999784,75,3,171.00353834022084,58.39439083052911,0.0129773011431097,42,0.29325396825397043,False
165.09799999999998,538.173, like,0.20000000000001705,75,3,164.33839875576152,55.930715546420416,0.0084024537354707,42,0.3289682539682519,False
165.298,538.373, they're,0.8799999999999955,75,3,101.94763186115736,39.99987148504174,0.0014836208429191,42,0.36865079365079506,False
166.178,539.2529999999999, really,0.2599999999999909,75,3,116.7909158531028,55.15510794777704,0.0077891927212456,42,0.543253968253969,False
166.438,539.5129999999999, over.,0.37999999999999545,75,3,112.17230466356,46.35734575641696,0.0033952768426388,42,0.5948412698412688,False
167.278,540.353, I,0.12000000000000455,76,3,105.52801179250676,43.45654422699049,0.0018608570098876,42,0.7615079365079365,False
167.398,540.473, don't,0.30000000000001137,76,3,105.52801179250676,44.05108059977872,0.0025135073810804,42,0.7853174603174612,False
167.698,540.773, know.,0.13999999999998636,76,3,129.8534212450822,46.08781189472789,0.0031204666011035,42,0.8448412698412732,False
167.898,540.973, I,0.03999999999999204,76,3,129.8534212450822,46.62143329803367,0.0029184287413951,42,0.8845238095238106,False
167.938,541.0129999999999, just,0.12000000000000455,76,3,129.8534212450822,46.22883576222803,0.0033380766399204,42,0.892460317460317,False
168.058,541.133, hear,0.21999999999999886,76,3,126.69953991437978,45.77882413267672,0.002807670738548,42,0.9162698412698417,False
168.278,541.353, them,0.30000000000001137,76,3,127.9275343914304,46.779318869190945,0.0035232733935117,42,0.9599206349206352,False
168.578,541.653, a,0.28000000000000114,76,3,149.79653710634787,45.30289189620913,0.003007018473,-1,0.0,False
168.858,541.933, lot.,0.19999999999998863,76,3,113.51112046624604,41.273393197288755,0.0015273113967853,43,0.12105263157895038,True
169.058,542.133," Like,",0.7400000000000091,76,3,105.93168327966744,41.08578382620648,0.0014533986104652,43,0.2964912280701662,False
169.81799999999998,542.893, they're,0.28000000000000114,76,3,86.23153540932081,53.08847376691415,0.0064947004429996,43,0.9631578947368162,False
170.09799999999998,543.173, a,0.14000000000001478,76,3,139.82313370362482,55.22904570122483,0.0067467298358678,-1,0.0,False
170.238,543.313," top,",0.5199999999999818,76,3,89.9019321392943,49.3597169189659,0.0045591816306178,-1,0.0,False
170.998,544.073," like,",0.3400000000000034,76,3,90.10443451953626,45.232758896812506,0.0024086313787847,44,0.33174603174601663,True
171.338,544.413, they're,0.19999999999998863,76,3,104.414602723301,37.69827847241814,0.0012488238280639,44,0.6015873015872911,False
171.53799999999998,544.6129999999999, a,0.060000000000002274,76,3,104.414602723301,38.149834345152314,0.0013535507023334,44,0.760317460317442,False
171.59799999999998,544.673, top,0.2600000000000193,76,3,104.414602723301,37.99164726191665,0.0012548509985208,44,0.8079365079364917,False
171.858,544.933, team.,0.45999999999997954,76,3,104.414602723301,45.76760334809698,0.0025829924270511,-1,0.0,False
167.898,540.973, I,0.03999999999999204,77,3,129.8534212450822,46.62143329803367,0.0029184287413951,42,0.8845238095238106,False
167.938,541.0129999999999, just,0.12000000000000455,77,3,129.8534212450822,46.22883576222803,0.0033380766399204,42,0.892460317460317,False
168.058,541.133, hear,0.21999999999999886,77,3,126.69953991437978,45.77882413267672,0.002807670738548,42,0.9162698412698417,False
168.278,541.353, them,0.30000000000001137,77,3,127.9275343914304,46.779318869190945,0.0035232733935117,42,0.9599206349206352,False
168.578,541.653, a,0.28000000000000114,77,3,149.79653710634787,45.30289189620913,0.003007018473,-1,0.0,False
168.858,541.933, lot.,0.19999999999998863,77,3,113.51112046624604,41.273393197288755,0.0015273113967853,43,0.12105263157895038,False
169.058,542.133," Like,",0.7400000000000091,78,3,105.93168327966744,41.08578382620648,0.0014533986104652,43,0.2964912280701662,False
169.81799999999998,542.893, they're,0.28000000000000114,78,3,86.23153540932081,53.08847376691415,0.0064947004429996,43,0.9631578947368162,False
170.09799999999998,543.173, a,0.14000000000001478,78,3,139.82313370362482,55.22904570122483,0.0067467298358678,-1,0.0,False
170.238,543.313," top,",0.5199999999999818,78,3,89.9019321392943,49.3597169189659,0.0045591816306178,-1,0.0,False
170.998,544.073," like,",0.3400000000000034,78,3,90.10443451953626,45.232758896812506,0.0024086313787847,44,0.33174603174601663,False
171.338,544.413, they're,0.19999999999998863,78,3,104.414602723301,37.69827847241814,0.0012488238280639,44,0.6015873015872911,False
171.53799999999998,544.6129999999999, a,0.060000000000002274,78,3,104.414602723301,38.149834345152314,0.0013535507023334,44,0.760317460317442,False
171.59799999999998,544.673, top,0.2600000000000193,78,3,104.414602723301,37.99164726191665,0.0012548509985208,44,0.8079365079364917,False
171.858,544.933, team.,0.45999999999997954,78,3,104.414602723301,45.76760334809698,0.0025829924270511,-1,0.0,False
172.558,545.633, They're,0.020000000000010232,79,3,430.8843679083316,40.06363368804391,0.0013348018983379,45,0.22374999999999937,True
172.578,545.653," not,",0.07999999999998408,79,3,430.8843679083316,43.3787194269765,0.0025732233189029,45,0.2362500000000056,False
172.75799999999998,545.833," like,",0.160000000000025,79,3,124.15486557717962,52.006251074945936,0.0053460272029042,45,0.3487499999999905,False
172.918,545.9929999999999, they're,0.21999999999999886,79,3,115.70094268139462,48.623874539301184,0.0037196511402726,45,0.4487500000000047,False
173.138,546.213, in,0.0,79,3,105.3246480335445,42.46178210173563,0.002182402415201,45,0.586250000000002,False
173.138,546.213, a,0.03999999999999204,79,3,105.3246480335445,42.46178210173563,0.002182402415201,45,0.586250000000002,False
173.178,546.2529999999999, top,0.18000000000000682,79,3,105.3246480335445,48.44172769539802,0.0036881980486201,45,0.6112499999999967,False
173.358,546.433, six.,0.3400000000000034,79,3,112.71129010912315,41.03015162479328,0.0016328245401379,45,0.7237499999999993,False
174.418,547.4929999999999," Like,",0.13999999999998636,80,3,147.54433470604172,40.78942065384863,0.001571228611283,46,0.13070175438596565,True
174.578,547.653, they're,0.23999999999998067,80,3,147.54433470604172,44.2644403664283,0.0024927980266504,46,0.20087719298245535,False
174.81799999999998,547.893, kind,0.060000000000002274,80,3,144.92577919009057,41.19709074240818,0.0016140247462317,46,0.30614035087718366,False
174.878,547.953, of,0.1599999999999966,80,3,144.92577919009057,39.6060163559686,0.0014124162262305,46,0.33245614035086885,False
175.03799999999998,548.1129999999999, bad.,0.6400000000000148,80,3,142.72836394544692,39.469251782369014,0.0020151652861386,46,0.40263157894735857,False
176.03799999999998,549.1129999999999, But,0.21999999999999886,81,3,166.78449106559847,44.35182116874962,0.0023602009750902,46,0.8412280701754286,False
176.25799999999998,549.333, I,0.2400000000000091,81,3,166.78449106559847,41.22002020397175,0.001534042879939,46,0.9377192982456034,False
176.498,549.573, can't,0.20000000000001705,81,3,166.78449106559847,40.261735348435174,0.00135744351428,-1,0.0,False
176.698,549.773, really,0.11999999999997613,81,3,166.78449106559847,43.18103532884843,0.0030421235132962,-1,0.0,False
176.81799999999998,549.893, talk,0.30000000000001137,81,3,171.51308278706895,52.61801739412506,0.0064764986746013,-1,0.0,False
177.118,550.193, with,0.28000000000000114,81,3,96.87036888517652,41.21169778096054,0.0015864215092737,-1,0.0,False
177.398,550.473, Chelsea.,0.2400000000000091,81,3,80.84898423683184,52.95785663020642,0.0058893053792388,47,0.3758620689655091,True
177.958,551.033, I'm,0.18000000000000682,82,3,92.82671728644222,37.25250811051455,0.0012471587397164,-1,0.0,False
178.138,551.213," like,",0.0,82,3,92.82671728644222,40.21021490005925,0.0015835367375984,48,0.012340425531913375,True
178.198,551.273, don't,0.4199999999999875,82,3,126.3249724585374,47.46110541872102,0.0034640619996935,48,0.025106382978722402,False
178.618,551.693, really,0.47999999999998977,82,3,119.9759769349072,45.00107201398938,0.0025978998746731,48,0.11446808510637953,False
179.09799999999998,552.173, really,0.20000000000001705,82,3,103.56726058698484,40.68828987758984,0.0013670367188751,48,0.2165957446808457,False
179.298,552.373, want,0.03999999999999204,82,3,104.06229519768245,40.028620620868566,0.0015772248152638,48,0.2591489361702111,False
179.338,552.413, to,0.21999999999999886,82,3,104.06229519768245,37.72445482709795,0.0012966830981895,48,0.2676595744680818,False
179.558,552.633, see.,0.6800000000000068,82,3,104.06229519768245,38.386237274327,0.0015804638387635,48,0.3144680851063795,False
180.518,553.593, Yeah.,0.29999999999998295,83,3,104.27067587988266,44.182357056404825,0.002232583705336,48,0.5187234042553179,False
181.018,554.093, Okay.,0.2599999999999909,84,3,106.89503069415946,48.40811396157381,0.0052765682339608,48,0.6251063829787225,False
181.458,554.533, Yeah.,0.13999999999998636,84,3,106.89503069415946,39.44125175162293,0.0013220255495977,48,0.7187234042553179,False
181.458,554.533, Yeah.,0.13999999999998636,85,3,106.89503069415946,39.44125175162293,0.0013220255495977,48,0.7187234042553179,False
181.918,554.9929999999999," And,",0.19999999999998863,86,3,106.89503069415946,46.97918080840263,0.0033031732309609,48,0.8165957446808517,False
182.118,555.193," like,",1.4199999999999875,86,3,219.1655339334631,43.248200260655224,0.0018142457120116,48,0.8591489361702112,False
183.75799999999998,556.833," Brighton,",0.36000000000001364,86,3,272.8088161257544,46.4481125195193,0.0046469988301396,49,0.07741176470588083,True
184.198,557.273, I've,0.37999999999999545,86,3,249.04253383230864,49.85060143127808,0.0046485774219036,49,0.12917647058823684,False
184.578,557.653, been,0.1799999999999784,86,3,231.5889853614977,61.28451961329874,0.016405645757914,49,0.1738823529411775,False
184.75799999999998,557.833, a,0.10000000000002274,86,3,241.141375150641,61.4630995541289,0.0166797060519456,49,0.19505882352941023,False
184.858,557.933, really,0.1799999999999784,86,3,80.88911294258855,57.63975238535416,0.0112196104600964,49,0.20682352941176585,False
185.03799999999998,558.1129999999999, good,0.12000000000000455,86,3,108.72536850970135,59.25489578135559,0.0130277471616864,49,0.22799999999999862,False
185.158,558.233," team,",0.28000000000000114,86,3,105.64928097455412,60.38301582427558,0.0155751584097743,49,0.24211764705882266,False
185.59799999999998,558.673, so,0.14000000000001478,86,3,217.45817836777107,60.40015094376842,0.0156043460592627,49,0.2938823529411754,False
185.738,558.813, I,0.07999999999998408,86,3,198.60727800863643,38.067250768065605,0.0012725838460025,49,0.3103529411764712,False
185.81799999999998,558.893, just,0.0800000000000125,86,3,102.33117078047636,40.94989141968792,0.001409932039678,49,0.3197647058823517,False
185.898,558.973, want,0.13999999999998636,86,3,101.39687891543774,53.90153217860323,0.007205380592493,49,0.3291764705882355,False
186.03799999999998,559.1129999999999, to,0.14000000000001478,86,3,75.04449270168483,53.3220458140223,0.006548780016601,49,0.34564705882352803,False
186.178,559.2529999999999, talk,0.03999999999999204,86,3,210.93780821420148,50.24686883481282,0.0049959481693817,49,0.3621176470588239,False
186.218,559.293, about,0.1599999999999966,86,3,209.39809369214888,54.18787836993451,0.0072409193962812,49,0.3668235294117641,False
186.378,559.453, sport.,0.2400000000000091,86,3,198.81548680737967,62.66398886046845,0.0183788817375898,49,0.3856470588235284,False
186.938,560.0129999999999, Yeah.,0.2600000000000193,87,3,178.123784866519,59.43764382074472,0.0124286971986293,49,0.4515294117647052,False
187.298,560.373," Brighton,",0.37999999999999545,87,3,157.7408681331984,58.15717079320139,0.0116014443337931,49,0.4938823529411773,False
187.798,560.873, I've,0.5199999999999818,87,3,77.69522183825633,55.36232042390753,0.0084916437044737,49,0.552705882352942,False
188.31799999999998,561.393, never,0.10000000000002274,87,3,106.00472156476052,42.54309046815609,0.001991763478145,49,0.6138823529411752,False
188.418,561.4929999999999," even,",0.47999999999998977,87,3,104.78339548042209,49.935121733420445,0.0043804193846881,49,0.6256470588235308,False
189.25799999999998,562.333, they're,0.6200000000000045,87,3,177.96733470169067,59.007738120335546,0.0123989768326282,49,0.7244705882352926,False
189.878,562.953, just,0.12000000000000455,87,3,125.63615968601616,39.619502325937994,0.0013285843888297,49,0.7974117647058814,False
189.998,563.073, not,0.6200000000000045,87,3,125.63615968601616,40.87056370158611,0.0016741624567657,49,0.8115294117647054,False
190.618,563.693, one,0.19999999999998863,87,3,125.63615968601616,39.5464565672384,0.0012439178535716,49,0.8844705882352942,False
190.81799999999998,563.893, of,0.10000000000002274,87,3,125.63615968601616,39.34521439205582,0.0012730491580441,49,0.9079999999999987,False
190.918,563.9929999999999," the,",0.23999999999998067,87,3,202.47743206622337,39.48623775249801,0.0013055468443781,49,0.9197647058823544,False
191.398,564.473, like...,0.3199999999999932,87,3,202.47743206622337,43.20941100340209,0.002039783401415,49,0.9762352941176473,False
191.718,564.793," No,",0.060000000000002274,87,3,202.47743206622337,38.52213058546063,0.0012282566167414,-1,0.0,False
191.898,564.973, I,0.0,87,3,183.39324544530288,57.25990584822456,0.0103002358227953,-1,0.0,False
191.898,564.973, want,0.0,87,3,183.39324544530288,57.25990584822456,0.0103002358227953,-1,0.0,False
191.898,564.973, to,0.07999999999998408,87,3,183.39324544530288,57.25990584822456,0.0103002358227953,-1,0.0,False
191.97799999999998,565.053, be,0.14000000000001478,87,3,174.8890470301253,57.187119856824054,0.0111642144620418,-1,0.0,False
192.118,565.193, better,0.19999999999998863,87,3,171.30749662803763,57.346379623344134,0.010137615725398,-1,0.0,False
192.31799999999998,565.393, than,0.2400000000000091,87,3,100.15654777200746,52.68941499029384,0.0061179799959063,-1,0.0,False
192.558,565.633, over.,0.18000000000000682,87,3,178.7487185931274,51.66077987029416,0.0055065061897039,50,0.0023136246786633263,True
192.918,565.9929999999999," Like,",0.3199999999999932,87,3,113.11653600182557,39.95454501938805,0.0013104943791404,50,0.048586118251929857,False
193.238,566.313, I'd,0.13999999999998636,87,3,232.24329245054423,37.55477408396448,0.0012448435882102,50,0.08971722365038655,False
193.378,566.453, be,0.040000000000020464,87,3,232.24329245054423,52.04874912882994,0.0056370850652456,50,0.10771208226220999,False
193.418,566.4929999999999, good,0.19999999999998863,87,3,232.24329245054423,48.8207017325504,0.0056757228448987,50,0.11285347043701982,False
193.618,566.693, to,0.2400000000000091,87,3,123.04472178857756,51.758085238579405,0.0051258499734103,50,0.13856041131105434,False
193.858,566.933, see,0.21999999999999886,87,3,120.9323144443915,40.205510568351926,0.0014433041214944,50,0.1694087403598987,False
194.078,567.153, them,0.19999999999998863,87,3,120.9323144443915,40.46607140709111,0.0013669037725778,50,0.19768637532133815,False
194.278,567.353, in,0.12000000000000455,87,3,206.05559375703652,37.48707428672458,0.001248930231668,50,0.22339331619537267,False
194.398,567.473, a,0.0,87,3,206.05559375703652,38.288622252004,0.0012510844971983,50,0.23881748071979483,False
194.398,567.473, top,0.6800000000000068,87,3,206.05559375703652,38.288622252004,0.0012510844971983,50,0.23881748071979483,False
195.078,568.153, six.,0.3599999999999852,87,3,184.22006346580193,56.99177676123868,0.01030598115176,50,0.3262210796915181,False
187.298,560.373," Brighton,",0.37999999999999545,88,3,157.7408681331984,58.15717079320139,0.0116014443337931,49,0.4938823529411773,False
187.798,560.873, I've,0.5199999999999818,88,3,77.69522183825633,55.36232042390753,0.0084916437044737,49,0.552705882352942,False
188.31799999999998,561.393, never,0.10000000000002274,88,3,106.00472156476052,42.54309046815609,0.001991763478145,49,0.6138823529411752,False
188.418,561.4929999999999," even,",0.47999999999998977,88,3,104.78339548042209,49.935121733420445,0.0043804193846881,49,0.6256470588235308,False
189.25799999999998,562.333, they're,0.6200000000000045,88,3,177.96733470169067,59.007738120335546,0.0123989768326282,49,0.7244705882352926,False
189.878,562.953, just,0.12000000000000455,88,3,125.63615968601616,39.619502325937994,0.0013285843888297,49,0.7974117647058814,False
189.998,563.073, not,0.6200000000000045,88,3,125.63615968601616,40.87056370158611,0.0016741624567657,49,0.8115294117647054,False
190.618,563.693, one,0.19999999999998863,88,3,125.63615968601616,39.5464565672384,0.0012439178535716,49,0.8844705882352942,False
190.81799999999998,563.893, of,0.10000000000002274,88,3,125.63615968601616,39.34521439205582,0.0012730491580441,49,0.9079999999999987,False
190.918,563.9929999999999," the,",0.23999999999998067,88,3,202.47743206622337,39.48623775249801,0.0013055468443781,49,0.9197647058823544,False
191.398,564.473, like...,0.3199999999999932,88,3,202.47743206622337,43.20941100340209,0.002039783401415,49,0.9762352941176473,False
191.718,564.793," No,",0.060000000000002274,89,3,202.47743206622337,38.52213058546063,0.0012282566167414,-1,0.0,False
191.898,564.973, I,0.0,89,3,183.39324544530288,57.25990584822456,0.0103002358227953,-1,0.0,False
191.898,564.973, want,0.0,89,3,183.39324544530288,57.25990584822456,0.0103002358227953,-1,0.0,False
191.898,564.973, to,0.07999999999998408,89,3,183.39324544530288,57.25990584822456,0.0103002358227953,-1,0.0,False
191.97799999999998,565.053, be,0.14000000000001478,89,3,174.8890470301253,57.187119856824054,0.0111642144620418,-1,0.0,False
192.118,565.193, better,0.19999999999998863,89,3,171.30749662803763,57.346379623344134,0.010137615725398,-1,0.0,False
192.31799999999998,565.393, than,0.2400000000000091,89,3,100.15654777200746,52.68941499029384,0.0061179799959063,-1,0.0,False
192.558,565.633, over.,0.18000000000000682,89,3,178.7487185931274,51.66077987029416,0.0055065061897039,50,0.0023136246786633263,False
192.918,565.9929999999999," Like,",0.3199999999999932,90,3,113.11653600182557,39.95454501938805,0.0013104943791404,50,0.048586118251929857,False
193.238,566.313, I'd,0.13999999999998636,90,3,232.24329245054423,37.55477408396448,0.0012448435882102,50,0.08971722365038655,False
193.378,566.453, be,0.040000000000020464,90,3,232.24329245054423,52.04874912882994,0.0056370850652456,50,0.10771208226220999,False
193.418,566.4929999999999, good,0.19999999999998863,90,3,232.24329245054423,48.8207017325504,0.0056757228448987,50,0.11285347043701982,False
193.618,566.693, to,0.2400000000000091,90,3,123.04472178857756,51.758085238579405,0.0051258499734103,50,0.13856041131105434,False
193.858,566.933, see,0.21999999999999886,90,3,120.9323144443915,40.205510568351926,0.0014433041214944,50,0.1694087403598987,False
194.078,567.153, them,0.19999999999998863,90,3,120.9323144443915,40.46607140709111,0.0013669037725778,50,0.19768637532133815,False
194.278,567.353, in,0.12000000000000455,90,3,206.05559375703652,37.48707428672458,0.001248930231668,50,0.22339331619537267,False
194.398,567.473, a,0.0,90,3,206.05559375703652,38.288622252004,0.0012510844971983,50,0.23881748071979483,False
194.398,567.473, top,0.6800000000000068,90,3,206.05559375703652,38.288622252004,0.0012510844971983,50,0.23881748071979483,False
195.078,568.153, six.,0.3599999999999852,90,3,184.22006346580193,56.99177676123868,0.01030598115176,50,0.3262210796915181,False
195.678,568.7529999999999, Yeah.,0.29999999999998295,91,3,193.54383516737127,55.368355423468515,0.0082406187430024,50,0.40334190231362527,False
196.378,569.453, Yeah.,0.20000000000001705,92,3,197.6150984065791,48.68917595364098,0.006863166578114,50,0.4933161953727498,False
196.578,569.653," So,",0.7399999999999807,92,3,171.06746719560047,53.82962923317878,0.0069744205102316,50,0.519023136246788,False
198.218,571.293, when,0.18000000000000682,92,3,176.94333066764565,46.89700705073001,0.0032770552206784,50,0.7298200514138813,False
198.398,571.473, you,0.13999999999998636,92,3,165.23330141244975,57.42336583059151,0.0108213741332312,50,0.7529562982005146,False
198.53799999999998,571.6129999999999," say,",0.2400000000000091,92,3,177.02224670132102,59.43512424187162,0.0127991391345858,50,0.770951156812338,False
198.858,571.933," like,",0.11999999999997613,92,3,169.70510560493148,57.45417123694707,0.0102569712325939,50,0.8120822622107984,False
199.178,572.2529999999999," season,",0.2400000000000091,92,3,200.20535152923665,46.18094837272396,0.0026770778931677,50,0.853213367609255,False
199.778,572.853, what,0.21999999999999886,92,3,168.06645161157502,61.45627894664119,0.0169890336692333,50,0.9303341902313623,False
199.998,573.073, does,0.1599999999999966,92,3,167.7182347232805,57.06346163997036,0.0099309729412198,50,0.9586118251928017,False
200.158,573.233, that,0.18000000000000682,92,3,159.4122985676681,51.20686172811442,0.0070936819538474,50,0.9791773778920301,False
200.338,573.413, mean?,0.19999999999998863,92,3,155.58848729120325,58.715566749101995,0.0127825485542416,-1,0.0,False
200.698,573.773, Is,0.05999999999997385,92,3,90.49935094268936,45.79718590357133,0.0029516634531319,-1,0.0,False
200.75799999999998,573.833, it,0.12000000000000455,92,3,90.49935094268936,42.51171666960727,0.0017430512234568,-1,0.0,False
200.878,573.953," just,",0.1599999999999966,92,3,90.49935094268936,40.77764279601311,0.001377448439598,-1,0.0,False
201.158,574.233," like,",0.0800000000000125,92,3,155.65101446992566,38.70131606418725,0.0013722352450713,-1,0.0,False
201.358,574.433, when,0.060000000000002274,92,3,155.65101446992566,44.38393077312766,0.0025062968488764,51,0.05129870129870611,True
201.418,574.4929999999999, you...,0.4399999999999977,92,3,155.65101446992566,55.73098096800478,0.0078439116477966,51,0.07077922077922626,False
201.858,574.933," It's,",0.28000000000000114,92,3,178.0880521120639,41.91636986908607,0.0016743637388571,51,0.2136363636363678,False
202.138,575.213," like,",0.11999999999997613,92,3,178.0880521120639,43.53685066536123,0.0024228885304182,51,0.30454545454545867,False
202.338,575.413, you,0.060000000000002274,92,3,178.0880521120639,39.55768793185479,0.0012458022683858,51,0.3694805194805197,False
202.398,575.473, play,0.2400000000000091,92,3,178.0880521120639,42.20889929461388,0.0015991355758164,51,0.38896103896103984,False
202.638,575.713, teams,0.6199999999999761,92,3,99.47736491361282,40.507645775697625,0.0017514009959995,51,0.4668831168831204,False
203.25799999999998,576.333, play,0.21999999999999886,92,3,101.99882421553146,38.705914682276514,0.0009964928030967,51,0.6681818181818131,False
203.47799999999998,576.553, against,0.2400000000000091,92,3,101.99882421553146,39.56076286281191,0.0014442023821175,51,0.7396103896103838,False
203.718,576.793, each,0.18000000000000682,92,3,116.49002129079255,42.79734774440914,0.0018626254750415,51,0.8175324675324644,False
203.898,576.973, other.,0.2599999999999909,92,3,116.49002129079255,44.8279754062104,0.0025169332511716,51,0.8759740259740249,False
196.578,569.653," So,",0.7399999999999807,93,3,171.06746719560047,53.82962923317878,0.0069744205102316,50,0.519023136246788,False
198.218,571.293, when,0.18000000000000682,93,3,176.94333066764565,46.89700705073001,0.0032770552206784,50,0.7298200514138813,False
198.398,571.473, you,0.13999999999998636,93,3,165.23330141244975,57.42336583059151,0.0108213741332312,50,0.7529562982005146,False
198.53799999999998,571.6129999999999," say,",0.2400000000000091,93,3,177.02224670132102,59.43512424187162,0.0127991391345858,50,0.770951156812338,False
198.858,571.933," like,",0.11999999999997613,93,3,169.70510560493148,57.45417123694707,0.0102569712325939,50,0.8120822622107984,False
199.178,572.2529999999999," season,",0.2400000000000091,93,3,200.20535152923665,46.18094837272396,0.0026770778931677,50,0.853213367609255,False
199.778,572.853, what,0.21999999999999886,93,3,168.06645161157502,61.45627894664119,0.0169890336692333,50,0.9303341902313623,False
199.998,573.073, does,0.1599999999999966,93,3,167.7182347232805,57.06346163997036,0.0099309729412198,50,0.9586118251928017,False
200.158,573.233, that,0.18000000000000682,93,3,159.4122985676681,51.20686172811442,0.0070936819538474,50,0.9791773778920301,False
200.338,573.413, mean?,0.19999999999998863,93,3,155.58848729120325,58.715566749101995,0.0127825485542416,-1,0.0,False
200.698,573.773, Is,0.05999999999997385,94,3,90.49935094268936,45.79718590357133,0.0029516634531319,-1,0.0,False
200.75799999999998,573.833, it,0.12000000000000455,94,3,90.49935094268936,42.51171666960727,0.0017430512234568,-1,0.0,False
200.878,573.953," just,",0.1599999999999966,94,3,90.49935094268936,40.77764279601311,0.001377448439598,-1,0.0,False
201.158,574.233," like,",0.0800000000000125,94,3,155.65101446992566,38.70131606418725,0.0013722352450713,-1,0.0,False
201.358,574.433, when,0.060000000000002274,94,3,155.65101446992566,44.38393077312766,0.0025062968488764,51,0.05129870129870611,False
201.418,574.4929999999999, you...,0.4399999999999977,94,3,155.65101446992566,55.73098096800478,0.0078439116477966,51,0.07077922077922626,False
201.858,574.933," It's,",0.28000000000000114,95,3,178.0880521120639,41.91636986908607,0.0016743637388571,51,0.2136363636363678,False
202.138,575.213," like,",0.11999999999997613,95,3,178.0880521120639,43.53685066536123,0.0024228885304182,51,0.30454545454545867,False
202.338,575.413, you,0.060000000000002274,95,3,178.0880521120639,39.55768793185479,0.0012458022683858,51,0.3694805194805197,False
202.398,575.473, play,0.2400000000000091,95,3,178.0880521120639,42.20889929461388,0.0015991355758164,51,0.38896103896103984,False
202.638,575.713, teams,0.6199999999999761,95,3,99.47736491361282,40.507645775697625,0.0017514009959995,51,0.4668831168831204,False
203.25799999999998,576.333, play,0.21999999999999886,95,3,101.99882421553146,38.705914682276514,0.0009964928030967,51,0.6681818181818131,False
203.47799999999998,576.553, against,0.2400000000000091,95,3,101.99882421553146,39.56076286281191,0.0014442023821175,51,0.7396103896103838,False
203.718,576.793, each,0.18000000000000682,95,3,116.49002129079255,42.79734774440914,0.0018626254750415,51,0.8175324675324644,False
203.898,576.973, other.,0.2599999999999909,95,3,116.49002129079255,44.8279754062104,0.0025169332511716,51,0.8759740259740249,False
205.038,578.113," Yeah,",0.4399999999999977,96,3,216.7344185615904,46.641384630145595,0.0031439941376447,52,0.14083333333334228,True
205.478,578.553, that's,0.36000000000001364,96,3,216.7344185615904,42.95375702824683,0.0018385449657216,52,0.32416666666667426,False
205.83800000000002,578.913, a,0.12000000000000455,96,3,216.7344185615904,42.75031426271217,0.0018913191743195,52,0.47416666666667956,False
205.95800000000003,579.033, pleasant,0.03999999999999204,96,3,216.7344185615904,40.705713665968126,0.0017943617422129,52,0.5241666666666813,False
205.99800000000002,579.073, place,0.30000000000001137,96,3,216.7344185615904,41.97833280781916,0.0015620613703504,52,0.5408333333333446,False
206.29800000000003,579.373, to,0.3199999999999932,96,3,216.7344185615904,37.42274013760494,0.0009765411959966,52,0.665833333333349,False
206.61800000000002,579.693, get,0.2599999999999909,96,3,216.7344185615904,41.27571148875248,0.0015012434450909,52,0.7991666666666792,False
206.87800000000001,579.953, against,0.46000000000000796,96,3,216.7344185615904,38.91004432593774,0.0014606580371037,52,0.9075000000000085,False
207.33800000000002,580.413, each,0.13999999999998636,96,3,213.80765920682572,37.43957599789883,0.0010956822661682,-1,0.0,False
207.478,580.553, other.,0.28000000000000114,96,3,213.80765920682572,42.01320268540048,0.0016790503868833,-1,0.0,False
207.93800000000002,581.013, Yeah.,0.18000000000000682,96,3,213.80765920682572,41.90319581975889,0.0016178217483684,-1,0.0,False
207.938,581.0129999999999, Yeah.,0.18000000000000682,97,3,213.80765920682572,41.90319581975889,0.0016178217483684,-1,0.0,False
208.538,581.613, You,0.12000000000000455,98,3,213.80765920682572,43.38696999096085,0.0019370310474187,53,0.6568181818181885,True
208.65800000000002,581.733," know,",0.0800000000000125,98,3,213.80765920682572,44.88987048491734,0.0022706312593072,53,0.7931818181818308,False
208.79800000000003,581.873, there's,0.1799999999999784,98,3,213.80765920682572,41.14019884989575,0.0015727319987492,53,0.9522727272727575,False
208.978,582.053, about,0.14000000000001478,98,3,213.80765920682572,41.163742316387605,0.0014770372072234,-1,0.0,False
209.11800000000002,582.193, a,0.12000000000000455,98,3,213.80765920682572,43.08343163797764,0.0019000914180651,-1,0.0,False
209.23800000000003,582.313, couple,0.21999999999999886,98,3,213.80765920682572,40.72218955268217,0.0016068625263868,-1,0.0,False
209.45800000000003,582.533, of...,1.4799999999999898,98,3,213.80765920682572,41.28765907821024,0.0014545969897881,-1,0.0,False
211.798,584.873, Six,0.4399999999999977,99,3,161.08285471206332,49.72928104480356,0.0048005925491476,54,0.8309734513274328,True
212.238,585.313, months.,0.4399999999999977,99,3,94.12387893863986,41.049339787096585,0.0015381661942224,-1,0.0,False
213.758,586.833," So,",0.2400000000000091,100,3,93.65530066489062,51.6666295333024,0.0051774499006569,55,0.2312741312741324,True
214.15800000000002,587.233, every,0.28000000000000114,100,3,92.74754129903448,41.77636426055086,0.0017409742577001,55,0.3084942084942106,False
214.43800000000002,587.513, team,0.3199999999999932,100,3,106.3931547126508,42.35382575604724,0.0023683256004005,55,0.36254826254826483,False
214.758,587.833, plays,0.2600000000000193,100,3,99.98971269311195,45.850128968026326,0.0029781465418636,55,0.4243243243243252,False
215.01800000000003,588.0930000000001, each,0.37999999999999545,100,3,99.98971269311195,37.00243611425118,0.0011629512300716,55,0.4745173745173791,False
215.39800000000002,588.473, other,0.3599999999999852,100,3,105.12802597602,40.60820597757434,0.0014610333601013,55,0.5478764478764515,False
215.758,588.833, twice.,0.2600000000000193,100,3,103.15979432791768,39.34967211783464,0.0013811130775138,55,0.617374517374518,False
216.398,589.473," Twice,",0.4399999999999977,101,3,103.15979432791768,45.63250451346111,0.0027137987781316,55,0.7409266409266387,False
217.238,590.313, okay.,0.2599999999999909,101,3,103.15979432791768,42.46113485627493,0.0017441558884456,55,0.9030888030888014,False
217.638,590.713, And,0.339999999999975,101,3,103.15979432791768,43.36757928377483,0.0017434186302125,55,0.9803088803088796,False
217.97799999999998,591.053," then,",0.12000000000000455,101,3,103.15979432791768,39.467283439522575,0.0012843613512814,-1,0.0,False
218.238,591.313, if,0.12000000000000455,101,3,103.15979432791768,41.09875379826377,0.0014907085569575,-1,0.0,False
218.358,591.433, you're,0.1799999999999784,101,3,103.15979432791768,42.8505670217017,0.0020518314559012,-1,0.0,False
218.53799999999998,591.6129999999999, in,0.14000000000001478,101,3,103.15979432791768,40.93940438795887,0.0017351922579109,56,0.023076923076919238,True
218.678,591.7529999999999, a,0.9000000000000057,101,3,103.2145051190935,37.5329152895333,0.0010294060921299,56,0.046488294314379945,False
219.578,592.653, top,0.1799999999999784,101,3,103.2145051190935,43.880148870482515,0.0022486541420221,56,0.19698996655518383,False
219.75799999999998,592.833," four,",0.4200000000000159,101,3,103.2145051190935,40.522964942677554,0.0013610129244625,56,0.2270903010033408,False
220.498,593.573, you,0.03999999999999204,101,3,103.2145051190935,37.61170912877027,0.0012891241349279,56,0.3508361204013358,False
220.53799999999998,593.6129999999999, get,0.12000000000000455,101,3,103.2145051190935,40.522418258170845,0.0014226778876036,56,0.3575250836120369,False
220.658,593.733, to,0.12000000000000455,101,3,103.2145051190935,39.70510706632119,0.0015149284154176,56,0.3775919732441447,False
220.778,593.853, play,0.28000000000000114,101,3,103.2145051190935,44.885706299699095,0.0025051964912563,56,0.3976588628762525,False
221.058,594.133, like...,0.5200000000000102,101,3,103.2145051190935,39.63174806146772,0.0012333312770351,56,0.44448160535116915,False
217.638,590.713, And,0.339999999999975,102,3,103.15979432791768,43.36757928377483,0.0017434186302125,55,0.9803088803088796,False
217.97799999999998,591.053," then,",0.12000000000000455,102,3,103.15979432791768,39.467283439522575,0.0012843613512814,-1,0.0,False
218.238,591.313, if,0.12000000000000455,102,3,103.15979432791768,41.09875379826377,0.0014907085569575,-1,0.0,False
218.358,591.433, you're,0.1799999999999784,102,3,103.15979432791768,42.8505670217017,0.0020518314559012,-1,0.0,False
218.53799999999998,591.6129999999999, in,0.14000000000001478,102,3,103.15979432791768,40.93940438795887,0.0017351922579109,56,0.023076923076919238,False
218.678,591.7529999999999, a,0.9000000000000057,102,3,103.2145051190935,37.5329152895333,0.0010294060921299,56,0.046488294314379945,False
219.578,592.653, top,0.1799999999999784,102,3,103.2145051190935,43.880148870482515,0.0022486541420221,56,0.19698996655518383,False
219.75799999999998,592.833," four,",0.4200000000000159,102,3,103.2145051190935,40.522964942677554,0.0013610129244625,56,0.2270903010033408,False
220.498,593.573, you,0.03999999999999204,102,3,103.2145051190935,37.61170912877027,0.0012891241349279,56,0.3508361204013358,False
220.53799999999998,593.6129999999999, get,0.12000000000000455,102,3,103.2145051190935,40.522418258170845,0.0014226778876036,56,0.3575250836120369,False
220.658,593.733, to,0.12000000000000455,102,3,103.2145051190935,39.70510706632119,0.0015149284154176,56,0.3775919732441447,False
220.778,593.853, play,0.28000000000000114,102,3,103.2145051190935,44.885706299699095,0.0025051964912563,56,0.3976588628762525,False
221.058,594.133, like...,0.5200000000000102,102,3,103.2145051190935,39.63174806146772,0.0012333312770351,56,0.44448160535116915,False
222.238,595.313, You,0.0,103,3,114.52709924002278,40.38102668341695,0.001500051817857,56,0.6418060200668897,False
222.238,595.313," know,",0.13999999999998636,103,3,114.52709924002278,40.38102668341695,0.001500051817857,56,0.6418060200668897,False
223.238,596.313, international,0.0,103,3,96.32160466170654,37.99640214693359,0.0011093759676439,56,0.8090301003344486,False
223.238,596.313, clubs.,1.3400000000000034,103,3,96.32160466170654,37.99640214693359,0.0011093759676439,56,0.8090301003344486,False
224.578,597.653, And,0.6999999999999886,103,3,226.53572782953233,38.69287433127603,0.0012688892893491,-1,0.0,False
225.278,598.353, if,0.09999999999999432,103,3,131.86085316081537,40.80244211675926,0.0015984416240826,-1,0.0,False
225.378,598.453, you,0.09999999999999432,103,3,131.86085316081537,36.719484592174695,0.0010945099638774,57,0.021787709497199687,True
225.47799999999998,598.553, can,0.160000000000025,103,3,131.86085316081537,44.55042814386445,0.0025557817425578,57,0.04972067039105297,False
225.638,598.713, look,0.09999999999999432,103,3,105.2580738405112,37.756509675701906,0.0012326977448537,57,0.09441340782122776,False
225.738,598.813, one,0.19999999999998863,103,3,105.2580738405112,42.95509709646888,0.0019685381557794,57,0.12234636871508105,False
225.938,599.0129999999999, of,0.0800000000000125,103,3,105.2580738405112,40.62745082913445,0.0016299734124913,57,0.1782122905027876,False
226.018,599.093, the,0.23999999999998067,103,3,105.2580738405112,45.87712674970782,0.0027400492690495,57,0.200558659217875,False
226.25799999999998,599.333," three,",0.2400000000000091,103,3,104.2763560602191,41.83644408193354,0.0017985319718718,57,0.2675977653631213,False
226.638,599.713, you,0.09999999999999432,103,3,106.13032678949196,39.23834491655343,0.0013172805774956,57,0.3737430167597765,False
226.738,599.813, go,0.12000000000000455,103,3,106.13032678949196,43.754722905177815,0.002438312396406,57,0.4016759776536298,False
226.858,599.933, down,0.47999999999998977,103,3,104.9682072712294,41.462217452646016,0.0015783603303137,57,0.4351955307262569,False
227.338,600.413, to,0.30000000000001137,103,3,105.77972747691996,45.478921631409406,0.0024870766792446,57,0.5692737430167574,False
227.638,600.713, the,0.09999999999999432,103,3,99.7126748995118,43.54895608972283,0.0022321555297821,57,0.6530726256983252,False
227.738,600.813, lower,0.09999999999999432,103,3,99.7126748995118,42.61750036092256,0.0018874233355749,57,0.6810055865921785,False
227.838,600.913, division.,0.37999999999999545,103,3,99.7126748995118,42.08623238087719,0.0019119649659842,57,0.7089385474860318,False
224.578,597.653, And,0.6999999999999886,104,3,226.53572782953233,38.69287433127603,0.0012688892893491,-1,0.0,False
225.278,598.353, if,0.09999999999999432,104,3,131.86085316081537,40.80244211675926,0.0015984416240826,-1,0.0,False
225.378,598.453, you,0.09999999999999432,104,3,131.86085316081537,36.719484592174695,0.0010945099638774,57,0.021787709497199687,False
225.47799999999998,598.553, can,0.160000000000025,104,3,131.86085316081537,44.55042814386445,0.0025557817425578,57,0.04972067039105297,False
225.638,598.713, look,0.09999999999999432,104,3,105.2580738405112,37.756509675701906,0.0012326977448537,57,0.09441340782122776,False
225.738,598.813, one,0.19999999999998863,104,3,105.2580738405112,42.95509709646888,0.0019685381557794,57,0.12234636871508105,False
225.938,599.0129999999999, of,0.0800000000000125,104,3,105.2580738405112,40.62745082913445,0.0016299734124913,57,0.1782122905027876,False
226.018,599.093, the,0.23999999999998067,104,3,105.2580738405112,45.87712674970782,0.0027400492690495,57,0.200558659217875,False
226.25799999999998,599.333," three,",0.2400000000000091,104,3,104.2763560602191,41.83644408193354,0.0017985319718718,57,0.2675977653631213,False
226.638,599.713, you,0.09999999999999432,104,3,106.13032678949196,39.23834491655343,0.0013172805774956,57,0.3737430167597765,False
226.738,599.813, go,0.12000000000000455,104,3,106.13032678949196,43.754722905177815,0.002438312396406,57,0.4016759776536298,False
226.858,599.933, down,0.47999999999998977,104,3,104.9682072712294,41.462217452646016,0.0015783603303137,57,0.4351955307262569,False
227.338,600.413, to,0.30000000000001137,104,3,105.77972747691996,45.478921631409406,0.0024870766792446,57,0.5692737430167574,False
227.638,600.713, the,0.09999999999999432,104,3,99.7126748995118,43.54895608972283,0.0022321555297821,57,0.6530726256983252,False
227.738,600.813, lower,0.09999999999999432,104,3,99.7126748995118,42.61750036092256,0.0018874233355749,57,0.6810055865921785,False
227.838,600.913, division.,0.37999999999999545,104,3,99.7126748995118,42.08623238087719,0.0019119649659842,57,0.7089385474860318,False
228.618,601.693, Yeah.,0.12000000000000455,105,3,102.34729991078044,42.3724553603169,0.0019059090409427,57,0.9268156424581001,False
229.138,602.213, And,0.45999999999997954,106,3,102.34729991078044,37.33740491627744,0.0009791157208383,-1,0.0,False
229.59799999999998,602.673, it,0.10000000000002274,106,3,189.83923284033816,39.556031234821454,0.0013373822439461,58,0.19666666666665086,True
229.698,602.773," seems,",0.2599999999999909,106,3,189.83923284033816,43.01605244176794,0.002060969825834,58,0.3633333333333491,False
230.178,603.2529999999999, in,0.21999999999999886,106,3,189.83923284033816,37.494149702139,0.0012860007118433,-1,0.0,False
230.398,603.473, the,0.07999999999998408,106,3,189.83923284033816,38.09654351978871,0.0011808490380644,-1,0.0,False
230.47799999999998,603.553, top,0.160000000000025,106,3,189.83923284033816,38.71096147948917,0.0011816293699666,-1,0.0,False
230.638,603.713, three,0.28000000000000114,106,3,187.29522144445644,55.99302122963573,0.008732009679079,-1,0.0,False
230.918,603.9929999999999," teams,",0.339999999999975,106,3,169.59812323751575,54.94062526833279,0.0078582568094134,-1,0.0,False
231.25799999999998,604.333, in,0.28000000000000114,106,3,182.1401765512288,55.64349419362115,0.0083140674978494,59,0.015662650602404557,True
231.53799999999998,604.6129999999999, the,0.060000000000002274,106,3,121.03343209829268,44.99864544574763,0.0026081514079123,59,0.07188755020079847,False
231.59799999999998,604.673, lower,0.20000000000001705,106,3,121.03343209829268,39.88711642222124,0.0015052027301862,59,0.08393574297188329,False
231.798,604.873," division,",0.3199999999999932,106,3,173.30063613107887,40.60253954926273,0.0015275649493561,59,0.12409638554216793,False
232.298,605.373, come,0.1599999999999966,106,3,161.77165071418386,50.3801819547149,0.0048997625708622,59,0.22449799196787093,False
232.458,605.533, up.,0.2599999999999909,106,3,190.79367255016837,56.91119857101551,0.0100491419434546,59,0.2566265060240952,False
233.318,606.393," So,",0.020000000000010232,107,3,165.5327873603796,55.06764573888552,0.0081742610782384,59,0.42931726907630713,False
233.37800000000001,606.453, the,0.060000000000002274,107,3,164.73489192616518,54.475049841287266,0.0078008756972849,59,0.44136546184739195,False
233.43800000000002,606.513, Premier,0.30000000000001137,107,3,151.3727229191618,46.58088999147556,0.0038083468098193,59,0.45341365461847677,False
233.73800000000003,606.813, League.,0.18000000000000682,107,3,84.21472418918549,40.212470512873566,0.0013844559434802,59,0.5136546184739009,False
234.298,607.373, Okay.,0.4000000000000057,108,3,170.20310609289984,49.514857086348826,0.0042705480009322,59,0.626104417670683,False
235.018,608.093, And,0.19999999999998863,109,3,101.95377918342147,50.52449984174158,0.0050676758401097,59,0.7706827309236951,False
235.218,608.293, how,0.6200000000000045,109,3,103.57663175550375,49.51474528741005,0.0042629707604646,59,0.8108433734939741,False
235.838,608.913, often,0.5200000000000102,109,3,115.56132680329524,44.989408270538384,0.0023913376498967,59,0.9353413654618468,False
236.358,609.433, does,0.19999999999998863,109,3,220.51293122861475,42.81754457067264,0.0019768425263456,-1,0.0,False
236.558,609.633, the,0.18000000000000682,109,3,220.51293122861475,39.73064883187909,0.0011731502600014,-1,0.0,False
236.738,609.813, Premier,0.37999999999999545,109,3,180.56020238907468,53.75149752164385,0.0066610276699074,-1,0.0,False
237.118,610.193, League,0.28000000000000114,109,3,87.49188503046844,47.713029688145454,0.003315188223496,-1,0.0,False
237.398,610.473, happen?,0.6599999999999966,109,3,168.76031386750262,52.439731253954974,0.0059854276478311,60,0.02593984962406103,True
238.218,611.293, Is,0.0800000000000125,109,3,183.48656341356937,53.80659341886354,0.0070899431593716,60,0.18007518796992378,False
238.298,611.373, that,0.12000000000000455,109,3,213.70094824417092,62.07631643695384,0.0169728137552737,60,0.1951127819548885,False
238.418,611.4929999999999, once,0.29999999999998295,109,3,204.02338563129152,39.35431185224533,0.0021831854246556,60,0.21766917293233284,False
238.718,611.793, a,0.20000000000001705,109,3,176.42356475370576,56.1066090537479,0.0090047726407647,60,0.27406015037593845,False
238.918,611.9929999999999, year?,0.2599999999999909,109,3,188.5878181526313,55.31408247739981,0.0103261647745966,60,0.3116541353383475,False
239.358,612.433," Yeah,",0.3199999999999932,109,3,167.40018287103206,60.38216429094639,0.0141934026032689,60,0.39436090225563997,False
239.718,612.793, exactly.,0.28000000000000114,109,3,160.27940587570913,56.30068436363531,0.0095055969431996,60,0.46203007518796774,False
238.218,611.293, Is,0.0800000000000125,110,3,183.48656341356937,53.80659341886354,0.0070899431593716,60,0.18007518796992378,False
238.298,611.373, that,0.12000000000000455,110,3,213.70094824417092,62.07631643695384,0.0169728137552737,60,0.1951127819548885,False
238.418,611.4929999999999, once,0.29999999999998295,110,3,204.02338563129152,39.35431185224533,0.0021831854246556,60,0.21766917293233284,False
238.718,611.793, a,0.20000000000001705,110,3,176.42356475370576,56.1066090537479,0.0090047726407647,60,0.27406015037593845,False
238.918,611.9929999999999, year?,0.2599999999999909,110,3,188.5878181526313,55.31408247739981,0.0103261647745966,60,0.3116541353383475,False
239.358,612.433," Yeah,",0.3199999999999932,111,3,167.40018287103206,60.38216429094639,0.0141934026032689,60,0.39436090225563997,False
239.718,612.793, exactly.,0.28000000000000114,111,3,160.27940587570913,56.30068436363531,0.0095055969431996,60,0.46203007518796774,False
240.378,613.453, Okay.,0.4200000000000159,112,3,158.73300293859913,44.6006511013576,0.0030584912747144,60,0.5860902255639064,False
241.098,614.173, And,0.12000000000000455,113,3,173.3239151785914,45.678537967203525,0.0033164508640766,60,0.7214285714285726,False
241.21800000000002,614.293, that's...,0.6599999999999966,113,3,163.1633997143586,52.49298925795,0.0058939354494214,60,0.7439849624060171,False
241.87800000000001,614.953, And,0.0800000000000125,113,3,193.791173670952,40.547714705894975,0.0015360302058979,60,0.8680451127819557,False
241.95800000000003,615.033, what,0.19999999999998863,113,3,193.791173670952,38.84649024696652,0.0012292538303881,60,0.8830827067669205,False
242.15800000000002,615.233, teams,0.37999999999999545,113,3,193.791173670952,41.7858540819247,0.0015613677678629,60,0.9206766917293242,False
242.538,615.613, get,0.28000000000000114,113,3,95.98960159113848,39.94146041479772,0.0013929445995017,60,0.9921052631578945,False
242.818,615.893, to,0.1599999999999966,113,3,121.96189507171242,53.13309385748688,0.0064433785155415,-1,0.0,False
242.978,616.053, play,0.28000000000000114,113,3,122.3135571446098,39.04659169406469,0.0012717054923996,-1,0.0,False
243.258,616.333, in,0.2600000000000193,113,3,122.3135571446098,39.46811845223439,0.0013623180566355,-1,0.0,False
243.51800000000003,616.5930000000001, the,0.13999999999998636,113,3,122.3135571446098,43.01926613609278,0.0021097930148238,-1,0.0,False
243.65800000000002,616.733," actual,",0.4399999999999977,113,3,122.3135571446098,41.62425900951362,0.0017650465015321,-1,0.0,False
244.29800000000003,617.373," like,",0.7800000000000011,113,3,122.3135571446098,39.43143619241458,0.0012906691990795,61,0.05225000000000435,True
246.098,619.173, season?,0.3200000000000216,113,3,201.17154190539233,37.95427110041442,0.0010072294389829,61,0.2772500000000022,False
241.878,614.953, And,0.0800000000000125,114,3,193.791173670952,40.547714705894975,0.0015360302058979,60,0.8680451127819504,False
241.958,615.033, what,0.19999999999998863,114,3,193.791173670952,38.84649024696652,0.0012292538303881,60,0.8830827067669151,False
242.158,615.233, teams,0.37999999999999545,114,3,193.791173670952,41.7858540819247,0.0015613677678629,60,0.9206766917293189,False
242.53799999999998,615.6129999999999, get,0.28000000000000114,114,3,95.98960159113848,39.94146041479772,0.0013929445995017,60,0.9921052631578892,False
242.81799999999998,615.893, to,0.1599999999999966,114,3,121.96189507171242,53.13309385748688,0.0064433785155415,-1,0.0,False
242.97799999999998,616.053, play,0.28000000000000114,114,3,122.3135571446098,39.04659169406469,0.0012717054923996,-1,0.0,False
243.25799999999998,616.333, in,0.2600000000000193,114,3,122.3135571446098,39.46811845223439,0.0013623180566355,-1,0.0,False
243.518,616.593, the,0.13999999999998636,114,3,122.3135571446098,43.01926613609278,0.0021097930148238,-1,0.0,False
243.658,616.733," actual,",0.4399999999999977,114,3,122.3135571446098,41.62425900951362,0.0017650465015321,-1,0.0,False
244.298,617.373," like,",0.7800000000000011,114,3,122.3135571446098,39.43143619241458,0.0012906691990795,61,0.052250000000000796,False
246.09799999999998,619.173, season?,0.3200000000000216,114,3,201.17154190539233,37.95427110041442,0.0010072294389829,61,0.27724999999999866,False
247.718,620.793, Just...,0.5,115,3,189.42814583155123,39.09685564891892,0.0013829882955178,61,0.47974999999999923,False
248.218,621.293, And,0.09999999999999432,115,3,190.57406267713736,64.37774594625144,0.0228584855794906,61,0.5422499999999992,False
248.31799999999998,621.393, seeing...,0.5600000000000023,115,3,90.3261958687248,54.50420120387557,0.0071344007737934,61,0.5547499999999985,False
248.878,621.953," Like,",0.14000000000001478,115,3,160.28345107153297,48.92689929766298,0.0039245369844138,61,0.6247499999999988,False
249.218,622.293, any,0.28000000000000114,115,3,169.81630902874824,51.10391039567315,0.0073126899078488,61,0.6672499999999992,False
249.498,622.573, other...,0.6200000000000045,115,3,144.51996016138193,44.36563398854098,0.0032507812138646,61,0.7022499999999994,False
250.118,623.193, Any,0.30000000000001137,115,3,86.9978230630641,38.374698088040915,0.0013589232694357,61,0.7797499999999999,False
250.418,623.4929999999999, big...,1.1399999999999864,115,3,86.9978230630641,45.85765086205826,0.0024147308431565,61,0.8172500000000014,False
251.558,624.633," Any,",0.3400000000000034,115,3,161.1656930084536,43.71842804797125,0.0020987126044929,61,0.9597499999999997,False
251.938,625.0129999999999," like,",0.14000000000001478,115,3,161.1656930084536,39.68194178529128,0.0011305098887532,-1,0.0,False
252.198,625.273, existing,0.2799999999999727,115,3,161.1656930084536,41.4278738895679,0.0015439150156453,-1,0.0,False
252.47799999999998,625.553, soccer,0.36000000000001364,115,3,172.1636970850383,58.535405097225194,0.0117541560903191,62,0.19818181818180436,True
252.838,625.913, team,0.28000000000000114,115,3,112.64721766403773,52.66219695618189,0.0066167418844997,62,0.5254545454545373,False
253.118,626.193, gets,0.19999999999998863,115,3,174.0216146231512,55.70318495624342,0.008737364783883,62,0.7799999999999876,False
253.31799999999998,626.393, to,0.21999999999999886,115,3,152.960613671914,53.36143653944846,0.0065674828365445,62,0.9618181818181554,False
253.53799999999998,626.6129999999999, play.,0.21999999999999886,115,3,118.2949239895497,45.65619995662891,0.0026131656486541,-1,0.0,False
253.75799999999998,626.833," Like,",0.44000000000002615,115,3,173.55823378058722,56.378990049508616,0.0096446936950087,63,0.04677419354838089,True
254.358,627.433, any...,0.6399999999999864,115,3,170.90847638546893,43.67106371014286,0.0021217563189566,63,0.5306451612903311,False
254.998,628.073, Same,0.12000000000000455,115,3,197.8985567926711,38.342459134462686,0.0012504962505772,-1,0.0,False
255.118,628.193, thing,0.2599999999999909,115,3,197.8985567926711,36.66134081615196,0.0009226277470588,-1,0.0,False
255.378,628.453, is,0.18000000000000682,115,3,197.8985567926711,40.0580796006616,0.001451279153116,-1,0.0,False
255.558,628.633, it?,0.1599999999999966,115,3,197.8985567926711,51.26020455329109,0.0060924580320715,-1,0.0,False
248.218,621.293, And,0.09999999999999432,116,3,190.57406267713736,64.37774594625144,0.0228584855794906,61,0.5422499999999992,False
248.31799999999998,621.393, seeing...,0.5600000000000023,116,3,90.3261958687248,54.50420120387557,0.0071344007737934,61,0.5547499999999985,False
248.878,621.953," Like,",0.14000000000001478,117,3,160.28345107153297,48.92689929766298,0.0039245369844138,61,0.6247499999999988,False
249.218,622.293, any,0.28000000000000114,117,3,169.81630902874824,51.10391039567315,0.0073126899078488,61,0.6672499999999992,False
249.498,622.573, other...,0.6200000000000045,117,3,144.51996016138193,44.36563398854098,0.0032507812138646,61,0.7022499999999994,False
250.118,623.193, Any,0.30000000000001137,118,3,86.9978230630641,38.374698088040915,0.0013589232694357,61,0.7797499999999999,False
250.418,623.4929999999999, big...,1.1399999999999864,118,3,86.9978230630641,45.85765086205826,0.0024147308431565,61,0.8172500000000014,False
251.558,624.633," Any,",0.3400000000000034,119,3,161.1656930084536,43.71842804797125,0.0020987126044929,61,0.9597499999999997,False
251.938,625.0129999999999," like,",0.14000000000001478,119,3,161.1656930084536,39.68194178529128,0.0011305098887532,-1,0.0,False
252.198,625.273, existing,0.2799999999999727,119,3,161.1656930084536,41.4278738895679,0.0015439150156453,-1,0.0,False
252.47799999999998,625.553, soccer,0.36000000000001364,119,3,172.1636970850383,58.535405097225194,0.0117541560903191,62,0.19818181818180436,False
252.838,625.913, team,0.28000000000000114,119,3,112.64721766403773,52.66219695618189,0.0066167418844997,62,0.5254545454545373,False
253.118,626.193, gets,0.19999999999998863,119,3,174.0216146231512,55.70318495624342,0.008737364783883,62,0.7799999999999876,False
253.31799999999998,626.393, to,0.21999999999999886,119,3,152.960613671914,53.36143653944846,0.0065674828365445,62,0.9618181818181554,False
253.53799999999998,626.6129999999999, play.,0.21999999999999886,119,3,118.2949239895497,45.65619995662891,0.0026131656486541,-1,0.0,False
253.758,626.833," Like,",0.44000000000002615,120,3,173.55823378058722,56.378990049508616,0.0096446936950087,63,0.04677419354840381,False
254.35800000000003,627.433, any...,0.6399999999999864,120,3,170.90847638546893,43.67106371014286,0.0021217563189566,63,0.5306451612903541,False
254.998,628.073, Same,0.12000000000000455,121,3,197.8985567926711,38.342459134462686,0.0012504962505772,-1,0.0,False
255.118,628.193, thing,0.2599999999999909,121,3,197.8985567926711,36.66134081615196,0.0009226277470588,-1,0.0,False
255.378,628.453, is,0.18000000000000682,121,3,197.8985567926711,40.0580796006616,0.001451279153116,-1,0.0,False
255.558,628.633, it?,0.1599999999999966,121,3,197.8985567926711,51.26020455329109,0.0060924580320715,-1,0.0,False
256.098,629.173," Oh,",0.4399999999999977,122,3,172.53496230269772,48.23510605606859,0.0038219115231115,-1,0.0,False
256.87800000000004,629.953, okay.,0.3200000000000216,122,3,195.8901641824689,59.63521988106738,0.0129971066489815,64,0.029865771812089433,True
257.538,630.613, So...,0.20000000000001705,123,3,149.66247599497672,51.856221858806144,0.0055284514091991,64,0.14060402684564047,False
257.73800000000006,630.8130000000001, It's,0.03999999999999204,123,3,140.81254178722045,44.79506638212689,0.0023990573827177,64,0.17416107382551366,False
257.778,630.8530000000001, exactly,0.1599999999999966,123,3,136.7959892788948,44.46419176374663,0.003593451809138,64,0.18087248322148067,False
257.938,631.0129999999999, English,0.4399999999999977,123,3,142.33145297380815,50.96235420260027,0.0058601289056241,64,0.20771812080536778,False
258.37800000000004,631.453, league.,0.4000000000000057,123,3,142.97986642374292,43.44064277068402,0.0020291111432015,64,0.2815436241610812,False
257.738,630.813, It's,0.03999999999999204,124,3,140.81254178722045,44.79506638212689,0.0023990573827177,64,0.17416107382550414,False
257.778,630.8530000000001, exactly,0.1599999999999966,124,3,136.7959892788948,44.46419176374663,0.003593451809138,64,0.18087248322148067,False
257.938,631.0129999999999, English,0.4399999999999977,124,3,142.33145297380815,50.96235420260027,0.0058601289056241,64,0.20771812080536778,False
258.378,631.453, league.,0.4000000000000057,124,3,142.97986642374292,43.44064277068402,0.0020291111432015,64,0.28154362416107165,False
259.258,632.333, Okay.,0.4200000000000159,125,3,319.38807344577106,58.27883564375402,0.0112213809043169,64,0.4291946308724794,False
259.978,633.053, Okay.,0.18000000000000682,126,3,316.53594497477104,54.149312437962486,0.007093062158674,64,0.55,False
260.538,633.613, Do,0.18000000000000682,127,3,190.2242020415646,54.542962441038846,0.0070691136643239,64,0.643959731543624,False
260.718,633.793, they,0.13999999999998636,127,3,181.82355443922287,55.02181762744817,0.0071433545090224,64,0.6741610738255042,False
260.858,633.933," have,",0.22000000000002728,127,3,169.8202370049292,53.56588388381559,0.0066782846115529,64,0.6976510067114078,False
261.19800000000004,634.273, like...,1.1599999999999682,127,3,215.98862989360447,53.77785903108249,0.0063289329409599,64,0.7546979865771846,False
262.358,635.433, Does,0.2599999999999909,127,3,169.77119551747828,52.637891983641,0.0065798871219158,64,0.9493288590603994,False
262.618,635.693, it,0.160000000000025,127,3,162.9568277110512,51.04073268250948,0.0054518929682672,64,0.9929530201342232,False
262.778,635.8530000000001, only,0.2599999999999909,127,3,85.63924903165046,46.14155919939226,0.0031323516741394,-1,0.0,False
263.038,636.113, happen,0.3199999999999932,127,3,108.94180145421888,49.74144773700728,0.0042868531309058,65,0.09186046511628661,True
263.358,636.433, in,0.20000000000004547,127,3,141.95891256735504,40.10868465979725,0.0015073402319103,65,0.2779069767441867,False
263.55800000000005,636.633, England?,0.2999999999999545,127,3,81.74002896441601,53.68043788003925,0.0064866747707128,65,0.3941860465116531,False
264.01800000000003,637.0930000000001, Is,0.12000000000000455,127,3,118.98153832210922,47.361835429301216,0.0032564871944487,65,0.6616279069767532,False
264.13800000000003,637.213," there,",0.13999999999998636,127,3,118.79682078301124,41.99737527633621,0.0018841212149709,65,0.7313953488372199,False
264.278,637.3530000000001," like,",0.19999999999998863,127,3,118.79682078301124,42.54393266090529,0.0021940753795206,65,0.81279069767442,False
264.598,637.673, an,0.01999999999998181,127,3,118.79682078301124,43.473863943410805,0.0021552781108778,65,0.99883720930232,False
264.618,637.693, American,0.44000000000005457,127,3,118.79682078301124,39.71676671669502,0.0015090567758306,-1,0.0,False
265.05800000000005,638.133, league?,0.339999999999975,127,3,118.79682078301124,41.49845496022939,0.0019360509468242,66,0.03797909407666798,True
265.51800000000003,638.5930000000001, But,0.060000000000002274,127,3,106.32838689389648,37.77072873907336,0.0013044163351878,66,0.11811846689896395,False
265.57800000000003,638.653, Americans,0.2400000000000091,127,3,106.32838689389648,40.584150580598546,0.0013728684280067,66,0.1285714285714382,False
265.81800000000004,638.893, don't,0.2400000000000091,127,3,106.32838689389648,49.31991454846018,0.0032986945006996,66,0.17038327526133518,False
266.05800000000005,639.133, really,0.15999999999996817,127,3,106.32838689389648,42.721712076009574,0.0022210250608623,66,0.21219512195123216,False
266.218,639.293, play.,0.28000000000002956,127,3,106.32838689389648,40.29274210647394,0.0014661535387859,66,0.2400696864111569,False
262.358,635.433, Does,0.2599999999999909,128,3,169.77119551747828,52.637891983641,0.0065798871219158,64,0.9493288590603994,False
262.618,635.693, it,0.160000000000025,128,3,162.9568277110512,51.04073268250948,0.0054518929682672,64,0.9929530201342232,False
262.778,635.8530000000001, only,0.2599999999999909,128,3,85.63924903165046,46.14155919939226,0.0031323516741394,-1,0.0,False
263.038,636.113, happen,0.3199999999999932,128,3,108.94180145421888,49.74144773700728,0.0042868531309058,65,0.09186046511628661,False
263.358,636.433, in,0.20000000000004547,128,3,141.95891256735504,40.10868465979725,0.0015073402319103,65,0.2779069767441867,False
263.55800000000005,636.633, England?,0.2999999999999545,128,3,81.74002896441601,53.68043788003925,0.0064866747707128,65,0.3941860465116531,False
264.01800000000003,637.0930000000001, Is,0.12000000000000455,129,3,118.98153832210922,47.361835429301216,0.0032564871944487,65,0.6616279069767532,False
264.13800000000003,637.213," there,",0.13999999999998636,129,3,118.79682078301124,41.99737527633621,0.0018841212149709,65,0.7313953488372199,False
264.278,637.3530000000001," like,",0.19999999999998863,129,3,118.79682078301124,42.54393266090529,0.0021940753795206,65,0.81279069767442,False
264.598,637.673, an,0.01999999999998181,129,3,118.79682078301124,43.473863943410805,0.0021552781108778,65,0.99883720930232,False
264.618,637.693, American,0.44000000000005457,129,3,118.79682078301124,39.71676671669502,0.0015090567758306,-1,0.0,False
265.05800000000005,638.133, league?,0.339999999999975,129,3,118.79682078301124,41.49845496022939,0.0019360509468242,66,0.03797909407666798,False
265.51800000000003,638.5930000000001, But,0.060000000000002274,130,3,106.32838689389648,37.77072873907336,0.0013044163351878,66,0.11811846689896395,False
265.57800000000003,638.653, Americans,0.2400000000000091,130,3,106.32838689389648,40.584150580598546,0.0013728684280067,66,0.1285714285714382,False
265.81800000000004,638.893, don't,0.2400000000000091,130,3,106.32838689389648,49.31991454846018,0.0032986945006996,66,0.17038327526133518,False
266.05800000000005,639.133, really,0.15999999999996817,130,3,106.32838689389648,42.721712076009574,0.0022210250608623,66,0.21219512195123216,False
266.218,639.293, play.,0.28000000000002956,130,3,106.32838689389648,40.29274210647394,0.0014661535387859,66,0.2400696864111569,False
266.718,639.793, It's,0.01999999999998181,131,3,106.32838689389648,45.91954895608677,0.002959313569591,66,0.32717770034843896,False
266.738,639.813, all,0.18000000000000682,131,3,106.32838689389648,46.92463183235483,0.0031682536937296,66,0.3306620209059271,False
266.918,639.9929999999999, for,0.060000000000002274,131,3,105.728902526164,45.55779997544807,0.0024411124177277,66,0.36202090592334984,False
266.978,640.053, like,0.28000000000002956,131,3,105.728902526164,44.26890669020841,0.0021365657448768,66,0.37247386759582407,False
267.25800000000004,640.3330000000001, that.,0.13999999999998636,131,3,105.728902526164,42.88664256323524,0.0020307628437876,66,0.4212543554007072,False
267.458,640.533," Yeah,",0.0,131,3,105.728902526164,41.553604131274994,0.0014762820210307,66,0.45609756097561804,False
267.458,640.533, it,0.01999999999998181,131,3,105.728902526164,41.553604131274994,0.0014762820210307,66,0.45609756097561804,False
267.478,640.553, is.,0.0,131,3,105.728902526164,41.34352914378787,0.0015928001375868,66,0.4595818815331062,False
267.55800000000005,640.633, There's,0.0999999999999659,131,3,105.728902526164,43.10424449481642,0.0019908745307475,66,0.47351916376307845,False
267.658,640.733, a,0.0,131,3,105.728902526164,43.83752110099308,0.0020246759522704,66,0.49094076655052893,False
267.658,640.733, bunch,0.19999999999998863,131,3,105.728902526164,43.83752110099308,0.0020246759522704,66,0.49094076655052893,False
267.858,640.933, of,0.18000000000000682,131,3,105.728902526164,38.31721499648289,0.0012816220987588,66,0.5257839721254398,False
268.038,641.113, other,0.13999999999998636,131,3,105.728902526164,38.387530267673185,0.0011392576852811,66,0.5571428571428625,False
268.178,641.2529999999999, leagues.,0.26000000000004775,131,3,92.00905711310256,37.20827113578501,0.0011085851583629,66,0.5815331010452991,False
267.458,640.533," Yeah,",0.0,132,3,105.728902526164,41.553604131274994,0.0014762820210307,66,0.45609756097561804,False
267.458,640.533, it,0.01999999999998181,132,3,105.728902526164,41.553604131274994,0.0014762820210307,66,0.45609756097561804,False
267.478,640.553, is.,0.0,132,3,105.728902526164,41.34352914378787,0.0015928001375868,66,0.4595818815331062,False
267.55800000000005,640.633, There's,0.0999999999999659,133,3,105.728902526164,43.10424449481642,0.0019908745307475,66,0.47351916376307845,False
267.658,640.733, a,0.0,133,3,105.728902526164,43.83752110099308,0.0020246759522704,66,0.49094076655052893,False
267.658,640.733, bunch,0.19999999999998863,133,3,105.728902526164,43.83752110099308,0.0020246759522704,66,0.49094076655052893,False
267.858,640.933, of,0.18000000000000682,133,3,105.728902526164,38.31721499648289,0.0012816220987588,66,0.5257839721254398,False
268.038,641.113, other,0.13999999999998636,133,3,105.728902526164,38.387530267673185,0.0011392576852811,66,0.5571428571428625,False
268.178,641.2529999999999, leagues.,0.26000000000004775,133,3,92.00905711310256,37.20827113578501,0.0011085851583629,66,0.5815331010452991,False
268.678,641.7529999999999," There's,",0.08000000000004093,134,3,92.00905711310256,45.15483370733235,0.0025202818214893,66,0.6686411149825813,False
268.75800000000004,641.8330000000001," like,",0.12000000000000455,134,3,92.00905711310256,41.35469164319178,0.0013971573207527,66,0.6825783972125535,False
269.43800000000005,642.513, the,0.3199999999999932,134,3,92.04058749519668,41.00259861868978,0.001550200744532,66,0.8010452961672583,False
269.75800000000004,642.8330000000001, most,0.21999999999997044,134,3,92.04058749519668,39.63179949725417,0.0013902559876441,66,0.8567944250871177,False
269.978,643.053, popular,0.6000000000000227,134,3,92.04058749519668,38.899441321732,0.0013598701916635,66,0.8951219512195167,False
270.57800000000003,643.653, leagues,0.36000000000001364,134,3,89.77960221086245,44.01608346343243,0.0019068804103881,66,0.9996515679442591,False
270.93800000000005,644.013," is,",0.15999999999996817,134,3,89.77960221086245,38.014296973355705,0.0012857747497037,-1,0.0,False
271.178,644.2529999999999," like,",0.10000000000002274,134,3,89.77960221086245,37.0673577716566,0.0012213946320116,-1,0.0,False
271.57800000000003,644.653, the...,0.5,134,3,89.77960221086245,40.512906475656585,0.0012760432437062,67,0.1078125000000238,True
272.07800000000003,645.153, What,0.39999999999997726,134,3,91.1453386800644,60.852662920604374,0.0140589354559779,67,0.4984375000000148,False
272.478,645.553, is,0.10000000000002274,134,3,209.58276452946495,39.7409888044672,0.0013288386398926,67,0.8109374999999898,False
272.57800000000003,645.653, the,0.18000000000000682,134,3,172.03324372145218,51.798191620382575,0.0054355920292437,67,0.8890625000000058,False
272.75800000000004,645.8330000000001, Spanish,1.2799999999999727,134,3,82.5863811033748,47.94796893850265,0.0034792036749422,-1,0.0,False
274.038,647.113, league?,0.37999999999999545,134,3,78.23877887233992,39.57854390958797,0.0012402664870023,-1,0.0,False
272.07800000000003,645.153, What,0.39999999999997726,135,3,91.1453386800644,60.852662920604374,0.0140589354559779,67,0.4984375000000148,False
272.478,645.553, is,0.10000000000002274,135,3,209.58276452946495,39.7409888044672,0.0013288386398926,67,0.8109374999999898,False
272.57800000000003,645.653, the,0.18000000000000682,135,3,172.03324372145218,51.798191620382575,0.0054355920292437,67,0.8890625000000058,False
272.75800000000004,645.8330000000001, Spanish,1.2799999999999727,135,3,82.5863811033748,47.94796893850265,0.0034792036749422,-1,0.0,False
274.038,647.113, league?,0.37999999999999545,135,3,78.23877887233992,39.57854390958797,0.0012402664870023,-1,0.0,False
275.278,648.3530000000001, It,0.10000000000002274,136,3,78.23877887233992,42.042656881614725,0.0020015127956867,-1,0.0,False
275.37800000000004,648.453, has...,0.6399999999999864,136,3,78.23877887233992,42.13334387926568,0.0019861827604472,-1,0.0,False
276.01800000000003,649.0930000000001, Right.,0.5400000000000205,136,3,104.14214040477512,37.57690979114826,0.0011308477260172,-1,0.0,False
276.01800000000003,649.0930000000001, Right.,0.5400000000000205,137,3,104.14214040477512,37.57690979114826,0.0011308477260172,-1,0.0,False
276.87800000000004,649.953, Right.,0.0999999999999659,138,3,104.14214040477512,39.81365047712848,0.0013330365763977,69,0.20714285714286915,True
277.13800000000003,650.213, The,0.03999999999996362,138,3,104.14214040477512,42.48695089250689,0.0018363180570304,69,0.29155844155845106,False
277.178,650.2529999999999, French,0.22000000000002728,138,3,104.14214040477512,42.272328689938384,0.0014573840890079,69,0.3045454545454523,False
277.398,650.473, league.,0.39999999999997726,138,3,104.14214040477512,38.85989093207974,0.0013390766689553,69,0.37597402597403295,False
277.13800000000003,650.213, The,0.03999999999996362,139,3,104.14214040477512,42.48695089250689,0.0018363180570304,69,0.29155844155845106,False
277.178,650.2529999999999, French,0.22000000000002728,139,3,104.14214040477512,42.272328689938384,0.0014573840890079,69,0.3045454545454523,False
277.398,650.473, league.,0.39999999999997726,139,3,104.14214040477512,38.85989093207974,0.0013390766689553,69,0.37597402597403295,False
278.598,651.673, The...,0.37999999999999545,140,3,108.06638228531646,45.21364704816904,0.0024328052531932,69,0.7655844155844209,False
280.07800000000003,653.153, The,0.4399999999999977,141,3,196.03055753181255,40.15782301529086,0.0013828231021761,-1,0.0,False
280.51800000000003,653.5930000000001, Spanish,0.21999999999997044,141,3,98.33341429679804,46.83894529317711,0.0031356527470052,70,0.10324675324676692,True
280.738,653.813, league.,0.4200000000000159,141,3,99.12906194962132,42.51328646764546,0.0019389790249988,70,0.17467532467532912,False
281.158,654.233, It,0.7400000000000091,141,3,99.12906194962132,39.057767159052574,0.0013903180370102,70,0.3110389610389714,False
281.898,654.973, doesn't,0.2599999999999909,141,3,99.12906194962132,39.52378001745411,0.0013171243481338,70,0.5512987012987158,False
282.158,655.233, have,0.160000000000025,141,3,219.66968135234825,41.09618282244789,0.0012998126912867,70,0.6357142857142977,False
282.31800000000004,655.393, the,0.12000000000000455,141,3,219.66968135234825,39.36763317437871,0.001445403904654,70,0.6876623376623581,False
282.43800000000005,655.513, main,0.2799999999999727,141,3,219.66968135234825,41.27424991045659,0.0016861339099705,70,0.7266233766233987,False
282.718,655.793, leagues.,0.4399999999999977,141,3,219.66968135234825,39.54656138473995,0.0013881137128918,70,0.8175324675324812,False
281.158,654.233, It,0.7400000000000091,142,3,99.12906194962132,39.057767159052574,0.0013903180370102,70,0.3110389610389714,False
281.898,654.973, doesn't,0.2599999999999909,142,3,99.12906194962132,39.52378001745411,0.0013171243481338,70,0.5512987012987158,False
282.158,655.233, have,0.160000000000025,142,3,219.66968135234825,41.09618282244789,0.0012998126912867,70,0.6357142857142977,False
282.31800000000004,655.393, the,0.12000000000000455,142,3,219.66968135234825,39.36763317437871,0.001445403904654,70,0.6876623376623581,False
282.43800000000005,655.513, main,0.2799999999999727,142,3,219.66968135234825,41.27424991045659,0.0016861339099705,70,0.7266233766233987,False
282.718,655.793, leagues.,0.4399999999999977,142,3,219.66968135234825,39.54656138473995,0.0013881137128918,70,0.8175324675324812,False
283.43800000000005,656.513, Yeah.,0.13999999999998636,143,3,219.66968135234825,38.90779963742549,0.0013356134295463,-1,0.0,False
284.038,657.113, You,0.160000000000025,144,3,175.4172253133202,44.09256470797952,0.003639891045168,71,0.3064102564102615,True
284.19800000000004,657.273, feel,0.12000000000000455,144,3,184.02494132526868,52.35840950119032,0.0067465221509337,71,0.4089743589743799,False
284.31800000000004,657.393, like,0.07999999999998408,144,3,175.00424267156444,42.653438436952875,0.0020855052862316,71,0.4858974358974596,False
284.398,657.473, in,0.160000000000025,144,3,175.00424267156444,39.545744979814856,0.0017839478095993,71,0.5371794871795006,False
284.55800000000005,657.633, the,0.0999999999999659,144,3,178.86454295136306,44.70696769077439,0.0036411718465387,71,0.639743589743619,False
284.658,657.733, top,0.2400000000000091,144,3,123.8246603276578,51.41815918205872,0.0058701704256223,71,0.7038461538461612,False
284.898,657.973, of,0.5600000000000023,144,3,90.57750744600824,47.80482464028576,0.0037112643476575,71,0.8576923076923206,False
285.458,658.533, those,0.21999999999997044,144,3,101.79388392294508,36.12825912139233,0.0009455966064706,-1,0.0,False
285.678,658.7529999999999," leagues,",0.34000000000003183,144,3,181.96012986803208,41.75540195853035,0.0014580852584913,-1,0.0,False
286.118,659.193, it,0.060000000000002274,144,3,181.96012986803208,39.38725245497736,0.0012653653975576,-1,0.0,False
286.178,659.2529999999999, gets,0.160000000000025,144,3,182.2795032230212,48.65235825673463,0.003799847792834,-1,0.0,False
286.338,659.413," like,",0.160000000000025,144,3,92.04266752789302,48.330953524277106,0.0032600103877484,72,0.030000000000007167,True
286.618,659.693, played,0.20000000000004547,144,3,92.3780631539781,41.486454911605136,0.0015989379025995,72,0.09086956521739224,False
286.81800000000004,659.893, trouble.,0.2999999999999545,144,3,92.3780631539781,39.93098070654566,0.0013771540252491,72,0.13434782608696713,False
287.398,660.473," Yeah,",0.19999999999998863,145,3,92.3780631539781,39.536759584514535,0.001388166565448,72,0.2604347826087022,False
287.738,660.813, so,0.20000000000004547,145,3,92.3780631539781,38.86386830414245,0.0014339326880872,72,0.33434782608695723,False
287.93800000000005,661.013, that's,0.2799999999999727,145,3,92.3780631539781,39.736195813843935,0.0014684699708595,72,0.37782608695653214,False
288.218,661.293, the,0.10000000000002274,145,3,92.3780631539781,44.32110207002052,0.0020942024420947,72,0.4386956521739172,False
288.31800000000004,661.393, premier,0.2799999999999727,145,3,92.3780631539781,44.07105225107503,0.0023376559838652,72,0.46043478260870463,False
288.598,661.673, league.,0.36000000000001364,145,3,92.3780631539781,41.50841227149016,0.0018026313046007,72,0.5213043478260897,False
289.398,662.473, Yeah.,0.21999999999997044,146,3,178.57473905784704,43.54195892432003,0.0019517263863235,72,0.6952173913043522,False
290.038,663.113," Like,",0.4399999999999977,147,3,178.57473905784704,37.473431431379154,0.0009325354476459,72,0.8343478260869572,False
290.69800000000004,663.773," like,",0.30000000000001137,147,3,178.57473905784704,41.32890364728467,0.0018055692780762,72,0.9778260869565272,False
291.19800000000004,664.273, when,0.30000000000001137,147,3,178.57473905784704,40.408970854275,0.0016640011454001,-1,0.0,False
291.49800000000005,664.5730000000001, the,0.5600000000000023,147,3,178.57473905784704,50.070294866105414,0.0044484063982963,73,0.18648648648652966,True
292.05800000000005,665.133, top,0.3599999999999568,147,3,104.45946902936622,45.677767464426395,0.002816824009642,73,0.9432432432432802,False
292.418,665.4929999999999, center,0.22000000000002728,147,3,104.95894106895872,41.74898197194466,0.0015651718713343,74,0.07903225806452618,True
292.63800000000003,665.713," plays,",0.339999999999975,147,3,104.95894106895872,38.377696812176936,0.0011843128595501,74,0.2564516129032566,False
293.178,666.2529999999999, you're,0.040000000000020464,147,3,104.95894106895872,39.93979935165593,0.0014562219148501,74,0.6919354838709659,False
293.218,666.293, the,0.07999999999998408,147,3,104.95894106895872,39.57575023075418,0.0014565963065249,74,0.7241935483871113,False
293.298,666.373, top,0.3199999999999932,147,3,104.95894106895872,40.93903094276792,0.0013998958747833,74,0.788709677419356,False
293.618,666.693, champions,0.7800000000000296,147,3,104.95894106895872,39.01542110474029,0.0012217896291986,-1,0.0,False
294.398,667.473, league.,0.2400000000000091,147,3,190.86813187886688,39.84891511077048,0.0014549201587215,-1,0.0,False
295.19800000000004,668.273," Okay,",0.4199999999999591,148,3,190.86813187886688,40.677195320576395,0.0014714279677718,-1,0.0,False
295.778,668.8530000000001, yeah.,0.160000000000025,148,3,149.63419123217213,45.147239854872176,0.0024421401321887,75,0.12046511627907622,True
296.158,669.233," Yeah,",0.4399999999999977,149,3,93.98530176862108,52.10279803611909,0.005482512526213,75,0.20883720930233074,False
296.598,669.673, it's...,0.8000000000000114,149,3,190.22947568561813,56.039317093939786,0.0084337620064507,75,0.31116279069767877,False
298.178,671.2529999999999, It's...,0.4399999999999977,150,3,191.84347216042812,43.011744131497466,0.0025446934159845,75,0.6786046511627903,False
299.098,672.173," Yeah,",0.4399999999999977,151,3,159.2658132701235,56.69241369659574,0.0092156110331442,75,0.8925581395348865,False
299.63800000000003,672.713, there's,0.2400000000000091,151,3,102.02889650712537,47.17068734296607,0.0029348614625632,-1,0.0,False
299.87800000000004,672.953, a...,0.5199999999999818,151,3,102.02889650712537,39.04833918054776,0.0013758984860032,-1,0.0,False
300.398,673.473, I,0.10000000000002274,151,3,168.44735569695425,54.92022907756846,0.0080081168562173,-1,0.0,False
300.49800000000005,673.5730000000001," mean,",0.1199999999999477,151,3,196.37521461208368,57.43194775915552,0.0106032751500606,76,0.061702127659627355,True
300.718,673.793, good,0.07999999999998408,151,3,216.30441738389692,55.209689196100285,0.0066106664016838,76,0.29574468085108585,False
300.798,673.873, to,0.12000000000000455,151,3,230.01504086803132,40.80671750605727,0.0015404445584863,76,0.38085106382979256,False
300.918,673.9929999999999, know,0.22000000000002728,151,3,245.6303574310617,39.81136039251568,0.0012917215935885,76,0.5085106382978828,False
301.13800000000003,674.213," that,",0.2599999999999909,151,3,245.6303574310617,40.91500682424528,0.0017112373607233,76,0.7425531914894018,False
301.478,674.553," like,",0.18000000000000682,151,3,203.6434184844357,39.88392710432795,0.0013648193562403,-1,0.0,False
301.898,674.973, they,0.2799999999999727,151,3,195.4378894574733,39.74631404345199,0.0014313580468297,77,0.15256410256410202,True
302.178,675.2529999999999, have,0.160000000000025,151,3,188.7185753802214,60.34810966158294,0.0150612648576498,77,0.3320512820512637,False
302.338,675.413, things,0.5400000000000205,151,3,179.38788181180897,61.31840737379893,0.016138594597578,77,0.4346153846153822,False
302.87800000000004,675.953, to,0.2599999999999909,151,3,150.3588744984879,55.53507600130548,0.0083053382113575,77,0.7807692307692409,False
303.13800000000003,676.213, do.,0.2599999999999909,151,3,147.1338872671799,56.234764497430774,0.0092863580211997,77,0.9474358974359015,False
300.398,673.473, I,0.10000000000002274,152,3,168.44735569695425,54.92022907756846,0.0080081168562173,-1,0.0,False
300.49800000000005,673.5730000000001," mean,",0.1199999999999477,152,3,196.37521461208368,57.43194775915552,0.0106032751500606,76,0.061702127659627355,False
300.718,673.793, good,0.07999999999998408,152,3,216.30441738389692,55.209689196100285,0.0066106664016838,76,0.29574468085108585,False
300.798,673.873, to,0.12000000000000455,152,3,230.01504086803132,40.80671750605727,0.0015404445584863,76,0.38085106382979256,False
300.918,673.9929999999999, know,0.22000000000002728,152,3,245.6303574310617,39.81136039251568,0.0012917215935885,76,0.5085106382978828,False
301.13800000000003,674.213," that,",0.2599999999999909,152,3,245.6303574310617,40.91500682424528,0.0017112373607233,76,0.7425531914894018,False
301.478,674.553," like,",0.18000000000000682,152,3,203.6434184844357,39.88392710432795,0.0013648193562403,-1,0.0,False
301.898,674.973, they,0.2799999999999727,152,3,195.4378894574733,39.74631404345199,0.0014313580468297,77,0.15256410256410202,False
302.178,675.2529999999999, have,0.160000000000025,152,3,188.7185753802214,60.34810966158294,0.0150612648576498,77,0.3320512820512637,False
302.338,675.413, things,0.5400000000000205,152,3,179.38788181180897,61.31840737379893,0.016138594597578,77,0.4346153846153822,False
302.87800000000004,675.953, to,0.2599999999999909,152,3,150.3588744984879,55.53507600130548,0.0083053382113575,77,0.7807692307692409,False
303.13800000000003,676.213, do.,0.2599999999999909,152,3,147.1338872671799,56.234764497430774,0.0092863580211997,77,0.9474358974359015,False
303.69800000000004,676.773, Yeah.,0.19999999999998863,153,3,164.99203236234317,39.66502216358772,0.0012108330847695,-1,0.0,False
304.278,677.3530000000001, Like...,0.4399999999999977,154,3,157.46450400470914,40.41234738361409,0.0018460658611729,78,0.46499999999999836,True
304.718,677.793, You,0.2599999999999909,154,3,164.02461151790612,39.30195899313704,0.0013959801290193,78,0.8316666666666666,False
304.978,678.053, should,0.12000000000000455,154,3,80.61130031180367,48.96503993115272,0.0038559548556804,-1,0.0,False
305.098,678.173, entertain.,0.12000000000000455,154,3,84.28052533292419,46.24814357367988,0.0031509033869979,-1,0.0,False
304.718,677.793, You,0.2599999999999909,155,3,164.02461151790612,39.30195899313704,0.0013959801290193,78,0.8316666666666666,False
304.978,678.053, should,0.12000000000000455,155,3,80.61130031180367,48.96503993115272,0.0038559548556804,-1,0.0,False
305.098,678.173, entertain.,0.12000000000000455,155,3,84.28052533292419,46.24814357367988,0.0031509033869979,-1,0.0,False
305.49800000000005,678.5730000000001," Like,",0.19999999999998863,156,3,87.46994843223924,40.01076929902863,0.0014548478648066,-1,0.0,False
305.778,678.8530000000001, it,0.13999999999998636,156,3,171.4580900475357,40.72776125971041,0.0014042170951142,-1,0.0,False
305.918,678.9929999999999, is,0.160000000000025,156,3,171.4580900475357,50.23987200534097,0.0041875466704368,-1,0.0,False
306.07800000000003,679.153, their,0.18000000000000682,156,3,156.91240983959412,52.13153553378626,0.0058610327541828,-1,0.0,False
306.25800000000004,679.3330000000001, job,0.2599999999999909,156,3,75.670062229742,48.34606531133931,0.0038504088297486,79,0.14126984126984649,True
306.51800000000003,679.5930000000001, as,0.339999999999975,156,3,175.45791096977993,39.2477822366265,0.0013514317106455,79,0.34761904761905643,False
306.858,679.933, well.,0.20000000000004547,156,3,174.27822383873038,56.28091016246226,0.0092861261218786,79,0.6174603174603205,False
307.298,680.373, Yeah.,0.040000000000020464,157,3,219.93711918315444,53.49023176776796,0.0065666544251143,79,0.9666666666666862,False
307.55800000000005,680.633, They,0.3199999999999932,158,3,217.18757661833797,41.19328342293269,0.0014425667468458,-1,0.0,False
307.87800000000004,680.953, get,0.18000000000000682,158,3,189.7715555882438,38.02594776189598,0.0013443675125017,-1,0.0,False
308.05800000000005,681.133, to,0.15999999999996817,158,3,179.76498492378715,52.282061397845595,0.0063536064699292,80,0.18437500000008494,True
308.218,681.293, keep,0.18000000000000682,158,3,81.18908678451284,47.76196373070699,0.0036675082519679,80,0.43437500000004053,False
308.398,681.473, playing.,0.36000000000001364,158,3,81.81933235419945,48.16196706271987,0.0034860237501561,80,0.7156250000000571,False
309.91800000000006,682.993, Any,0.6399999999999864,159,3,81.81933235419945,46.77039575460222,0.0028655391652137,-1,0.0,False
310.55800000000005,683.633, other,0.21999999999997044,159,3,81.81933235419945,47.39785103245399,0.0031032359693199,-1,0.0,False
310.778,683.8530000000001, sports?,0.39999999999997726,159,3,81.81933235419945,43.08624159181406,0.0017405935795977,-1,0.0,False
311.778,684.8530000000001, Or,0.10000000000002274,160,3,81.81933235419945,46.595941423760266,0.0029080423992127,-1,0.0,False
311.87800000000004,684.953, just,0.23999999999995225,160,3,81.81933235419945,42.393799287575696,0.0018617787864059,-1,0.0,False
312.118,685.193, soccer?,0.30000000000001137,160,3,81.81933235419945,44.55584226298112,0.0022563848178833,-1,0.0,False
320.458,693.533," Okay,",0.6399999999999864,161,3,103.02185787140624,46.20052248203529,0.0026108988095074,-1,0.0,False
321.25800000000004,694.3330000000001, can,0.0999999999999659,161,3,92.7989679406674,45.03319796557052,0.0025874993298202,-1,0.0,False
321.358,694.433, you,0.10000000000002274,161,3,100.04053004993094,39.5751668396024,0.0012598314788192,-1,0.0,False
321.458,694.533, jump,0.2799999999999727,161,3,100.04053004993094,40.873458705002,0.0017168605700135,-1,0.0,False
321.738,694.813, high?,0.37999999999999545,161,3,100.04053004993094,40.76215413941664,0.0016949346754699,-1,0.0,False
322.93800000000005,696.013," Really,",0.2999999999999545,162,3,94.00581119977016,48.24561582573899,0.0036575372796505,-1,0.0,False
323.418,696.4929999999999, yes.,0.34000000000003183,162,3,94.40908164077943,44.13924537860926,0.0023574465885758,-1,0.0,False
324.07800000000003,697.153, Oh.,0.0999999999999659,163,3,94.40908164077943,46.414148824508,0.0029513074550777,-1,0.0,False
325.898,698.973, Really?,0.36000000000001364,164,3,117.2103074109968,49.13015910228135,0.0040927524678409,83,0.39426751592356846,True
328.49800000000005,701.5730000000001, What,0.6399999999999864,165,3,104.17142398183914,38.87842616489315,0.0014686034992337,84,0.06605166051661622,True
329.13800000000003,702.213, do,0.2799999999999727,165,3,105.56634149923934,45.079009173108226,0.0026974324136972,84,0.18413284132842148,False
329.418,702.4929999999999, you,0.0,165,3,116.70400523627538,45.498232356906755,0.0028129315469413,84,0.23579335793358233,False
329.418,702.4929999999999, know,0.8400000000000318,165,3,116.70400523627538,45.498232356906755,0.0028129315469413,84,0.23579335793358233,False
330.25800000000004,703.3330000000001, what,0.18000000000000682,165,3,116.52192698387375,40.37320624345445,0.001536036026664,84,0.3907749077490859,False
330.43800000000005,703.513, your,0.0999999999999659,165,3,116.52192698387375,40.35141194102194,0.0015107824001461,84,0.4239852398524081,False
330.538,703.613, vertical,0.3199999999999932,165,3,103.26401282366577,38.51383781067359,0.0012983748456463,84,0.44243542435424676,False
330.858,703.933, jump,0.34000000000003183,165,3,103.26401282366577,39.469345561421214,0.0013219686225056,84,0.5014760147601494,False
331.19800000000004,704.273, is?,0.4399999999999977,165,3,102.19910838837458,44.581900002314384,0.0021795756183564,84,0.5642066420664281,False
331.978,705.053," No,",0.12000000000000455,166,3,94.92291268754286,49.0428077784528,0.0038560007233172,84,0.7081180811808139,False
332.338,705.413, I've,0.22000000000002728,166,3,104.30275751881942,45.95876106107511,0.0028901011683046,84,0.7745387453874583,False
332.55800000000005,705.633, been,0.0999999999999659,166,3,104.30275751881942,39.52819063470017,0.0015238354681059,84,0.8151291512915222,False
332.658,705.733, playing,0.18000000000000682,166,3,205.56441435801236,39.58915489065169,0.0011610329383987,84,0.8335793357933609,False
332.838,705.913, for,0.3199999999999932,166,3,200.43838006047972,48.87021361505827,0.0042096059769392,84,0.8667896678966831,False
333.158,706.233, years,0.34000000000003183,166,3,111.6876175699834,41.65099982057423,0.0017417435301479,84,0.9258302583025857,False
333.49800000000005,706.5730000000001," ago,",0.2599999999999909,166,3,118.5817315896995,43.65219227026264,0.002059863647446,84,0.9885608856088645,False
334.098,707.173, but,0.01999999999998181,166,3,117.39415799784848,44.73894536636086,0.0029836152680282,85,0.08686131386861269,True
334.118,707.193, it,0.6800000000000068,166,3,119.03467956524076,44.85008310792965,0.0026621751021593,85,0.09416058394159872,False
334.798,707.873, wasn't,0.22000000000002728,166,3,214.1849304739932,40.969296584639935,0.0016785215120762,85,0.34233576642335223,False
335.01800000000003,708.0930000000001, a,0.45999999999997954,166,3,214.1849304739932,44.88939504800025,0.0025556890759617,85,0.4226277372262816,False
335.478,708.553, great,0.37999999999999545,166,3,91.00888005134648,52.15864184782163,0.0057486374862492,85,0.5905109489051057,False
335.858,708.933, step.,0.28000000000002956,166,3,174.1518385437893,46.17900210351088,0.0029036251362413,85,0.729197080291965,False
336.13800000000003,709.213, I,0.45999999999997954,166,3,174.1518385437893,40.101435402003354,0.0012753116898238,85,0.8313868613138732,False
336.598,709.673, think,0.10000000000002274,166,3,203.21325567302517,41.68349267049183,0.0013218702515582,85,0.9992700729926972,False
336.69800000000004,709.773, it's,0.12000000000000455,166,3,203.21325567302517,40.25297010916789,0.0018611222039908,-1,0.0,False
336.81800000000004,709.893, pretty,0.13999999999998636,166,3,203.21325567302517,41.44865351441531,0.0014860880328342,-1,0.0,False
336.958,710.033, good,0.18000000000000682,166,3,203.21325567302517,39.23158240154894,0.0011705221841111,-1,0.0,False
337.13800000000003,710.213, now.,0.2599999999999909,166,3,203.21325567302517,38.25904182609816,0.0012694260803982,-1,0.0,False
336.13800000000003,709.213, I,0.45999999999997954,167,3,174.1518385437893,40.101435402003354,0.0012753116898238,85,0.8313868613138732,False
336.598,709.673, think,0.10000000000002274,167,3,203.21325567302517,41.68349267049183,0.0013218702515582,85,0.9992700729926972,False
336.69800000000004,709.773, it's,0.12000000000000455,167,3,203.21325567302517,40.25297010916789,0.0018611222039908,-1,0.0,False
336.81800000000004,709.893, pretty,0.13999999999998636,167,3,203.21325567302517,41.44865351441531,0.0014860880328342,-1,0.0,False
336.958,710.033, good,0.18000000000000682,167,3,203.21325567302517,39.23158240154894,0.0011705221841111,-1,0.0,False
337.13800000000003,710.213, now.,0.2599999999999909,167,3,203.21325567302517,38.25904182609816,0.0012694260803982,-1,0.0,False
337.69800000000004,710.773, And,0.0999999999999659,168,3,165.83749270718846,47.332462822198536,0.0036243521608412,86,0.5630434782608914,True
337.798,710.873, they're,0.160000000000025,168,3,109.79743219015116,48.242486132323336,0.0034263744018971,86,0.6717391304347655,False
337.958,711.033, like,0.07999999999998408,168,3,140.53352043649613,39.082704165332814,0.0013546391855925,86,0.8456521739130505,False
338.038,711.113, long,0.2400000000000091,168,3,191.06312068388652,54.4169340157227,0.0067243091762065,86,0.9326086956521621,False
338.278,711.3530000000001," hours,",0.2599999999999909,168,3,102.1170891600222,47.55867554825901,0.0031992027070373,-1,0.0,False
338.678,711.7529999999999, so...,0.4200000000000159,168,3,102.1170891600222,37.73945099533307,0.0013058645417913,-1,0.0,False
339.098,712.173," Yeah,",0.2400000000000091,168,3,103.59831838745046,39.559548328357664,0.0012563065392898,-1,0.0,False
339.478,712.553, because...,0.37999999999999545,168,3,103.59831838745046,36.81566656079782,0.0011214637197554,87,0.06282051282052117,True
339.858,712.933, Jump,0.30000000000001137,168,3,103.59831838745046,39.34347210302903,0.0012192709837108,87,0.3064102564102615,False
340.158,713.233, high.,0.28000000000002956,168,3,99.0711520575412,42.780585233335685,0.0019594770856208,87,0.49871794871796077,False
339.098,712.173," Yeah,",0.2400000000000091,169,3,103.59831838745046,39.559548328357664,0.0012563065392898,-1,0.0,False
339.478,712.553, because...,0.37999999999999545,169,3,103.59831838745046,36.81566656079782,0.0011214637197554,87,0.06282051282052117,False
339.858,712.933, Jump,0.30000000000001137,170,3,103.59831838745046,39.34347210302903,0.0012192709837108,87,0.3064102564102615,False
340.158,713.233, high.,0.28000000000002956,170,3,99.0711520575412,42.780585233335685,0.0019594770856208,87,0.49871794871796077,False
341.01800000000003,714.0930000000001," Oh,",0.4399999999999977,171,3,99.0711520575412,45.137499954255915,0.0026080310344696,-1,0.0,False
341.618,714.693, okay.,0.32000000000005,171,3,99.0711520575412,41.03805471948138,0.0017135428497567,88,0.1440789473684162,True
343.218,716.293, It's,0.4399999999999977,172,3,100.32764165642278,40.37013904339784,0.001473837997764,88,0.6703947368421044,False
343.658,716.733," growing,",0.22000000000002728,172,3,101.07511339119586,43.307675986159126,0.0021594308782382,88,0.8151315789473658,False
344.118,717.193, because,0.160000000000025,172,3,190.17553155698707,40.206326209576595,0.0012764984276145,88,0.9664473684210423,False
344.278,717.3530000000001, it,0.12000000000000455,172,3,190.17553155698707,40.856705941521504,0.0015165245858952,-1,0.0,False
344.398,717.473, makes,0.160000000000025,172,3,190.17553155698707,41.74313530732114,0.0014838823117315,-1,0.0,False
344.55800000000005,717.633, a,0.01999999999998181,172,3,181.78924403748977,53.99579016723944,0.0077282120473682,89,0.17878787878795055,True
344.57800000000003,717.653, difference.,0.19999999999998863,172,3,185.70386999544704,55.48905686422652,0.0082999551668763,89,0.20909090909095215,False
345.01800000000003,718.0930000000001, I'm,0.0,173,3,174.571416994112,56.59366465699195,0.0089060934260487,89,0.8757575757575901,False
345.01800000000003,718.0930000000001, just,0.37999999999999545,173,3,174.571416994112,56.59366465699195,0.0089060934260487,89,0.8757575757575901,False
345.398,718.473, going,0.21999999999997044,173,3,188.71657622265792,53.99576431108328,0.0071638170629739,90,0.030000000000011805,True
345.618,718.693, to,0.10000000000002274,173,3,199.32141223885372,54.29183481229323,0.006906074937433,90,0.11461538461538431,False
345.718,718.793, step,0.18000000000000682,173,3,217.2920873876601,37.84389796835478,0.0012220720527692,90,0.1530769230769312,False
345.898,718.973, in,0.30000000000001137,173,3,186.37916485611512,42.74344527467391,0.0023652066010981,90,0.22230769230770242,False
346.19800000000004,719.273, and,0.6999999999999886,173,3,166.53395798205796,52.07589653240173,0.0055804960429668,90,0.33769230769232117,False
346.898,719.973, the,0.12000000000000455,173,3,188.251754660646,45.147088657256944,0.0025768235791474,90,0.6069230769230837,False
347.01800000000003,720.0930000000001, ball,0.15999999999996817,173,3,184.4709110670875,43.02052666763294,0.0025880474131554,90,0.6530769230769312,False
347.178,720.2529999999999, comes,0.18000000000000682,173,3,188.1352840424164,55.481408649315526,0.0084427604451775,90,0.71461538461538,False
347.358,720.433, with,0.18000000000000682,173,3,163.0601308686186,40.157985925688536,0.001446702866815,90,0.7838461538461512,False
347.538,720.613, a,0.2400000000000091,173,3,96.10442421061305,48.78027037704614,0.0040425881743431,90,0.8530769230769224,False
347.778,720.8530000000001, right,0.12000000000000455,173,3,111.80287113642994,51.37352180155596,0.0054111066274344,90,0.9453846153846175,False
347.898,720.973, here.,0.160000000000025,173,3,93.60997675431688,50.77144565810365,0.0049111475236713,90,0.9915384615384649,False
348.278,721.3530000000001," Yeah,",0.2599999999999909,174,3,208.65986905893527,39.24002087975767,0.0014790978748351,-1,0.0,False
348.75800000000004,721.8330000000001, yeah.,0.18000000000000682,174,3,252.79078337224456,55.078984559843384,0.0077672102488577,91,0.09266666666667334,True
349.158,722.233, I,0.10000000000002274,175,3,281.8890039843149,48.158120578415975,0.0039090751670305,91,0.2259999999999991,False
349.25800000000004,722.3330000000001," mean,",0.0999999999999659,175,3,279.98655715129416,56.182228887639766,0.0106328139081597,91,0.25933333333334,False
349.43800000000005,722.513, that's,0.19999999999998863,175,3,311.4677174862397,51.90358915708232,0.0048815170302987,91,0.3193333333333423,False
349.63800000000003,722.713, a,0.03999999999996362,175,3,237.90080903846084,58.24125811730295,0.0101662268862128,91,0.3860000000000052,False
349.678,722.7529999999999, good...,0.7800000000000296,175,3,189.8140086479005,51.04409245519443,0.0048585194163024,91,0.3993333333333264,False
350.458,723.533, It's,0.339999999999975,175,3,93.44024631872296,50.54082528394674,0.0051515507511794,91,0.6593333333333362,False
350.798,723.873, a,0.060000000000002274,175,3,132.3182842563284,44.547190030495926,0.0024774314370006,91,0.7726666666666612,False
350.858,723.933, good...,0.5200000000000387,175,3,132.3182842563284,39.02299827677067,0.0013459140900522,91,0.792666666666662,False
351.37800000000004,724.453, I,0.0999999999999659,175,3,154.54567134737238,46.81542709231909,0.003227376146242,91,0.9660000000000082,False
351.478,724.553, don't,0.12000000000000455,175,3,84.19597875415087,51.87098032333009,0.005755802616477,91,0.9993333333333302,False
351.598,724.673, know.,0.160000000000025,175,3,83.38844741167583,49.44132988971532,0.0045166383497386,-1,0.0,False
350.458,723.533, It's,0.339999999999975,176,3,93.44024631872296,50.54082528394674,0.0051515507511794,91,0.6593333333333362,False
350.798,723.873, a,0.060000000000002274,176,3,132.3182842563284,44.547190030495926,0.0024774314370006,91,0.7726666666666612,False
350.858,723.933, good...,0.5200000000000387,176,3,132.3182842563284,39.02299827677067,0.0013459140900522,91,0.792666666666662,False
351.37800000000004,724.453, I,0.0999999999999659,177,3,154.54567134737238,46.81542709231909,0.003227376146242,91,0.9660000000000082,False
351.478,724.553, don't,0.12000000000000455,177,3,84.19597875415087,51.87098032333009,0.005755802616477,91,0.9993333333333302,False
351.598,724.673, know.,0.160000000000025,177,3,83.38844741167583,49.44132988971532,0.0045166383497386,-1,0.0,False
352.31800000000004,725.393, I,0.18000000000000682,178,3,98.93448598411982,38.96496541250934,0.0013652660418301,92,0.23120000000001256,True
352.49800000000005,725.5730000000001," mean,",0.0,178,3,98.93448598411982,40.95599541933403,0.001554132788442,92,0.3032000000000153,False
352.738,725.813, I,0.36000000000001364,178,3,98.93448598411982,41.12226395876117,0.001626176177524,92,0.39919999999999617,False
353.098,726.173, guess,0.160000000000025,178,3,196.75060735796472,37.314137580666845,0.0012969675008211,92,0.5432000000000017,False
353.25800000000004,726.3330000000001, it's,0.13999999999998636,178,3,196.75060735796472,39.051657397250544,0.0013792011886835,92,0.6072000000000116,False
353.398,726.473, a,0.01999999999998181,178,3,196.75060735796472,39.89073584845124,0.0015089424559846,92,0.6632000000000062,False
353.418,726.4929999999999," skill,",0.37999999999999545,178,3,196.75060735796472,42.55979596353331,0.0023832097649574,92,0.6711999999999989,False
354.05800000000005,727.133, like,0.23999999999995225,178,3,91.96599629255388,47.727895437545826,0.0032468852587044,92,0.9272000000000162,False
354.298,727.373, jumping.,1.0200000000000387,178,3,98.90260828684733,39.17920324707433,0.0011857082135975,-1,0.0,False
355.57800000000003,728.653, It's,0.060000000000002274,179,3,303.8192031250017,57.46869538377361,0.0088562751188874,93,0.23571428571431954,True
355.63800000000003,728.713, good,0.0999999999999659,179,3,282.3224544051356,40.992817864187366,0.0015977134462445,93,0.30714285714289097,False
355.738,728.813, to,0.1400000000000432,179,3,248.59159444551267,60.33663340159687,0.0145321805030107,93,0.4261904761904649,False
355.87800000000004,728.953, jump,0.21999999999997044,179,3,172.94348312547538,41.43732748443451,0.0018333025509491,93,0.5928571428571767,False
356.098,729.173," in,",0.2599999999999909,179,3,178.993003001446,54.11750678456035,0.0073747048154481,93,0.8547619047618935,False
356.37800000000004,729.453, but,0.15999999999996817,179,3,99.55249669163187,50.35140219408419,0.0050119012594223,-1,0.0,False
356.538,729.613, it's...,0.5600000000000023,179,3,100.46643073622212,43.09799463189604,0.0021847949828952,-1,0.0,False
357.098,730.173, Yeah.,0.4399999999999977,179,3,123.86314227773204,40.53683452126342,0.0015510801458731,-1,0.0,False
357.738,730.813, Yeah.,0.34000000000003183,179,3,124.25551151076642,52.12935493584948,0.0057835006155073,94,0.15571428571429458,True
357.098,730.173, Yeah.,0.4399999999999977,180,3,123.86314227773204,40.53683452126342,0.0015510801458731,-1,0.0,False
357.738,730.813, Yeah.,0.34000000000003183,181,3,124.25551151076642,52.12935493584948,0.0057835006155073,94,0.15571428571429458,False
359.218,732.293, Maybe,0.0,182,3,100.30201606789372,37.947243629213254,0.001225853920914,-1,0.0,False
359.218,732.293, you,0.160000000000025,182,3,100.30201606789372,37.947243629213254,0.001225853920914,-1,0.0,False
359.37800000000004,732.453, should,0.060000000000002274,182,3,190.57646491598945,39.27231673658407,0.0011252295225858,-1,0.0,False
359.43800000000005,732.513, play,0.21999999999997044,182,3,190.57646491598945,38.34859275170057,0.0012581159826368,-1,0.0,False
359.658,732.733, volleyball.,0.4000000000000341,182,3,174.80291518682537,56.64519582762202,0.0096113234758337,95,0.17250000000003962,True
361.358,734.433, Focus,0.4399999999999977,183,3,0.0,46.61904028838715,0.004651158295552163,-1,0.0,False
361.798,734.873, looks,0.4200000000000159,183,3,0.0,46.61904028838715,0.004651158295552163,-1,0.0,False
362.218,735.293, painful.,0.5400000000000205,183,3,0.0,46.61904028838715,0.004651158295552163,-1,0.0,False
363.358,736.433," Yeah,",0.2599999999999909,184,3,0.0,46.61904028838715,0.004651158295552163,-1,0.0,False
363.958,737.033, yeah.,0.19999999999998863,184,3,0.0,46.61904028838715,0.004651158295552163,-1,0.0,False
7.278,745.311," Okay,",0.4600000000000004,0,5,181.05959199367044,64.84322820020712,0.0215605814009872,1,0.7514851485148513,True
7.958,745.991, so,0.06000000000000005,0,5,111.77767647939925,41.822169808519185,0.0012875071261079,-1,0.0,False
8.018,746.051, you're,0.43999999999999995,0,5,111.77767647939925,41.754067690103966,0.0016173028852788,-1,0.0,False
8.458,746.491, in,0.23999999999999977,0,5,111.77767647939925,44.003297694814826,0.0022224518470466,-1,0.0,False
8.698,746.731, your,0.2400000000000002,0,5,111.77767647939925,45.87567102586406,0.0026426299009471,-1,0.0,False
8.938,746.971, first,0.52,0,5,111.77767647939925,42.109182432428845,0.0016553275054323,-1,0.0,False
9.458,747.491, year?,0.3799999999999999,0,5,111.77767647939925,39.43693890518303,0.0013919376069678,2,0.17580645161290434,True
10.218,748.251, Yeah.,0.4400000000000004,1,5,105.01647715298247,47.80195624203736,0.003183558583259,2,0.7887096774193548,False
11.098,749.131, How,0.33999999999999986,2,5,105.01647715298247,38.09677664229094,0.0013037073658778,-1,0.0,False
11.438,749.471, has,0.22000000000000064,2,5,105.01647715298247,46.053364347048976,0.00286775897257,-1,0.0,False
11.658000000000001,749.691, it,0.16000000000000014,2,5,105.01647715298247,45.29918437872075,0.002760418923572,-1,0.0,False
11.818000000000001,749.851, been,0.5599999999999996,2,5,105.01647715298247,39.878050614276326,0.0015091869281601,-1,0.0,False
12.378,750.4110000000001, so,0.2999999999999998,2,5,104.54796714703944,48.47192807084697,0.004046452231706,3,0.13712574850299408,True
12.678,750.711, far?,0.4400000000000004,2,5,104.98973545974812,43.89957582754017,0.0020941102411601,3,0.22694610778443142,False
14.578,752.611," Good,",0.46000000000000085,3,5,104.98973545974812,42.195855793862286,0.0022464422509075,3,0.7958083832335328,False
15.378,753.4110000000001, mostly.,0.4400000000000013,3,5,104.98973545974812,43.716927347884216,0.0021356709767135,-1,0.0,False
17.258,755.291, But,0.46000000000000085,4,5,239.43455862742871,37.457484167988966,0.0014809819404034,5,0.004736842105263337,True
17.718,755.751, a,0.1399999999999988,4,5,239.43455862742871,39.39518024090726,0.0013496634783223,5,0.1257894736842109,False
17.857999999999997,755.891, few,0.09999999999999964,4,5,239.43455862742871,40.173169098673014,0.0013700374402105,5,0.16263157894736802,False
17.958,755.991," assessments,",0.40000000000000036,4,5,239.43455862742871,39.081127258135496,0.0013752839295194,5,0.18894736842105259,False
18.518,756.551, they're,1.2800000000000011,4,5,239.43455862742871,41.10319758088242,0.0018868286861107,5,0.33631578947368473,False
19.798000000000002,757.831, going,0.17999999999999972,4,5,239.43455862742871,42.08782564302857,0.0019838816951961,5,0.6731578947368428,False
19.978,758.011, to,0.019999999999999574,4,5,239.43455862742871,40.32566969233621,0.0015294005861505,5,0.7205263157894743,False
19.997999999999998,758.0310000000001, be,0.16000000000000014,4,5,239.43455862742871,41.027407660770926,0.0015924575272945,5,0.7257894736842102,False
20.158,758.191, on,0.4399999999999995,4,5,239.43455862742871,40.78113941837183,0.0014981313142924,5,0.7678947368421059,False
20.598,758.631, time.,0.0,4,5,239.43455862742871,40.300748919710735,0.0017506357980888,5,0.8836842105263157,False
20.958,758.991, I,0.0,5,5,239.43455862742871,43.72635637630369,0.0020756118465214,5,0.9784210526315787,False
20.958,758.991, think,0.0,5,5,239.43455862742871,43.72635637630369,0.0020756118465214,5,0.9784210526315787,False
20.958,758.991, it's,0.2400000000000002,5,5,239.43455862742871,43.72635637630369,0.0020756118465214,5,0.9784210526315787,False
21.198,759.231, in,0.08000000000000007,5,5,239.43455862742871,38.68804270048357,0.0013082007644696,-1,0.0,False
21.278,759.311, time.,0.22000000000000064,5,5,239.43455862742871,38.09338894003256,0.0011523888679222,-1,0.0,False
22.578,760.611, Have,0.18000000000000327,6,5,238.90114871794543,40.64032030957123,0.0013936461182311,6,0.2709090909090898,True
22.758000000000003,760.791, you,0.11999999999999744,6,5,238.90114871794543,41.62967750369418,0.0019268973264845,6,0.4345454545454567,False
22.878,760.9110000000001, got,0.08000000000000185,6,5,238.90114871794543,44.844914859908435,0.0024160256143657,6,0.5436363636363637,False
22.958000000000002,760.991," two,",0.6999999999999993,6,5,238.90114871794543,42.85153363839336,0.001765926252119,6,0.6163636363636382,False
23.878,761.9110000000001, do,0.7600000000000016,6,5,157.47242305361453,39.737206316927875,0.001321968040429,7,0.15542168674698742,True
24.638,762.671, you,0.16000000000000014,6,5,158.9855205142091,43.892004899574005,0.0022664505522711,7,0.6132530120481932,False
24.798000000000002,762.831, have,0.05999999999999872,6,5,158.9855205142091,42.614001289255846,0.0024118549190458,7,0.7096385542168681,False
24.858,762.891, two,0.6999999999999993,6,5,158.9855205142091,49.20339565302435,0.0041447188705206,7,0.7457831325301203,False
25.558,763.591, weeks,0.38000000000000256,6,5,247.86305152151388,39.66852406361632,0.0014819555217398,-1,0.0,False
25.938000000000002,763.971, to,0.259999999999998,6,5,209.5875406711716,51.70851381313547,0.0057766251266035,8,0.31176470588235444,True
26.198,764.231, set,0.03999999999999915,6,5,183.997469211122,57.66694880282772,0.0121141327545018,8,0.5666666666666663,False
26.238,764.271, up?,0.14000000000000057,6,5,179.9528064781547,63.29952490277397,0.0194782130420203,8,0.6058823529411753,False
26.838,764.871, Okay.,0.33999999999999986,7,5,101.61183660940284,42.53228043037844,0.0017447441350668,-1,0.0,False
27.618,765.6510000000001," Yeah,",0.1999999999999993,8,5,174.7821484964462,46.18918232425765,0.0026774243451658,-1,0.0,False
27.877999999999997,765.9110000000001, two,0.17999999999999972,8,5,174.7821484964462,49.00867999002808,0.0037844704929743,-1,0.0,False
28.057999999999996,766.091, weeks,0.240000000000002,8,5,174.7821484964462,46.90848786381011,0.0031389864161607,-1,0.0,False
28.298,766.331, to,0.21999999999999886,8,5,174.7821484964462,41.346521427865575,0.0015737338690087,-1,0.0,False
28.517999999999997,766.551, start.,0.1999999999999993,8,5,174.7821484964462,42.005835288685795,0.0016745441826063,-1,0.0,False
28.958,766.991, But,0.11999999999999744,9,5,174.7821484964462,40.804846690115674,0.0016897137975319,-1,0.0,False
29.077999999999996,767.111, you,0.33999999999999986,9,5,174.7821484964462,43.45509932167824,0.001837432384491,-1,0.0,False
29.417999999999996,767.451," know,",0.10000000000000142,9,5,174.7821484964462,40.33021393034584,0.0011668041115629,-1,0.0,False
29.717999999999996,767.751, two,0.120000000000001,9,5,174.7821484964462,40.94534018715216,0.0015233891317619,-1,0.0,False
29.837999999999997,767.871, weeks,0.1999999999999993,9,5,174.7821484964462,41.2493591806026,0.0014766709646211,-1,0.0,False
30.037999999999997,768.071, is,0.10000000000000142,9,5,174.7821484964462,44.90794460513028,0.002525150310248,-1,0.0,False
30.137999999999998,768.171, a,0.05999999999999872,9,5,174.7821484964462,41.815297383604026,0.0016590767772872,-1,0.0,False
30.197999999999997,768.231, long,0.16000000000000014,9,5,174.7821484964462,43.44818522081448,0.0025107003748413,-1,0.0,False
30.357999999999997,768.391, time.,0.26000000000000156,9,5,174.7821484964462,45.9875968477589,0.0029172671493144,-1,0.0,False
30.958,768.991, Two,0.17999999999999972,10,5,371.9858577879757,40.07421848051709,0.0015749329468237,-1,0.0,False
31.137999999999998,769.171, weeks,0.16000000000000014,10,5,371.9858577879757,40.342224074952235,0.0014401922235265,-1,0.0,False
31.298,769.331, is,0.14000000000000057,10,5,371.9858577879757,41.476428510237234,0.0016386075876651,-1,0.0,False
31.438,769.471, a,0.11999999999999744,10,5,371.9858577879757,42.75595112909741,0.0017563056899234,-1,0.0,False
31.557999999999996,769.591, long,0.120000000000001,10,5,371.9858577879757,48.58737428167643,0.0029953061603008,-1,0.0,False
31.677999999999997,769.711, time.,0.3000000000000007,10,5,371.9858577879757,40.88030692515024,0.0018396392697467,-1,0.0,False
32.577999999999996,770.611, Yeah.,0.14000000000000057,11,5,371.9858577879757,45.38915901344252,0.0024911495856938,-1,0.0,False
37.97800000000001,776.011, I,0.5599999999999952,12,5,163.76237899141967,49.60379292419196,0.0073123322799831,9,0.9705454545454559,True
38.538000000000004,776.571, like,0.5,12,5,103.76672761986616,39.996009141660664,0.0014102098066359,-1,0.0,False
39.038000000000004,777.071, to,0.0,12,5,104.49679506036895,38.14296152876614,0.0012157043674961,10,0.06117936117936175,True
39.038000000000004,777.071, sit,0.3200000000000003,12,5,104.49679506036895,38.14296152876614,0.0012157043674961,10,0.06117936117936175,False
39.358000000000004,777.3910000000001," down,",0.3399999999999963,12,5,104.49679506036895,39.920146297356,0.0013959497446192,10,0.1004914004914011,False
39.958,777.991, do,0.240000000000002,12,5,104.49679506036895,44.21141735125987,0.0021673324517906,10,0.1742014742014741,False
40.198,778.231," it,",0.14000000000000057,12,5,104.49679506036895,44.466086975650725,0.0025209132581947,10,0.20368550368550384,False
40.398,778.431, but,0.01999999999999602,12,5,104.49679506036895,42.822240089168886,0.0021758142393078,10,0.22825552825552875,False
40.418,778.451, I,0.17999999999999972,12,5,104.49679506036895,44.98841282757866,0.0026220870204266,10,0.2307125307125307,False
40.598,778.631, don't,0.12000000000000455,12,5,104.49679506036895,40.33214808560964,0.0015733791515232,10,0.2528255528255528,False
40.718,778.751, know,0.11999999999999744,12,5,104.49679506036895,39.64387801438966,0.0014216379495337,10,0.2675675675675681,False
40.838,778.871, what,0.29999999999999716,12,5,104.49679506036895,47.94758257675556,0.0035604394506659,10,0.28230958230958253,False
41.138,779.171, to,0.28000000000000114,12,5,104.49679506036895,42.45697592595902,0.0019210067111997,10,0.319164619164619,False
41.418,779.451, do.,0.17999999999999972,12,5,104.49679506036895,45.93677348949966,0.0028919214382766,10,0.35356265356265354,False
41.598,779.631," Yeah,",0.240000000000002,12,5,104.49679506036895,42.90179496305316,0.0020329668186606,10,0.3756756756756756,False
42.118,780.1510000000001, what's,0.8999999999999986,12,5,104.49679506036895,42.29267577125126,0.0013691724743696,10,0.4395577395577399,False
43.018,781.051, the,0.11999999999999744,12,5,230.14258862727488,36.842661934367,0.0011340755736456,10,0.5501228501228502,False
43.138,781.171, topic?,0.3400000000000034,12,5,230.14258862727488,41.25525485148032,0.0016363307368012,10,0.5648648648648646,False
41.598,779.631," Yeah,",0.240000000000002,13,5,104.49679506036895,42.90179496305316,0.0020329668186606,10,0.3756756756756756,False
42.118,780.1510000000001, what's,0.8999999999999986,13,5,104.49679506036895,42.29267577125126,0.0013691724743696,10,0.4395577395577399,False
43.018,781.051, the,0.11999999999999744,13,5,230.14258862727488,36.842661934367,0.0011340755736456,10,0.5501228501228502,False
43.138,781.171, topic?,0.3400000000000034,13,5,230.14258862727488,41.25525485148032,0.0016363307368012,10,0.5648648648648646,False
43.878,781.9110000000001, It's,0.060000000000002274,14,5,230.14258862727488,43.716522046528176,0.0018655748572201,10,0.6557739557739558,False
43.938,781.971, like,0.259999999999998,14,5,230.14258862727488,42.70657537112508,0.0018920527072624,10,0.6631449631449635,False
44.198,782.231, a,0.759999999999998,14,5,230.14258862727488,40.27443526788366,0.0014169727219272,10,0.6950859950859952,False
44.958,782.991, sense,0.17999999999999972,14,5,230.14258862727488,40.417354403384245,0.0016541078221051,10,0.7884520884520883,False
45.138,783.171, of,0.4000000000000057,14,5,230.14258862727488,41.44485763256856,0.0020720723550768,10,0.8105651105651104,False
45.538000000000004,783.571," smell,",1.1999999999999957,14,5,230.14258862727488,40.79585075038075,0.0015455748653036,10,0.8597051597051603,False
46.998,785.0310000000001," effect,",0.240000000000002,14,5,110.243201278192,53.876701831655055,0.0072438400238771,-1,0.0,False
47.398,785.431," people,",0.28000000000000114,14,5,111.19342320878292,39.591918107801774,0.0013136568013579,-1,0.0,False
48.418,786.451, like,0.10000000000000142,14,5,111.19342320878292,41.861658563310066,0.0015204778173943,11,0.2064935064935052,True
48.518,786.551," social,",0.46000000000000085,14,5,111.19342320878292,39.688905466636186,0.001499646808952,11,0.2714285714285711,False
49.338,787.371," psychological,",0.4799999999999969,14,5,111.19342320878292,40.79176590862645,0.0016534047899764,11,0.803896103896104,False
50.278,788.311," physical,",0.46000000000000085,14,5,229.02094260205843,38.14395740107901,0.0012400492560118,-1,0.0,False
51.078,789.111, and,0.0,14,5,229.02094260205843,42.833667466797735,0.0016611650353301,12,0.21404958677686026,True
51.078,789.111, physical.,0.4199999999999946,14,5,229.02094260205843,42.833667466797735,0.0016611650353301,12,0.21404958677686026,False
51.518,789.551, Okay.,0.5,14,5,229.02094260205843,40.14089917746095,0.0014840038493275,12,0.3958677685950415,False
51.518,789.551, Okay.,0.5,15,5,229.02094260205843,40.14089917746095,0.0014840038493275,12,0.3958677685950415,False
53.438,791.471, And,0.03999999999999915,16,5,176.14473084885344,54.76598214243465,0.007414623629303,-1,0.0,False
53.478,791.511, it's,0.4399999999999977,16,5,176.4682199328278,49.65477239867624,0.0043970509432265,-1,0.0,False
53.918,791.951," like,",0.21999999999999886,16,5,186.98161516199417,40.50179800133649,0.0016570875886826,-1,0.0,False
54.518,792.551, I,0.240000000000002,16,5,190.45846864694417,42.88614878210764,0.0018994963029398,13,0.37758620689654876,True
54.758,792.791, don't,0.10000000000000142,16,5,190.45846864694417,46.48454015192495,0.0028755024541167,13,0.584482758620689,False
54.858000000000004,792.8910000000001, know.,0.11999999999999744,16,5,190.45846864694417,44.88738287905936,0.0026604642625895,13,0.6706896551724146,False
55.898,793.931, And,0.11999999999999744,17,5,242.33776431669165,44.55205955838285,0.0024774339981376,14,0.15977011494253188,True
56.018,794.051, I've,0.29999999999999716,17,5,242.33776431669165,42.71520202188199,0.0022887715604158,14,0.22873563218390966,False
56.318,794.351, done,0.14000000000000057,17,5,242.33776431669165,39.128951238224566,0.0014247559010982,14,0.4011494252873561,False
56.458,794.491, a,0.12000000000000455,17,5,242.33776431669165,39.75315958073674,0.0016234088689087,14,0.48160919540229885,False
56.578,794.611, bunch,0.23999999999999488,17,5,242.33776431669165,42.43354898540222,0.0018645158270373,14,0.5505747126436807,False
56.818,794.851, of,0.17999999999999972,17,5,242.33776431669165,43.980734703364675,0.0021220415364951,14,0.6885057471264362,False
56.998,795.0310000000001, Williams,0.28000000000000114,17,5,242.33776431669165,46.92199722900954,0.0031206137500696,14,0.7919540229885049,False
57.278,795.311, and,0.30000000000000426,17,5,242.33776431669165,44.30721085724049,0.0023480062372983,14,0.9528735632183905,False
57.578,795.611, I,0.1599999999999966,17,5,242.33776431669165,44.3665838984647,0.0026494250632815,-1,0.0,False
57.738,795.771, hate,0.30000000000000426,17,5,187.0544223664845,62.43195583901948,0.018571007996797,15,0.1533333333333315,True
58.038000000000004,796.071, reading.,0.27999999999999403,17,5,166.05309280271644,59.33844891970184,0.0131997782737013,15,0.4866666666666701,False
58.578,796.611, Yeah.,0.21999999999999886,18,5,99.40449847634876,55.117281266967794,0.0076198158785712,-1,0.0,False
59.418000000000006,797.451, I've,0.4399999999999977,19,5,194.0445645338767,58.591006286825575,0.0121069401502616,16,0.05474209650582431,True
59.858000000000004,797.8910000000001, served,0.13999999999999346,19,5,214.16602291375295,38.40823566672304,0.0012019363930449,16,0.09134775374376088,False
59.998,798.0310000000001, on,0.28000000000000114,19,5,214.16602291375295,36.6315893602542,0.0011181723093615,16,0.1029950083194675,False
60.278,798.311, a,0.1600000000000037,19,5,201.6298158051177,44.247766957826215,0.004024101421234,16,0.12628951747088188,False
60.438,798.471, reading.,0.14000000000000057,19,5,201.6298158051177,45.92104339047895,0.0029109669849276,16,0.13960066555740466,False
60.958,798.991, Or,0.17999999999999972,20,5,218.71953424205,60.404469664445045,0.0154976351186607,16,0.18286189683860232,False
61.138,799.171," myself,",0.4000000000000057,20,5,275.9926026458047,64.25972439696454,0.0229068547487255,16,0.19783693843594005,False
61.698,799.731," definitely,",0.1600000000000037,20,5,192.48886598022904,62.11293787692157,0.0181370209902514,16,0.24442595673876885,False
61.958,799.991, just,0.060000000000002274,20,5,171.82992825329634,60.81011584590458,0.015305045992136,16,0.2660565723793677,False
62.018,800.051, kind,0.10000000000000142,20,5,164.79274241328494,60.34348774309104,0.0152044910937557,16,0.2710482529118138,False
62.118,800.1510000000001, of,0.10000000000000142,20,5,157.97255947137072,49.017095701469465,0.0034991342108696,16,0.2793677204658904,False
62.218,800.251, given,0.21999999999999886,20,5,164.256485654941,58.592108168673,0.0129169784486285,16,0.2876871880199671,False
62.438,800.471, up.,0.259999999999998,20,5,90.59743937501838,59.62888050573596,0.0134930508211246,16,0.3059900166389354,False
62.938,800.971," Yeah,",0.3399999999999963,21,5,166.46146519466078,58.38338083338768,0.0116396257653836,16,0.3475873544093181,False
63.598,801.631, yeah.,0.240000000000002,21,5,166.30046260425746,54.529950596746744,0.0116335181519339,16,0.4024958402662229,False
64.098,802.131, I,0.0800000000000054,22,5,143.3706396447017,41.305363744326634,0.0019787205383181,16,0.44409317803660564,False
64.178,802.211, think,0.1599999999999966,22,5,168.47350953748494,60.563696457330856,0.0141455624252565,16,0.4507487520798667,False
64.338,802.371, I,0.3400000000000034,22,5,93.90749858570652,59.045963541823106,0.0122886020690202,16,0.4640599001663889,False
64.678,802.711, really,1.6999999999999957,22,5,89.91658306541449,39.280738133618875,0.001354673062451,16,0.4923460898502494,False
66.378,804.4110000000001, did,0.3400000000000034,22,5,159.26736424308362,60.69143436622695,0.014766663312914,16,0.6337770382695508,False
66.718,804.751, readings,0.3200000000000003,22,5,227.30504649472303,51.68476509009368,0.0051210699602975,16,0.6620632279534112,False
67.03800000000001,805.071, when,0.19999999999999574,22,5,159.0033233978561,58.27783501496149,0.011581731028855,16,0.6886855241264568,False
67.238,805.271, I,0.12000000000000455,22,5,158.86004282975708,57.857453264533866,0.0111747169867152,16,0.705324459234609,False
67.358,805.3910000000001, didn't,0.3200000000000003,22,5,146.9584708474256,48.888809633716285,0.0037740215193484,16,0.7153078202995011,False
67.678,805.711, understand,0.5399999999999991,22,5,84.72757693525749,39.09410279795602,0.0013112522428854,16,0.7419301164725455,False
68.218,806.251, it.,0.3399999999999963,22,5,84.43387044218456,57.29359540658545,0.0099020330235362,16,0.7868552412645593,False
68.598,806.631, But,0.14000000000000057,22,5,82.86013261408021,49.368516162419965,0.0046444055624306,16,0.8184692179700498,False
68.738,806.771, if,0.17999999999999972,22,5,153.57578658372873,49.51461733534842,0.0041052103042602,16,0.8301164725457569,False
68.918,806.951, I,0.12000000000000455,22,5,153.57578658372873,47.292627541341645,0.0036867533344777,16,0.8450915141430954,False
69.03800000000001,807.071, thought,0.259999999999998,22,5,153.57578658372873,38.61401578085148,0.0014515697257592,16,0.8550748752079875,False
69.298,807.331, that,0.240000000000002,22,5,93.94194286035884,54.205357361819715,0.0072727608494457,16,0.8767054908485857,False
69.53800000000001,807.571, I,0.29999999999999716,22,5,159.4104106435213,46.474005852987865,0.0031214451883011,16,0.8966722129783702,False
69.838,807.871, really,1.2999999999999972,22,5,82.07760816962141,42.6569482856198,0.0022448736708615,16,0.9216306156405984,False
71.138,809.171, got,0.28000000000000114,22,5,196.86388908242628,61.397651137142525,0.0177136044949307,17,0.04803921568627419,True
71.418,809.451, it,0.14000000000000057,22,5,161.6951053364372,58.95700972837203,0.0116051882505415,17,0.1852941176470596,False
71.55799999999999,809.591," down,",0.29999999999999716,22,5,155.26574923473848,56.682086565820406,0.0091348839923765,17,0.25392156862744536,False
72.47800000000001,810.511, I,0.0,22,5,157.40222260607823,59.77657477214266,0.0140565820038293,17,0.7049019607843177,False
72.47800000000001,810.511, was,0.8799999999999955,22,5,157.40222260607823,59.77657477214266,0.0140565820038293,17,0.7049019607843177,False
73.358,811.3910000000001, also,0.4399999999999977,22,5,210.26724546643877,54.223026621732075,0.011076016351587,-1,0.0,False
73.798,811.831, like,0.30000000000001137,22,5,208.7536196365173,45.14826611386285,0.0024327386636286,-1,0.0,False
74.09800000000001,812.1310000000001, always,0.539999999999992,22,5,177.572927540135,42.36945938232976,0.0018015673849731,-1,0.0,False
74.638,812.671," behind,",0.38000000000000966,22,5,165.79331951956286,60.82948852014914,0.0156948082149029,18,0.03798449612403064,True
75.178,813.211, so,0.060000000000002274,22,5,184.08610612336776,68.78556480507616,0.0371368862688489,18,0.24728682170542304,False
75.238,813.271, never,0.1799999999999926,22,5,177.89488803168905,67.49451877720918,0.033032052218914,18,0.2705426356589123,False
75.418,813.451, really,0.3400000000000034,22,5,195.0499423786511,54.49238176384963,0.0080361198633924,18,0.34031007751938014,False
75.75800000000001,813.791, did,0.21999999999999886,22,5,163.6399881475276,61.07756403954565,0.0155833680182657,18,0.47209302325581565,False
75.97800000000001,814.011, it.,0.14000000000000057,22,5,157.2786749666952,62.84546310211043,0.0194794032722714,18,0.5573643410852727,False
68.598,806.631, But,0.14000000000000057,23,5,82.86013261408021,49.368516162419965,0.0046444055624306,16,0.8184692179700498,False
68.738,806.771, if,0.17999999999999972,23,5,153.57578658372873,49.51461733534842,0.0041052103042602,16,0.8301164725457569,False
68.918,806.951, I,0.12000000000000455,23,5,153.57578658372873,47.292627541341645,0.0036867533344777,16,0.8450915141430954,False
69.03800000000001,807.071, thought,0.259999999999998,23,5,153.57578658372873,38.61401578085148,0.0014515697257592,16,0.8550748752079875,False
69.298,807.331, that,0.240000000000002,23,5,93.94194286035884,54.205357361819715,0.0072727608494457,16,0.8767054908485857,False
69.53800000000001,807.571, I,0.29999999999999716,23,5,159.4104106435213,46.474005852987865,0.0031214451883011,16,0.8966722129783702,False
69.838,807.871, really,1.2999999999999972,23,5,82.07760816962141,42.6569482856198,0.0022448736708615,16,0.9216306156405984,False
71.138,809.171, got,0.28000000000000114,23,5,196.86388908242628,61.397651137142525,0.0177136044949307,17,0.04803921568627419,False
71.418,809.451, it,0.14000000000000057,23,5,161.6951053364372,58.95700972837203,0.0116051882505415,17,0.1852941176470596,False
71.55799999999999,809.591," down,",0.29999999999999716,23,5,155.26574923473848,56.682086565820406,0.0091348839923765,17,0.25392156862744536,False
72.47800000000001,810.511, I,0.0,23,5,157.40222260607823,59.77657477214266,0.0140565820038293,17,0.7049019607843177,False
72.47800000000001,810.511, was,0.8799999999999955,23,5,157.40222260607823,59.77657477214266,0.0140565820038293,17,0.7049019607843177,False
73.358,811.3910000000001, also,0.4399999999999977,23,5,210.26724546643877,54.223026621732075,0.011076016351587,-1,0.0,False
73.798,811.831, like,0.30000000000001137,23,5,208.7536196365173,45.14826611386285,0.0024327386636286,-1,0.0,False
74.09800000000001,812.1310000000001, always,0.539999999999992,23,5,177.572927540135,42.36945938232976,0.0018015673849731,-1,0.0,False
74.638,812.671," behind,",0.38000000000000966,23,5,165.79331951956286,60.82948852014914,0.0156948082149029,18,0.03798449612403064,False
75.178,813.211, so,0.060000000000002274,23,5,184.08610612336776,68.78556480507616,0.0371368862688489,18,0.24728682170542304,False
75.238,813.271, never,0.1799999999999926,23,5,177.89488803168905,67.49451877720918,0.033032052218914,18,0.2705426356589123,False
75.418,813.451, really,0.3400000000000034,23,5,195.0499423786511,54.49238176384963,0.0080361198633924,18,0.34031007751938014,False
75.758,813.791, did,0.21999999999999886,24,5,163.6399881475276,61.07756403954565,0.0155833680182657,18,0.4720930232558101,False
75.978,814.011, it.,0.14000000000000057,24,5,157.2786749666952,62.84546310211043,0.0194794032722714,18,0.5573643410852671,False
76.378,814.4110000000001, But,0.11999999999999034,25,5,149.09957320999354,49.690757808699175,0.0044037643820068,18,0.7124031007751919,False
76.49799999999999,814.531, you,0.20000000000000284,25,5,152.58318446204817,59.077088108475785,0.011970383115114,18,0.7589147286821649,False
76.698,814.731," know,",0.14000000000000057,25,5,147.77658358137006,63.85361119298491,0.0213695671409375,18,0.8364341085271273,False
77.038,815.071, try,0.3400000000000034,25,5,135.09922337525697,61.24063962168985,0.0175180770456778,18,0.9682170542635629,False
77.378,815.4110000000001, to,0.1599999999999966,25,5,77.26550776467285,40.11374703022843,0.0015430194325744,-1,0.0,False
77.538,815.571, do,0.11999999999999034,25,5,77.26550776467285,41.54482597572524,0.0017756058368829,-1,0.0,False
77.65799999999999,815.691, them,0.14000000000000057,25,5,77.26550776467285,41.938455471341456,0.0017280989559365,-1,0.0,False
77.79799999999999,815.831, if,0.14000000000000057,25,5,77.26550776467285,44.10111339811653,0.0022545978426931,-1,0.0,False
77.93799999999999,815.971, you,0.10000000000000853,25,5,77.26550776467285,45.39747964076074,0.0026723311748358,-1,0.0,False
78.038,816.071, can.,0.37999999999999545,25,5,77.26550776467285,44.57508145370068,0.0024675447493794,-1,0.0,False
79.878,817.9110000000001, But,0.4399999999999977,26,5,115.62354672710782,52.493862975363186,0.0064296098425985,19,0.057719298245614115,True
80.318,818.351, so,0.21999999999999886,26,5,267.2579638239435,50.662769070247734,0.0092697516083717,19,0.09631578947368408,False
80.538,818.571, it's,0.1799999999999926,26,5,295.25267143629446,60.78145662703671,0.015150593593713,19,0.11561403508771904,False
80.71799999999999,818.751, just,0.14000000000000057,26,5,192.36236418579003,57.92747644558005,0.0148420752957527,19,0.1314035087719289,False
80.85799999999999,818.891, an,0.20000000000000284,26,5,186.51089149913724,51.65119156346776,0.0076372479088647,19,0.14368421052631494,False
81.05799999999999,819.091, essay.,0.23999999999999488,26,5,175.9488211093805,61.658884442232214,0.016896719112992,19,0.16122807017543797,False
81.478,819.511, It's,0.0799999999999983,26,5,199.2699132034965,45.33632288613451,0.0068453061394329,19,0.198070175438596,False
81.55799999999999,819.591, not,0.12000000000000455,26,5,177.54410552357035,61.13513307704959,0.0161310080438855,19,0.20508771929824499,False
81.678,819.711, like,0.20000000000000284,26,5,165.4233755023912,57.60991320732587,0.0104628521949061,19,0.21561403508771906,False
81.878,819.9110000000001, a,0.14000000000000057,26,5,171.37173440222816,50.22128678801496,0.004703563172371,19,0.2331578947368421,False
82.018,820.051, report.,0.4399999999999977,26,5,201.2955958161296,38.98355264904995,0.0012283894466237,19,0.2454385964912281,False
81.478,819.511, It's,0.0799999999999983,27,5,199.2699132034965,45.33632288613451,0.0068453061394329,19,0.198070175438596,False
81.55799999999999,819.591, not,0.12000000000000455,27,5,177.54410552357035,61.13513307704959,0.0161310080438855,19,0.20508771929824499,False
81.678,819.711, like,0.20000000000000284,27,5,165.4233755023912,57.60991320732587,0.0104628521949061,19,0.21561403508771906,False
81.878,819.9110000000001, a,0.14000000000000057,27,5,171.37173440222816,50.22128678801496,0.004703563172371,19,0.2331578947368421,False
82.018,820.051, report.,0.4399999999999977,27,5,201.2955958161296,38.98355264904995,0.0012283894466237,19,0.2454385964912281,False
84.55799999999999,822.591, Okay.,0.4399999999999977,28,5,167.970385061439,62.103610589920855,0.0181120187044134,19,0.46824561403508697,False
84.99799999999999,823.031, But,0.46000000000000796,28,5,168.04263459813268,60.76076600094096,0.015739424154163,19,0.5068421052631569,False
85.458,823.491, that's,0.37999999999999545,28,5,171.54731808005582,60.41096705580111,0.0148434750735759,19,0.54719298245614,False
85.838,823.871, an,0.09999999999999432,28,5,169.78406262473445,59.26790922664842,0.0129516581073403,19,0.580526315789473,False
85.93799999999999,823.971, interesting,0.4000000000000057,28,5,172.40601716632793,60.51071354417053,0.0148811917752026,19,0.5892982456140339,False
86.338,824.371, one,0.29999999999999716,28,5,199.23738290048735,40.27693746463254,0.0014935772633179,19,0.6243859649122799,False
86.63799999999999,824.671, because,0.29999999999999716,28,5,161.82787528223653,40.53211400227539,0.0013871086994186,19,0.6507017543859639,False
86.93799999999999,824.971, you,0.6800000000000068,28,5,156.55624706149382,59.43343484477941,0.0127788083627827,19,0.6770175438596479,False
87.618,825.6510000000001," know,",0.09999999999999432,28,5,98.0893479666762,39.31170447287797,0.0011004456318915,19,0.7366666666666659,False
87.79799999999999,825.831, like,0.14000000000000057,28,5,98.0893479666762,55.345605811540125,0.0083891190588456,19,0.7524561403508758,False
87.93799999999999,825.971, when,0.20000000000000284,28,5,94.69740662404708,42.71166312393464,0.002186356345191,19,0.7647368421052618,False
88.13799999999999,826.171, you,0.14000000000000057,28,5,93.1063533278178,57.2277989304865,0.0106342900544416,19,0.7822807017543849,False
88.27799999999999,826.311, smell,0.28000000000000114,28,5,84.2585839887194,43.18798222652955,0.004131196998057,19,0.7945614035087709,False
88.55799999999999,826.591, something,0.46000000000000796,28,5,86.35812381157501,57.25425239441683,0.0108293779194332,19,0.8191228070175429,False
89.018,827.051, and,0.8599999999999994,28,5,155.30514498272746,58.63943313111726,0.012419664300978,19,0.8594736842105261,False
89.878,827.9110000000001, it,0.21999999999999886,28,5,155.50386573996985,58.53222432564593,0.0113798324018731,19,0.934912280701754,False
90.098,828.131, triggers,0.29999999999999716,28,5,160.56705513999418,56.17793999398069,0.009242876432836,19,0.954210526315789,False
90.398,828.431, your,0.20000000000000284,28,5,160.00946064206607,40.7994189948667,0.0016109149437399,19,0.9805263157894729,False
90.598,828.631, memory,0.37999999999999545,28,5,160.00946064206607,39.47028121461868,0.0014218018623068,19,0.998070175438596,False
90.978,829.011, and,1.1799999999999926,28,5,160.00946064206607,39.673811575773456,0.0014416940975934,-1,0.0,False
92.15799999999999,830.191, then,0.1600000000000108,28,5,160.00946064206607,43.78205510452138,0.0019390736706556,20,0.3357142857142802,True
92.318,830.351, you,0.21999999999999886,28,5,101.18324111064958,40.515964254576595,0.0015399323310703,20,0.4173469387755105,False
92.538,830.571," get,",0.1799999999999926,28,5,101.18324111064958,42.64209828252757,0.0017506362637506,20,0.5295918367346939,False
92.978,831.011, you,0.4000000000000057,28,5,101.18324111064958,40.75224489741613,0.0015534420963375,20,0.7540816326530608,False
93.378,831.4110000000001, try,0.0799999999999983,28,5,101.18324111064958,44.97140746825987,0.0025047499220819,20,0.9581632653061257,False
93.458,831.491, to,0.09999999999999432,28,5,101.18324111064958,44.09164184871297,0.0023828300181776,20,0.9989795918367372,False
93.55799999999999,831.591, feel,0.18000000000000682,28,5,101.18324111064958,42.329106856736466,0.0017159169074148,-1,0.0,False
93.738,831.771, happy,0.3399999999999892,28,5,101.18324111064958,41.587415280124176,0.0017399095231667,-1,0.0,False
94.07799999999999,832.111, about,0.2600000000000051,28,5,101.18324111064958,40.14107998222413,0.0016193359624592,-1,0.0,False
94.338,832.371, it,0.20000000000000284,28,5,101.18324111064958,48.584665602665154,0.0044537419453248,-1,0.0,False
94.538,832.571, or,0.11999999999999034,28,5,90.36758177388938,49.600246487218406,0.0051792049780478,-1,0.0,False
94.65799999999999,832.691, sad,0.2400000000000091,28,5,88.94763101071105,41.180275913521946,0.0017168655758721,-1,0.0,False
94.898,832.931, about,0.28000000000000114,28,5,88.94763101071105,41.91811815118615,0.0019419575110077,-1,0.0,False
95.178,833.211, it.,0.7800000000000011,28,5,217.99017405882935,38.92657778000431,0.0013518469640987,-1,0.0,False
84.99799999999999,823.031, But,0.46000000000000796,29,5,168.04263459813268,60.76076600094096,0.015739424154163,19,0.5068421052631569,False
85.458,823.491, that's,0.37999999999999545,29,5,171.54731808005582,60.41096705580111,0.0148434750735759,19,0.54719298245614,False
85.838,823.871, an,0.09999999999999432,29,5,169.78406262473445,59.26790922664842,0.0129516581073403,19,0.580526315789473,False
85.93799999999999,823.971, interesting,0.4000000000000057,29,5,172.40601716632793,60.51071354417053,0.0148811917752026,19,0.5892982456140339,False
86.338,824.371, one,0.29999999999999716,29,5,199.23738290048735,40.27693746463254,0.0014935772633179,19,0.6243859649122799,False
86.63799999999999,824.671, because,0.29999999999999716,29,5,161.82787528223653,40.53211400227539,0.0013871086994186,19,0.6507017543859639,False
86.93799999999999,824.971, you,0.6800000000000068,29,5,156.55624706149382,59.43343484477941,0.0127788083627827,19,0.6770175438596479,False
87.618,825.6510000000001," know,",0.09999999999999432,29,5,98.0893479666762,39.31170447287797,0.0011004456318915,19,0.7366666666666659,False
87.79799999999999,825.831, like,0.14000000000000057,29,5,98.0893479666762,55.345605811540125,0.0083891190588456,19,0.7524561403508758,False
87.93799999999999,825.971, when,0.20000000000000284,29,5,94.69740662404708,42.71166312393464,0.002186356345191,19,0.7647368421052618,False
88.13799999999999,826.171, you,0.14000000000000057,29,5,93.1063533278178,57.2277989304865,0.0106342900544416,19,0.7822807017543849,False
88.27799999999999,826.311, smell,0.28000000000000114,29,5,84.2585839887194,43.18798222652955,0.004131196998057,19,0.7945614035087709,False
88.55799999999999,826.591, something,0.46000000000000796,29,5,86.35812381157501,57.25425239441683,0.0108293779194332,19,0.8191228070175429,False
89.018,827.051, and,0.8599999999999994,29,5,155.30514498272746,58.63943313111726,0.012419664300978,19,0.8594736842105261,False
89.878,827.9110000000001, it,0.21999999999999886,29,5,155.50386573996985,58.53222432564593,0.0113798324018731,19,0.934912280701754,False
90.098,828.131, triggers,0.29999999999999716,29,5,160.56705513999418,56.17793999398069,0.009242876432836,19,0.954210526315789,False
90.398,828.431, your,0.20000000000000284,30,5,160.00946064206607,40.7994189948667,0.0016109149437399,19,0.9805263157894729,False
90.598,828.631, memory,0.37999999999999545,30,5,160.00946064206607,39.47028121461868,0.0014218018623068,19,0.998070175438596,False
90.978,829.011, and,1.1799999999999926,30,5,160.00946064206607,39.673811575773456,0.0014416940975934,-1,0.0,False
92.15799999999999,830.191, then,0.1600000000000108,30,5,160.00946064206607,43.78205510452138,0.0019390736706556,20,0.3357142857142802,False
92.318,830.351, you,0.21999999999999886,30,5,101.18324111064958,40.515964254576595,0.0015399323310703,20,0.4173469387755105,False
92.538,830.571," get,",0.1799999999999926,30,5,101.18324111064958,42.64209828252757,0.0017506362637506,20,0.5295918367346939,False
92.978,831.011, you,0.4000000000000057,30,5,101.18324111064958,40.75224489741613,0.0015534420963375,20,0.7540816326530608,False
93.378,831.4110000000001, try,0.0799999999999983,30,5,101.18324111064958,44.97140746825987,0.0025047499220819,20,0.9581632653061257,False
93.458,831.491, to,0.09999999999999432,30,5,101.18324111064958,44.09164184871297,0.0023828300181776,20,0.9989795918367372,False
93.55799999999999,831.591, feel,0.18000000000000682,30,5,101.18324111064958,42.329106856736466,0.0017159169074148,-1,0.0,False
93.738,831.771, happy,0.3399999999999892,30,5,101.18324111064958,41.587415280124176,0.0017399095231667,-1,0.0,False
94.07799999999999,832.111, about,0.2600000000000051,30,5,101.18324111064958,40.14107998222413,0.0016193359624592,-1,0.0,False
94.338,832.371, it,0.20000000000000284,30,5,101.18324111064958,48.584665602665154,0.0044537419453248,-1,0.0,False
94.538,832.571, or,0.11999999999999034,30,5,90.36758177388938,49.600246487218406,0.0051792049780478,-1,0.0,False
94.65799999999999,832.691, sad,0.2400000000000091,30,5,88.94763101071105,41.180275913521946,0.0017168655758721,-1,0.0,False
94.898,832.931, about,0.28000000000000114,30,5,88.94763101071105,41.91811815118615,0.0019419575110077,-1,0.0,False
95.178,833.211, it.,0.7800000000000011,30,5,217.99017405882935,38.92657778000431,0.0013518469640987,-1,0.0,False
96.838,834.871, That's,0.4399999999999977,31,5,95.1459865376993,41.30690334078465,0.0014559195842596,21,0.5719512195121877,True
97.27799999999999,835.311, what,0.0799999999999983,31,5,95.1459865376993,41.430897718335466,0.001982663059607,21,0.8402439024390155,False
97.35799999999999,835.391, I,0.2600000000000051,31,5,95.1459865376993,42.056083526596105,0.0017219139263032,21,0.8890243902438925,False
97.618,835.6510000000001, was,0.14000000000000057,31,5,95.1459865376993,45.1098786730782,0.0029711248353124,-1,0.0,False
97.758,835.791, like,0.5600000000000023,31,5,95.1459865376993,43.57420387908061,0.0018344471463935,-1,0.0,False
98.318,836.351, reading.,0.47999999999998977,31,5,95.1459865376993,38.32049370884067,0.0013800520682707,-1,0.0,False
100.418,838.451, Yeah.,0.4399999999999977,32,5,88.66578450048893,40.497728273096406,0.0014794785529373,22,0.5922155688622774,True
101.238,839.271, I,0.21999999999999886,33,5,84.82090231189169,48.31038782904787,0.003481273073703,22,0.8377245508982033,False
101.458,839.491, was,0.19999999999998863,33,5,84.82090231189169,46.10838223748357,0.0031937796156853,22,0.9035928143712567,False
101.65799999999999,839.691," like,",0.0,33,5,84.82090231189169,40.38351966213082,0.0016495618037881,22,0.9634730538922114,False
101.65799999999999,839.691, I'm,0.480000000000004,33,5,84.82090231189169,40.38351966213082,0.0016495618037881,22,0.9634730538922114,False
102.13799999999999,840.171, just,0.0799999999999983,33,5,206.43301453442584,42.81282199664726,0.0020614329259846,-1,0.0,False
102.21799999999999,840.251, gonna,0.0799999999999983,33,5,206.43301453442584,41.10337283043008,0.0014004525728524,-1,0.0,False
102.29799999999999,840.331, do,0.14000000000000057,33,5,206.43301453442584,43.21980600634317,0.0020396250765768,-1,0.0,False
102.43799999999999,840.471, a,0.0800000000000125,33,5,206.43301453442584,43.20841875313185,0.002058181678876,-1,0.0,False
102.518,840.551, good,0.0799999999999983,33,5,206.43301453442584,39.33586210546736,0.0013243220746516,-1,0.0,False
102.598,840.631, reading.,0.28000000000000114,33,5,206.43301453442584,42.31097764180555,0.0018512711394578,-1,0.0,False
103.778,841.811, I'm,0.29999999999999716,34,5,121.869249918136,40.38322945438439,0.0013021088670941,23,0.02100396301188983,True
104.078,842.111, gonna,0.04000000000000625,34,5,142.8626764897376,47.87784731481963,0.0031891586259007,23,0.04081902245706798,False
104.11800000000001,842.1510000000001, say,0.09999999999999432,34,5,99.30004269825491,53.68607791494017,0.0070324628613867,23,0.04346103038309217,False
104.218,842.251, I,0.10000000000000853,34,5,192.26775758644655,57.60195184836546,0.0104707777500168,23,0.05006605019815124,False
104.31800000000001,842.351, get,0.11999999999999034,34,5,78.44847619375874,52.19586819443292,0.0058913812972605,23,0.05667107001321125,False
104.438,842.471, the,0.12000000000000455,34,5,97.40105863050304,58.773740062644315,0.012102818116545,23,0.06459709379128194,False
104.558,842.591, reading,0.18000000000000682,34,5,92.44796111052054,59.629220204502545,0.013617593795061,23,0.07252311756935358,False
104.73800000000001,842.7710000000001, is,0.21999999999999886,34,5,165.13820587308504,62.21963306621512,0.0184502210468053,23,0.08441215323646102,False
104.95800000000001,842.991, done,0.19999999999998863,34,5,156.8475169138451,38.405737065591865,0.0013532583834603,23,0.09894319682959173,False
105.158,843.191, the,0.6800000000000068,34,5,158.42259480223996,45.38987049523899,0.003055257489905,23,0.11215323645970987,False
105.83800000000001,843.871, next,0.18000000000000682,34,5,164.67121579155568,59.57594206739487,0.0124380402266958,23,0.15706737120211456,False
106.01800000000001,844.051, two,0.1799999999999926,34,5,153.08788295077983,55.37495598260507,0.0086398795247085,23,0.168956406869222,False
106.19800000000001,844.231, days,0.2600000000000051,34,5,151.34132978580706,49.5433469901475,0.0040716100484134,23,0.1808454425363285,False
106.45800000000001,844.491, and,0.21999999999999886,34,5,151.34132978580706,40.86201928238397,0.0013622603146359,23,0.1980184940554834,False
106.67800000000001,844.711, then,0.09999999999999432,34,5,163.75074141539204,38.10655157937124,0.0011354859452696,23,0.21254953764861412,False
106.778,844.811, I'll,0.1599999999999966,34,5,163.75074141539204,40.591629436788715,0.0013337412383406,23,0.21915455746367318,False
106.938,844.971, start.,0.18000000000000682,34,5,164.78206751375694,60.42235884377475,0.0142338937148454,23,0.22972258916776805,False
108.018,846.051, Yeah.,0.4399999999999977,35,5,81.77416467047487,50.29917230676813,0.0099598737433462,23,0.30105680317040995,False
108.798,846.831, Yeah.,0.14000000000000057,36,5,143.70464221210224,53.35688962729165,0.0066774263977999,23,0.3525759577278737,False
109.138,847.171, That's,0.3200000000000074,36,5,173.73164612602233,41.52088898670766,0.0024917814880681,23,0.37503302509907605,False
109.45800000000001,847.491, actually,0.28000000000000114,36,5,201.59775220210076,60.94322488245335,0.0158083718270063,23,0.39616908850726673,False
109.73800000000001,847.7710000000001, a,0.19999999999998863,36,5,229.9940046112189,62.37986973554184,0.0183466952294111,23,0.41466314398943327,False
109.938,847.971, good,0.20000000000000284,36,5,183.9785632734378,60.54752161669831,0.015185953117905,23,0.4278731836195514,False
110.138,848.171, tactic,0.6400000000000006,36,5,217.00212498184945,39.62657396971303,0.0015469710342584,23,0.4410832232496705,False
110.778,848.811, because,0.46000000000000796,36,5,219.62993218489544,61.52536390323137,0.0170969609171139,23,0.48335535006605096,False
111.23800000000001,849.2710000000001, I,1.059999999999988,36,5,175.3917253985519,57.898957172953445,0.0108535280451178,23,0.513738441215325,False
112.298,850.331, did.,0.28000000000000114,36,5,161.02925241041595,50.66696310543755,0.0054055517539391,23,0.5837516512549543,False
112.578,850.611, I,0.8800000000000097,36,5,157.59714302183818,57.73922627810789,0.0104299215599906,23,0.6022457067371207,False
113.45800000000001,851.491, would,0.1799999999999926,36,5,169.18845693794057,52.413861709588595,0.0062208091840147,23,0.6603698811096446,False
113.638,851.671, do,0.3200000000000074,36,5,168.17278139336645,55.41079874764296,0.0096614304930016,23,0.6722589167767511,False
113.95800000000001,851.991, it,0.1599999999999966,36,5,177.56705946505522,50.46315352807287,0.0047322316095232,23,0.6933949801849417,False
114.11800000000001,852.1510000000001, simultaneously,0.6400000000000006,36,5,169.93865562634016,63.11474319772152,0.0195596758276217,23,0.7039630118890366,False
114.75800000000001,852.791, and,0.5999999999999943,36,5,160.3808336809053,40.556070390921306,0.0016217654338115,23,0.7462351387054171,False
115.358,853.3910000000001, the,0.28000000000000114,36,5,154.64503356249753,41.53112390441192,0.0015680892392993,23,0.7858652575957734,False
115.638,853.671, times,0.2600000000000051,36,5,170.166768632176,44.91333416147919,0.0023288482334468,23,0.80435931307794,False
115.89800000000001,853.931, I,0.1599999999999966,36,5,174.03720163617697,63.3241247526053,0.0204511433839768,23,0.8215323645970949,False
116.058,854.091, would,0.12000000000000455,36,5,200.12285802948895,44.57902219728514,0.0025613994803275,23,0.8321003963011897,False
116.17800000000001,854.211, do,0.1599999999999966,36,5,146.68579588784962,53.032907406996685,0.0073808524757653,23,0.8400264200792614,False
116.33800000000001,854.371, it,0.12000000000000455,36,5,157.17737105100164,60.45964284124122,0.014399095438422,23,0.8505944517833562,False
116.45800000000001,854.491, simultaneously,0.6400000000000006,36,5,170.71121893375098,48.530333904119175,0.003712025238201,23,0.8585204755614279,False
117.09800000000001,855.1310000000001, was,0.519999999999996,36,5,170.44850512915764,43.81935624928404,0.0017893072217702,23,0.9007926023778083,False
117.61800000000001,855.6510000000001, my,0.2600000000000051,36,5,154.43708939145975,57.83388451332719,0.0107066426426174,23,0.9351387054161172,False
117.87800000000001,855.9110000000001, worst,0.5599999999999881,36,5,160.28266463712583,58.176052698021095,0.0116586992517113,23,0.9523117569352721,False
118.438,856.471, and,0.2600000000000051,36,5,190.33610157629212,61.24082414262444,0.0163906086236235,23,0.9892998678996042,False
118.69800000000001,856.731, it,0.12000000000000455,36,5,208.76684368852196,39.826889813878815,0.0014829124556853,-1,0.0,False
118.81800000000001,856.851, took,0.14000000000000057,36,5,208.76684368852196,39.96355552837582,0.0014114452060312,-1,0.0,False
118.95800000000001,856.991, me,0.21999999999999886,36,5,208.76684368852196,40.58697993458976,0.0014406059635803,24,0.0032967032967060193,True
119.17800000000001,857.211, so,0.28000000000000114,36,5,174.7192732073995,38.71292556762694,0.001326639787294,24,0.043589743589746044,False
119.45800000000001,857.491, long,0.3999999999999915,36,5,171.15537462475257,58.849849787181206,0.0123628387227654,24,0.09487179487179746,False
119.858,857.8910000000001, because,0.35999999999999943,36,5,161.11205604981697,45.939087441993955,0.003256615949796,24,0.16813186813186906,False
120.218,858.251, I,0.9399999999999977,36,5,157.81604101585316,55.573158193492674,0.0096400193870041,24,0.2340659340659348,False
121.158,859.191, would,0.12000000000000455,36,5,144.3185934925772,54.89642901745464,0.0086709950119249,24,0.4062271062271063,False
121.278,859.311, forget,0.37999999999999545,36,5,174.62560778793448,60.23552212493219,0.0141012798994785,24,0.42820512820512907,False
121.658,859.691, where,0.2600000000000051,36,5,159.8605116183048,38.11846548022241,0.0012399256229399,24,0.4978021978021977,False
121.918,859.951, I,0.14000000000000057,36,5,161.9429918523757,58.33888361242656,0.0116816293448203,24,0.5454212454212463,False
122.058,860.091, got,0.20000000000000284,36,5,157.46821516941017,61.487521708073295,0.0157705545425429,24,0.5710622710622719,False
122.25800000000001,860.291, a,0.28000000000000114,36,5,172.97759329706813,42.79733470507655,0.0029058435466119,24,0.607692307692309,False
122.53800000000001,860.571, certain,0.28000000000000114,36,5,142.36007336540865,42.50649599242136,0.001780700753443,24,0.6589743589743604,False
122.81800000000001,860.851, information,0.519999999999996,36,5,87.55265437483209,51.78362712217972,0.0055981106124818,24,0.7102564102564118,False
123.33800000000001,861.371, from.,0.5999999999999943,36,5,93.35843039813793,52.83781617983309,0.006216234061868,24,0.8054945054945062,False
109.138,847.171, That's,0.3200000000000074,38,5,173.73164612602233,41.52088898670766,0.0024917814880681,23,0.37503302509907605,False
109.45800000000001,847.491, actually,0.28000000000000114,38,5,201.59775220210076,60.94322488245335,0.0158083718270063,23,0.39616908850726673,False
109.73800000000001,847.7710000000001, a,0.19999999999998863,38,5,229.9940046112189,62.37986973554184,0.0183466952294111,23,0.41466314398943327,False
109.938,847.971, good,0.20000000000000284,38,5,183.9785632734378,60.54752161669831,0.015185953117905,23,0.4278731836195514,False
110.138,848.171, tactic,0.6400000000000006,38,5,217.00212498184945,39.62657396971303,0.0015469710342584,23,0.4410832232496705,False
110.778,848.811, because,0.46000000000000796,38,5,219.62993218489544,61.52536390323137,0.0170969609171139,23,0.48335535006605096,False
111.23800000000001,849.2710000000001, I,1.059999999999988,38,5,175.3917253985519,57.898957172953445,0.0108535280451178,23,0.513738441215325,False
112.298,850.331, did.,0.28000000000000114,38,5,161.02925241041595,50.66696310543755,0.0054055517539391,23,0.5837516512549543,False
112.578,850.611, I,0.8800000000000097,39,5,157.59714302183818,57.73922627810789,0.0104299215599906,23,0.6022457067371207,False
113.45800000000001,851.491, would,0.1799999999999926,39,5,169.18845693794057,52.413861709588595,0.0062208091840147,23,0.6603698811096446,False
113.638,851.671, do,0.3200000000000074,39,5,168.17278139336645,55.41079874764296,0.0096614304930016,23,0.6722589167767511,False
113.95800000000001,851.991, it,0.1599999999999966,39,5,177.56705946505522,50.46315352807287,0.0047322316095232,23,0.6933949801849417,False
114.11800000000001,852.1510000000001, simultaneously,0.6400000000000006,39,5,169.93865562634016,63.11474319772152,0.0195596758276217,23,0.7039630118890366,False
114.75800000000001,852.791, and,0.5999999999999943,39,5,160.3808336809053,40.556070390921306,0.0016217654338115,23,0.7462351387054171,False
115.358,853.3910000000001, the,0.28000000000000114,39,5,154.64503356249753,41.53112390441192,0.0015680892392993,23,0.7858652575957734,False
115.638,853.671, times,0.2600000000000051,39,5,170.166768632176,44.91333416147919,0.0023288482334468,23,0.80435931307794,False
115.89800000000001,853.931, I,0.1599999999999966,39,5,174.03720163617697,63.3241247526053,0.0204511433839768,23,0.8215323645970949,False
116.058,854.091, would,0.12000000000000455,39,5,200.12285802948895,44.57902219728514,0.0025613994803275,23,0.8321003963011897,False
116.17800000000001,854.211, do,0.1599999999999966,39,5,146.68579588784962,53.032907406996685,0.0073808524757653,23,0.8400264200792614,False
116.33800000000001,854.371, it,0.12000000000000455,39,5,157.17737105100164,60.45964284124122,0.014399095438422,23,0.8505944517833562,False
116.45800000000001,854.491, simultaneously,0.6400000000000006,39,5,170.71121893375098,48.530333904119175,0.003712025238201,23,0.8585204755614279,False
117.09800000000001,855.1310000000001, was,0.519999999999996,39,5,170.44850512915764,43.81935624928404,0.0017893072217702,23,0.9007926023778083,False
117.61800000000001,855.6510000000001, my,0.2600000000000051,39,5,154.43708939145975,57.83388451332719,0.0107066426426174,23,0.9351387054161172,False
117.87800000000001,855.9110000000001, worst,0.5599999999999881,39,5,160.28266463712583,58.176052698021095,0.0116586992517113,23,0.9523117569352721,False
118.438,856.471, and,0.2600000000000051,39,5,190.33610157629212,61.24082414262444,0.0163906086236235,23,0.9892998678996042,False
118.698,856.731, it,0.12000000000000455,40,5,208.76684368852196,39.826889813878815,0.0014829124556853,-1,0.0,False
118.818,856.851, took,0.14000000000000057,40,5,208.76684368852196,39.96355552837582,0.0014114452060312,-1,0.0,False
118.958,856.991, me,0.21999999999999886,40,5,208.76684368852196,40.58697993458976,0.0014406059635803,24,0.003296703296703417,False
119.178,857.211, so,0.28000000000000114,40,5,174.7192732073995,38.71292556762694,0.001326639787294,24,0.04358974358974344,False
119.458,857.491, long,0.3999999999999915,40,5,171.15537462475257,58.849849787181206,0.0123628387227654,24,0.09487179487179485,False
119.85799999999999,857.891, because,0.35999999999999943,40,5,161.11205604981697,45.939087441993955,0.003256615949796,24,0.16813186813186645,False
120.21799999999999,858.251, I,0.9399999999999977,40,5,157.81604101585316,55.573158193492674,0.0096400193870041,24,0.23406593406593218,False
121.15799999999999,859.191, would,0.12000000000000455,40,5,144.3185934925772,54.89642901745464,0.0086709950119249,24,0.4062271062271037,False
121.27799999999999,859.311, forget,0.37999999999999545,40,5,174.62560778793448,60.23552212493219,0.0141012798994785,24,0.42820512820512646,False
121.65799999999999,859.691, where,0.2600000000000051,40,5,159.8605116183048,38.11846548022241,0.0012399256229399,24,0.49780219780219515,False
121.91799999999999,859.951, I,0.14000000000000057,40,5,161.9429918523757,58.33888361242656,0.0116816293448203,24,0.5454212454212436,False
122.05799999999999,860.091, got,0.20000000000000284,40,5,157.46821516941017,61.487521708073295,0.0157705545425429,24,0.5710622710622694,False
122.258,860.291, a,0.28000000000000114,40,5,172.97759329706813,42.79733470507655,0.0029058435466119,24,0.6076923076923064,False
122.538,860.571, certain,0.28000000000000114,40,5,142.36007336540865,42.50649599242136,0.001780700753443,24,0.6589743589743579,False
122.818,860.851, information,0.519999999999996,40,5,87.55265437483209,51.78362712217972,0.0055981106124818,24,0.7102564102564093,False
123.338,861.371, from.,0.5999999999999943,40,5,93.35843039813793,52.83781617983309,0.006216234061868,24,0.8054945054945036,False
124.278,862.311, But,0.4000000000000057,41,5,87.06682358644022,51.901361248681305,0.005531857721508,24,0.9776556776556777,False
124.67800000000001,862.711, if,0.2599999999999909,41,5,87.95422306934651,40.89325540264919,0.0013328297063707,-1,0.0,False
124.938,862.971, you,0.20000000000000284,41,5,87.95422306934651,40.566591471422385,0.0014568084152414,-1,0.0,False
125.138,863.171, did,0.18000000000000682,41,5,182.158256514409,40.59609606080955,0.0014144264860079,-1,0.0,False
125.31800000000001,863.351, the,0.1799999999999926,41,5,182.158256514409,38.84690527164586,0.0011422460665926,-1,0.0,False
125.498,863.5310000000001, readings,0.29999999999999716,41,5,182.158256514409,41.754074939710776,0.0017889724113045,-1,0.0,False
125.798,863.831, and,0.28000000000000114,41,5,175.90249772529495,55.630054988292535,0.0082981800660483,25,0.2203703703703703,True
126.078,864.111, took,0.18000000000000682,41,5,97.29065560069972,50.36893676592596,0.0045719696208826,25,0.479629629629631,False
126.25800000000001,864.291, notes,0.37999999999999545,41,5,114.3978393727244,43.55982248511863,0.0021431110799316,25,0.6462962962963043,False
126.638,864.671, on,0.6000000000000085,41,5,170.69018455574792,55.127035210567485,0.0085100745782276,25,0.9981481481481524,False
127.23800000000001,865.2710000000001, where,0.19999999999998863,41,5,163.04671064550945,40.49852342980443,0.0015083116013556,-1,0.0,False
127.438,865.471, it,0.1600000000000108,41,5,173.5220853337928,39.16908580395064,0.0014540189877153,-1,0.0,False
127.59800000000001,865.6310000000001, came,0.11999999999999034,41,5,173.5220853337928,40.649058491185826,0.0014259525341913,-1,0.0,False
127.718,865.751," from,",0.46000000000000796,41,5,173.5220853337928,41.65453648383389,0.0015918613644318,-1,0.0,False
128.298,866.331, then,0.22000000000001307,41,5,101.30167681960808,42.43068219559244,0.0020306056831046,-1,0.0,False
128.51800000000003,866.551, you,0.1599999999999966,41,5,101.30167681960808,39.84153516012834,0.0012628770200541,-1,0.0,False
128.678,866.711, can,0.14000000000000057,41,5,167.98829810180095,40.14819304159824,0.0013732414226979,-1,0.0,False
128.818,866.851, backtrace,0.6199999999999903,41,5,167.98829810180095,39.18198976541251,0.0011387359118089,-1,0.0,False
129.438,867.471, it.,0.30000000000001137,41,5,181.1478549368359,45.581340524464665,0.0028571086004376,26,0.05264550264550212,True
129.438,867.471, it.,0.30000000000001137,42,5,181.1478549368359,45.581340524464665,0.0028571086004376,26,0.05264550264550212,False
130.898,868.931, But,0.3199999999999932,43,5,112.96949853978978,41.61938488639642,0.0023783545475457,26,0.24576719576719624,False
131.218,869.251, you've,0.4000000000000057,43,5,164.5309871242465,40.31417172302654,0.0018405453301966,26,0.2880952380952376,False
131.618,869.6510000000001, got,0.12000000000000455,43,5,174.93131567243188,40.05612937584903,0.0015016719698903,26,0.3410052910052913,False
131.738,869.771, this.,0.23999999999999488,43,5,174.93131567243188,41.74121888491679,0.0018395732622585,26,0.35687830687830774,False
133.318,871.351, Yeah.,0.14000000000000057,44,5,185.7552400594037,46.26071352367039,0.0048297406174242,26,0.5658730158730183,False
134.378,872.4110000000001, So,0.5600000000000023,45,5,155.25290044929065,43.91579963817756,0.0023111687041819,26,0.7060846560846551,False
134.938,872.971, how,0.4200000000000159,45,5,179.88234214593456,56.584790194606555,0.0097828954458236,26,0.7801587301587294,False
135.358,873.3910000000001, are,0.13999999999998636,45,5,126.23494956231372,45.87391255245553,0.002724865451456,26,0.8357142857142871,False
135.498,873.531, you,0.0800000000000125,45,5,180.228345682506,57.349809914353216,0.0104909371584653,26,0.8542328042328038,False
135.578,873.611, finding,0.3599999999999852,45,5,181.05962159157033,54.7386651486348,0.0079631740227333,26,0.864814814814816,False
135.938,873.971, like,0.5,45,5,175.3414285198842,55.1712627207762,0.00821821577847,26,0.9124338624338616,False
136.438,874.471, social,1.0600000000000023,45,5,82.14680020772299,47.39048754568557,0.0034571092110127,26,0.9785714285714278,False
137.498,875.531, wise,0.8000000000000114,45,5,82.47804266004216,42.570332930960895,0.0031299374531954,27,0.18663101604277613,True
138.298,876.331, to,0.4399999999999977,45,5,82.47804266004216,43.530261695339746,0.0020613681990659,27,0.4005347593582883,False
138.738,876.771, have,0.8799999999999955,45,5,233.85584336990007,43.63148995929251,0.0021296245977285,27,0.5181818181818177,False
139.618,877.6510000000001, high,0.2599999999999909,45,5,233.85584336990007,43.82267337226329,0.0020297479350121,27,0.7534759358288765,False
139.878,877.9110000000001, school,0.20000000000001705,45,5,233.85584336990007,41.2240481404955,0.0021414556540548,27,0.8229946524064146,False
140.078,878.111, friends,0.3599999999999852,45,5,233.85584336990007,40.21364093419532,0.0015223540831359,27,0.8764705882352964,False
140.438,878.471, that,0.21999999999999886,45,5,233.85584336990007,44.49147685703419,0.0022990216966718,27,0.9727272727272716,False
140.658,878.691, came,0.21999999999999886,45,5,233.85584336990007,43.51494828096206,0.0021702477242797,-1,0.0,False
140.878,878.9110000000001, here?,0.36000000000001364,45,5,233.85584336990007,40.50375212951443,0.0013566367560997,-1,0.0,False
141.238,879.271, Yeah.,0.6999999999999886,45,5,188.8097240829343,40.49623299684275,0.0016339798457916,28,0.2660714285714292,True
141.238,879.271, Yeah.,0.6999999999999886,46,5,188.8097240829343,40.49623299684275,0.0016339798457916,28,0.2660714285714292,False
142.138,880.171," Like,",0.1799999999999784,47,5,119.79172171709762,40.743638355536625,0.0019254352664574,-1,0.0,False
142.458,880.491, I,0.29999999999998295,47,5,119.79172171709762,42.31483663218532,0.0019172267057001,29,0.012215320910972572,True
142.75799999999998,880.7909999999999, was,0.5800000000000125,47,5,119.79172171709762,40.3271477487226,0.0013797493884339,29,0.04327122153208883,False
143.338,881.371, in,0.36000000000001364,47,5,119.79172171709762,49.06688300960833,0.0037356978282332,29,0.10331262939958497,False
143.698,881.731, my,0.8599999999999852,47,5,119.79172171709762,38.710130515585874,0.0011983874719589,29,0.140579710144928,False
144.558,882.591, high,0.14000000000001478,47,5,119.79172171709762,48.78833527005003,0.0040746601298451,29,0.22960662525879816,False
144.698,882.731, school,0.09999999999999432,47,5,119.79172171709762,43.08126544541311,0.0020368620753288,29,0.2440993788819881,False
144.798,882.831, and,0.19999999999998863,47,5,119.79172171709762,41.05199194197324,0.001457004575059,29,0.2544513457556935,False
144.998,883.031, I'd,0.14000000000001478,47,5,119.79172171709762,50.08316492761331,0.0046855816617608,29,0.27515527950310437,False
145.138,883.171, be,0.060000000000002274,47,5,79.50289900504768,42.65096314825741,0.0020718171726912,29,0.2896480331262943,False
145.198,883.231, there,0.3599999999999852,47,5,79.50289900504768,40.24937558278322,0.001498261350207,29,0.2958592132505181,False
145.558,883.591, to,0.14000000000001478,47,5,79.50289900504768,40.77726858003791,0.0014062040718272,29,0.33312629399585825,False
145.698,883.731, see,0.05999999999997385,47,5,79.50289900504768,44.691385155123506,0.0024527676869183,29,0.34761904761904816,False
145.75799999999998,883.7909999999999, it.,0.12000000000000455,47,5,79.50289900504768,46.51192514582388,0.0029946228023618,29,0.35383022774326905,False
146.278,884.311, We,0.1599999999999966,48,5,79.50289900504768,47.283323712345194,0.0030957604758441,29,0.40766045548654134,False
146.438,884.471, do,0.36000000000001364,48,5,79.50289900504768,39.90600563042648,0.0016333607491105,29,0.4242236024844706,False
146.798,884.831, different,0.23999999999998067,48,5,79.50289900504768,45.191287217778005,0.0026961029507217,29,0.4614906832298137,False
147.03799999999998,885.071, things.,0.36000000000001364,48,5,79.50289900504768,38.36294627808618,0.0011515174992382,29,0.4863354037267061,False
147.678,885.711, Like,0.020000000000010232,49,5,79.50289900504768,40.76797255703604,0.0014856493799011,29,0.5525879917184261,False
147.698,885.731, I,0.07999999999998408,49,5,79.50289900504768,43.40231059482466,0.0021206836681813,29,0.5546583850931683,False
147.778,885.811, was,0.14000000000001478,49,5,79.50289900504768,41.74381572033931,0.0019139206269755,29,0.5629399585921315,False
147.918,885.951, just,0.07999999999998408,49,5,79.50289900504768,45.582160270361555,0.0030405011493712,29,0.5774327122153214,False
147.998,886.031," saying,",0.2400000000000091,49,5,79.50289900504768,42.56449922131776,0.0022783065214753,29,0.5857142857142846,False
148.418,886.451, you,0.0,49,5,79.50289900504768,44.72303614205592,0.0024509443901479,29,0.6291925465838515,False
148.418,886.451," know,",0.07999999999998408,49,5,79.50289900504768,44.72303614205592,0.0024509443901479,29,0.6291925465838515,False
148.778,886.811, some,0.46000000000000796,49,5,80.88830699236652,47.45909555830953,0.0033946123439818,29,0.6664596273291915,False
149.238,887.271, of,0.13999999999998636,49,5,80.88830699236652,45.44772742388496,0.0027756798081101,29,0.7140786749482401,False
149.378,887.4110000000001, our,0.12000000000000455,49,5,80.88830699236652,46.19434720287076,0.0027670855633914,29,0.728571428571427,False
149.498,887.531, friends,0.9399999999999977,49,5,80.88830699236652,45.590628287985496,0.0023993717040866,29,0.7409937888198747,False
150.438,888.471, that,0.6400000000000148,49,5,80.88830699236652,41.037276508298326,0.0015660061035305,29,0.8383022774327109,False
151.078,889.111, we,0.1799999999999784,49,5,80.88830699236652,45.22181762219246,0.002583485795185,29,0.9045548654244309,False
151.25799999999998,889.2909999999999, knew,0.3800000000000239,49,5,80.88830699236652,40.13535567482558,0.0015940882731229,29,0.9231884057970995,False
151.638,889.671, was,0.5600000000000023,49,5,240.76438872896145,44.57126688139386,0.0024409869220107,29,0.9625258799171847,False
152.198,890.231, like,0.1799999999999784,49,5,240.76438872896145,42.342493656930785,0.0017622926970943,-1,0.0,False
152.378,890.4110000000001, the,0.0800000000000125,49,5,240.76438872896145,45.22007207682928,0.002619246719405,30,0.057647058823520836,True
152.458,890.491," same,",0.19999999999998863,49,5,240.76438872896145,40.53816233065016,0.0015464883763345,30,0.10470588235294027,False
152.958,890.991, like,0.13999999999998636,49,5,240.76438872896145,41.240562904590675,0.0016061040805655,30,0.39882352941176574,False
153.09799999999998,891.131, different,0.2600000000000193,49,5,240.76438872896145,42.77098128241156,0.0021166417282074,30,0.4811764705882289,False
153.358,891.3910000000001," school,",0.29999999999998295,49,5,240.76438872896145,41.608080906797674,0.0017540444387127,30,0.6341176470588296,False
153.75799999999998,891.7909999999999, the,0.0800000000000125,49,5,240.76438872896145,44.701730859276374,0.0022213601041585,30,0.8694117647058766,False
153.838,891.871, old,0.0800000000000125,49,5,240.76438872896145,42.721739521280554,0.0018975272541865,30,0.9164705882352959,False
153.918,891.951, friends,0.19999999999998863,49,5,240.76438872896145,46.87261149753988,0.0030569375958293,30,0.9635294117647154,False
154.118,892.1510000000001," there,",0.3599999999999852,49,5,240.76438872896145,40.32703720142697,0.0013930028071627,-1,0.0,False
154.658,892.691, you,0.040000000000020464,49,5,198.33752540779463,57.260657906753515,0.0096079353243112,-1,0.0,False
154.698,892.731," know,",0.13999999999998636,49,5,92.379769659485,55.13979680171659,0.0084004644304513,-1,0.0,False
155.138,893.171, we,1.039999999999992,49,5,108.11071462694198,42.25845689962302,0.0020794237498193,31,0.01208333333333186,True
156.178,894.211, met,0.1599999999999966,49,5,123.78121557752314,40.93783719387048,0.0016663821879772,31,0.22874999999999765,False
156.338,894.371, a,0.13999999999998636,49,5,123.78121557752314,39.137794518004526,0.0015457621775567,31,0.2620833333333304,False
156.47799999999998,894.511, company,0.44000000000002615,49,5,123.78121557752314,45.8139095793736,0.0025722179561853,31,0.2912499999999943,False
156.918,894.951, friend.,0.4199999999999875,49,5,123.78121557752314,39.03940515779848,0.0015615187585353,31,0.38291666666666674,False
153.09799999999998,891.131, different,0.2600000000000193,50,5,240.76438872896145,42.77098128241156,0.0021166417282074,30,0.4811764705882289,False
153.358,891.3910000000001," school,",0.29999999999998295,50,5,240.76438872896145,41.608080906797674,0.0017540444387127,30,0.6341176470588296,False
153.75799999999998,891.7909999999999, the,0.0800000000000125,50,5,240.76438872896145,44.701730859276374,0.0022213601041585,30,0.8694117647058766,False
153.838,891.871, old,0.0800000000000125,50,5,240.76438872896145,42.721739521280554,0.0018975272541865,30,0.9164705882352959,False
153.918,891.951, friends,0.19999999999998863,50,5,240.76438872896145,46.87261149753988,0.0030569375958293,30,0.9635294117647154,False
154.118,892.1510000000001," there,",0.3599999999999852,50,5,240.76438872896145,40.32703720142697,0.0013930028071627,-1,0.0,False
154.658,892.691, you,0.040000000000020464,50,5,198.33752540779463,57.260657906753515,0.0096079353243112,-1,0.0,False
154.698,892.731," know,",0.13999999999998636,50,5,92.379769659485,55.13979680171659,0.0084004644304513,-1,0.0,False
155.138,893.171, we,1.039999999999992,50,5,108.11071462694198,42.25845689962302,0.0020794237498193,31,0.01208333333333186,False
156.178,894.211, met,0.1599999999999966,50,5,123.78121557752314,40.93783719387048,0.0016663821879772,31,0.22874999999999765,False
156.338,894.371, a,0.13999999999998636,50,5,123.78121557752314,39.137794518004526,0.0015457621775567,31,0.2620833333333304,False
156.47799999999998,894.511, company,0.44000000000002615,50,5,123.78121557752314,45.8139095793736,0.0025722179561853,31,0.2912499999999943,False
156.918,894.951, friend.,0.4199999999999875,50,5,123.78121557752314,39.03940515779848,0.0015615187585353,31,0.38291666666666674,False
157.618,895.6510000000001, It's,0.2599999999999909,51,5,123.78121557752314,43.065568744434586,0.0018762998515741,31,0.5287499999999983,False
157.878,895.9110000000001," like,",0.0,51,5,123.78121557752314,40.34799019778481,0.0017166648758575,31,0.5829166666666632,False
157.878,895.9110000000001, it's,1.1599999999999966,51,5,123.78121557752314,40.34799019778481,0.0017166648758575,31,0.5829166666666632,False
159.03799999999998,897.071, been,0.0800000000000125,51,5,83.60444582637425,46.38150206875926,0.0028774049133062,31,0.82458333333333,False
159.118,897.1510000000001, good.,0.19999999999998863,51,5,83.60444582637425,45.078973198997176,0.0025247423909591,31,0.8412499999999994,False
159.698,897.731, Okay.,0.3599999999999852,52,5,83.60444582637425,43.42882150654644,0.0020214405376464,31,0.9620833333333357,False
160.418,898.451, I,0.1599999999999966,53,5,83.60444582637425,51.36203013599619,0.0056820893660187,32,0.07364864864865445,True
160.578,898.611, don't,0.3400000000000034,53,5,83.60444582637425,40.41914795153625,0.0014463823754349,32,0.1277027027027072,False
160.918,898.951, really,0.11999999999997613,53,5,82.74861533973113,50.622371305694514,0.0047863340005278,32,0.24256756756757292,False
161.03799999999998,899.071," like,",0.4200000000000159,53,5,83.46976162224841,47.12859300839785,0.003333245171234,32,0.28310810810810527,False
161.458,899.491, I,0.4000000000000057,53,5,83.46976162224841,44.332604062843,0.0023645975161347,32,0.42500000000000215,False
161.858,899.8910000000001," like,",0.4199999999999875,53,5,83.46976162224841,41.46800833281575,0.0017483094707128,32,0.5601351351351389,False
162.398,900.431, you,0.0,53,5,83.46976162224841,43.5695934818355,0.0019927108660352,32,0.7425675675675681,False
162.398,900.431," know,",0.47999999999998977,53,5,83.46976162224841,43.5695934818355,0.0019927108660352,32,0.7425675675675681,False
163.138,901.171," two,",0.1599999999999966,53,5,83.46976162224841,39.58047049995616,0.0016572297317907,32,0.9925675675675705,False
163.738,901.771, maybe,0.47999999999998977,53,5,83.46976162224841,38.620886814965885,0.0015392506029452,-1,0.0,False
164.218,902.251, three,0.1599999999999966,53,5,230.5836032557725,43.670228243826024,0.0021480049472302,33,0.13032786885245243,True
164.378,902.4110000000001, or,0.0800000000000125,53,5,230.5836032557725,43.20010967490716,0.0016978000057861,33,0.19590163934425436,False
164.458,902.491, five,0.07999999999998408,53,5,230.5836032557725,41.43692300908075,0.0015811253106222,33,0.22868852459016117,False
164.53799999999998,902.571, close,0.36000000000001364,53,5,230.5836032557725,51.539091798972905,0.0052402392029762,33,0.2614754098360563,False
164.898,902.931, friends.,0.3199999999999932,53,5,230.5836032557725,41.54496061134406,0.0020091463811695,33,0.4090163934426194,False
165.53799999999998,903.571, I,0.0,54,5,230.5836032557725,42.27753710540503,0.0023674385156482,33,0.6713114754098272,False
165.53799999999998,903.571, don't,0.7400000000000091,54,5,230.5836032557725,42.27753710540503,0.0023674385156482,33,0.6713114754098272,False
166.278,904.311, know.,0.3400000000000034,54,5,230.5836032557725,41.41129647464766,0.0017563257133588,33,0.9745901639344213,False
166.618,904.6510000000001, I,0.6200000000000045,54,5,230.5836032557725,41.92310120085829,0.001708589610644,-1,0.0,False
167.238,905.271, was,0.09999999999999432,54,5,165.23293530410578,57.115479167472785,0.0100110461935408,-1,0.0,False
167.338,905.371, just,0.09999999999999432,54,5,87.7653832447164,54.28061383874795,0.0074137854389846,-1,0.0,False
167.438,905.471, there,0.21999999999999886,54,5,91.49909519853504,53.11330656611293,0.0059354864060878,-1,0.0,False
167.658,905.691, wearing,0.3199999999999932,54,5,90.0909407264112,50.95619469850487,0.0049799396656453,-1,0.0,False
167.97799999999998,906.011, a,0.28000000000000114,54,5,84.5360663130703,42.940134125054,0.0021932153031229,-1,0.0,False
168.25799999999998,906.2909999999999, vest.,0.2400000000000091,54,5,194.50724439703396,58.28118240727377,0.0113904345780611,34,0.03949999999999676,True
166.618,904.6510000000001, I,0.6200000000000045,55,5,230.5836032557725,41.92310120085829,0.001708589610644,-1,0.0,False
167.238,905.271, was,0.09999999999999432,55,5,165.23293530410578,57.115479167472785,0.0100110461935408,-1,0.0,False
167.338,905.371, just,0.09999999999999432,55,5,87.7653832447164,54.28061383874795,0.0074137854389846,-1,0.0,False
167.438,905.471, there,0.21999999999999886,55,5,91.49909519853504,53.11330656611293,0.0059354864060878,-1,0.0,False
167.658,905.691, wearing,0.3199999999999932,55,5,90.0909407264112,50.95619469850487,0.0049799396656453,-1,0.0,False
167.97799999999998,906.011, a,0.28000000000000114,55,5,84.5360663130703,42.940134125054,0.0021932153031229,-1,0.0,False
168.25799999999998,906.2909999999999, vest.,0.2400000000000091,55,5,194.50724439703396,58.28118240727377,0.0113904345780611,34,0.03949999999999676,False
169.238,907.271, I,0.3400000000000034,56,5,165.51343226656854,54.64877210177724,0.0075454162433769,34,0.2845000000000013,False
169.578,907.611, was,0.29999999999998295,56,5,158.64987996694745,52.757079922390616,0.0067197219468685,34,0.36950000000000216,False
169.878,907.9110000000001, just,0.4399999999999977,56,5,163.3062934333954,38.95252864000679,0.0017163113225251,34,0.4444999999999979,False
170.31799999999998,908.351, trying,0.10000000000002274,56,5,156.34121253312873,48.47793691726663,0.0037399181164801,34,0.5544999999999973,False
170.418,908.451, to,0.13999999999998636,56,5,164.7135773873802,56.51876853711041,0.0097953956574201,34,0.579500000000003,False
170.558,908.591, kill,0.18000000000000682,56,5,168.0213238224233,57.05293424027768,0.0098169287666678,34,0.6144999999999996,False
170.738,908.771, them,0.19999999999998863,56,5,164.35320977101375,47.85732116166716,0.0038962580729287,34,0.6595000000000013,False
170.938,908.971, with,0.0800000000000125,56,5,157.94898377001576,59.05975005373581,0.0124548971652984,34,0.7094999999999985,False
171.018,909.051, high,0.13999999999998636,56,5,125.07636492036534,51.58769444882101,0.0062351487576964,34,0.7295000000000016,False
171.158,909.191, school,0.20000000000001705,56,5,105.1765457750362,51.09403691208851,0.0046960297040641,34,0.7644999999999982,False
171.358,909.3910000000001, friends.,0.3199999999999932,56,5,156.9315013410388,47.80142166033928,0.0034857988357561,34,0.8145000000000024,False
172.398,910.431, Yeah.,0.30000000000001137,57,5,210.664853722284,42.35327172523381,0.0018593012355268,-1,0.0,False
173.058,911.091, Yeah.,0.060000000000002274,58,5,168.72789322980807,41.47050333825426,0.0024297900963574,35,0.08176470588235032,True
173.438,911.471, And,0.12000000000000455,59,5,153.57400440879212,50.44390804482779,0.0049539157189428,35,0.19352941176470176,False
173.558,911.591, I,0.09999999999999432,59,5,157.51741024512518,49.43122512313799,0.0037847966887056,35,0.22882352941176184,False
173.658,911.691, think,0.1599999999999966,59,5,158.4557499185421,55.1952204454832,0.0081706391647458,35,0.25823529411764246,False
173.81799999999998,911.851, it's,0.21999999999999886,59,5,160.78494131603813,45.98990451371074,0.0028178140055388,35,0.30529411764705316,False
174.03799999999998,912.071, always,0.20000000000001705,59,5,158.55982285086466,49.01373147529567,0.0038756323046982,35,0.3699999999999939,False
174.238,912.271, intimidating,0.6999999999999886,59,5,155.29690959997768,53.56516954788737,0.007280759513376,35,0.4288235294117635,False
174.938,912.971, because,0.4000000000000057,59,5,92.6560202611288,39.48507428990199,0.0013258750550448,35,0.6347058823529363,False
175.338,913.371, at,0.2400000000000091,59,5,169.3322919140616,44.054241630960014,0.0021254145540297,35,0.7523529411764672,False
175.578,913.611, uni,0.28000000000000114,59,5,169.3322919140616,48.53912412880227,0.0053892172872963,35,0.8229411764705874,False
175.858,913.8910000000001, you,0.3599999999999852,59,5,134.3386649336073,43.81456262935883,0.0019739358685929,35,0.9052941176470581,False
176.218,914.251, don't,0.1599999999999966,59,5,112.99538551597736,52.01612164854797,0.0050344062037765,-1,0.0,False
176.378,914.4110000000001, see,0.2600000000000193,59,5,112.99538551597736,39.59974914707385,0.0013735032407566,-1,0.0,False
176.638,914.671, them,0.19999999999998863,59,5,117.74668466657536,37.297288774099776,0.0011417926289141,-1,0.0,False
176.838,914.871, all,0.13999999999998636,59,5,117.74668466657536,41.11423745486261,0.0017571580829098,36,0.03043478260869093,True
176.97799999999998,915.011, the,0.12000000000000455,59,5,117.74668466657536,39.382244005966,0.0012568855891004,36,0.07391304347825192,False
177.09799999999998,915.131, time.,0.3400000000000034,59,5,117.74668466657536,48.33477755251586,0.0037938021123409,36,0.11118012422359497,False
178.118,916.1510000000001, And,0.4399999999999977,60,5,115.38576479929232,45.89816339459213,0.0027627570088959,36,0.427950310559002,False
178.558,916.591, so,0.4399999999999977,60,5,115.38576479929232,44.5133354793436,0.002504717092961,36,0.5645962732919206,False
178.998,917.031, it's,0.20000000000001705,60,5,115.38576479929232,44.16339401520143,0.002415572060272,36,0.7012422360248391,False
179.198,917.231, even,0.23999999999998067,60,5,115.38576479929232,45.04819550962889,0.0023451044689863,36,0.7633540372670805,False
179.438,917.471, harder,0.3199999999999932,60,5,115.38576479929232,38.86357727356729,0.0012441485887393,36,0.8378881987577578,False
179.75799999999998,917.7909999999999, to,0.21999999999999886,60,5,100.02954404054088,43.07479260257489,0.0019456462468951,36,0.9372670807453334,False
179.97799999999998,918.011, make,0.22000000000002728,60,5,100.02954404054088,40.240745309461914,0.0012836756650358,-1,0.0,False
180.198,918.231, like,0.29999999999998295,60,5,100.02954404054088,40.53113274618849,0.0014182620216161,-1,0.0,False
180.498,918.531, new,0.5999999999999943,60,5,100.02954404054088,41.33095649801862,0.0014050033641979,37,0.04523809523807421,True
181.09799999999998,919.131, friends.,0.4200000000000159,60,5,100.02954404054088,41.93761945639165,0.0018465330358594,37,0.7595238095237788,False
182.078,920.111, Yeah.,0.3199999999999932,61,5,104.30411591802192,53.87742319144472,0.0070533305406572,-1,0.0,False
182.398,920.431, It's,0.0,61,5,97.4180789090154,39.44356809017347,0.0014052469050509,-1,0.0,False
182.398,920.431, like,0.1599999999999966,61,5,97.4180789090154,39.44356809017347,0.0014052469050509,-1,0.0,False
182.558,920.591, something,0.28000000000000114,61,5,98.65719180917544,51.552018030189544,0.0052804318256676,-1,0.0,False
182.838,920.871, like,0.3199999999999932,61,5,99.2749488538328,40.10775338695397,0.0012518654111772,-1,0.0,False
183.158,921.191, this.,0.12000000000000455,61,5,237.0500587524439,59.50344536710989,0.0131090460345149,38,0.01955445544554292,True
183.31799999999998,921.351, It's,0.12000000000000455,61,5,342.5880957229202,45.89576239044432,0.0033645718358457,38,0.03935643564356227,False
183.438,921.471, like,0.14000000000001478,61,5,192.22211781423312,57.01133808552376,0.01045832503587,38,0.05420792079207766,False
183.578,921.611, the,0.0,61,5,219.1911079846139,54.28376211322093,0.0076615158468435,38,0.07153465346534679,False
183.578,921.611, ones,0.4199999999999875,61,5,219.1911079846139,54.28376211322093,0.0076615158468435,38,0.07153465346534679,False
183.998,922.031, that,0.18000000000000682,61,5,186.89339018026757,56.18038642082432,0.0090730218216776,38,0.12351485148514714,False
184.178,922.211, you,0.1599999999999966,61,5,198.65625234828087,40.42920881864994,0.001409145537764,38,0.14579207920792023,False
184.338,922.371, see,0.020000000000010232,61,5,198.65625234828087,40.60567983155508,0.0014104001456871,38,0.16559405940593958,False
184.358,922.3910000000001, like,0.3400000000000034,61,5,198.65625234828087,39.2976671599443,0.0014823859091844,38,0.1680693069306933,False
184.698,922.731, once,0.2799999999999727,61,5,102.7760225277086,39.699531617843625,0.0013403606135398,38,0.21014851485148575,False
184.97799999999998,923.011, a,0.10000000000002274,61,5,185.413592435042,57.82556175490189,0.0107986517250537,38,0.24480198019801697,False
185.078,923.111, week.,0.21999999999999886,61,5,173.10249862640194,57.19268131972355,0.0104708736762408,38,0.25717821782178213,False
182.398,920.431, It's,0.0,62,5,97.4180789090154,39.44356809017347,0.0014052469050509,-1,0.0,False
182.398,920.431, like,0.1599999999999966,62,5,97.4180789090154,39.44356809017347,0.0014052469050509,-1,0.0,False
182.558,920.591, something,0.28000000000000114,62,5,98.65719180917544,51.552018030189544,0.0052804318256676,-1,0.0,False
182.838,920.871, like,0.3199999999999932,62,5,99.2749488538328,40.10775338695397,0.0012518654111772,-1,0.0,False
183.158,921.191, this.,0.12000000000000455,62,5,237.0500587524439,59.50344536710989,0.0131090460345149,38,0.01955445544554292,False
183.318,921.351, It's,0.12000000000000455,63,5,342.5880957229202,45.89576239044432,0.0033645718358457,38,0.039356435643565786,False
183.43800000000002,921.471, like,0.14000000000001478,63,5,192.22211781423312,57.01133808552376,0.01045832503587,38,0.05420792079208118,False
183.57800000000003,921.6110000000001, the,0.0,63,5,219.1911079846139,54.28376211322093,0.0076615158468435,38,0.0715346534653503,False
183.57800000000003,921.6110000000001, ones,0.4199999999999875,63,5,219.1911079846139,54.28376211322093,0.0076615158468435,38,0.0715346534653503,False
183.99800000000002,922.0310000000001, that,0.18000000000000682,63,5,186.89339018026757,56.18038642082432,0.0090730218216776,38,0.12351485148515066,False
184.17800000000003,922.211, you,0.1599999999999966,63,5,198.65625234828087,40.42920881864994,0.001409145537764,38,0.14579207920792375,False
184.33800000000002,922.3710000000001, see,0.020000000000010232,63,5,198.65625234828087,40.60567983155508,0.0014104001456871,38,0.1655940594059431,False
184.35800000000003,922.3910000000001, like,0.3400000000000034,63,5,198.65625234828087,39.2976671599443,0.0014823859091844,38,0.16806930693069683,False
184.69800000000004,922.731, once,0.2799999999999727,63,5,102.7760225277086,39.699531617843625,0.0013403606135398,38,0.21014851485148928,False
184.978,923.011, a,0.10000000000002274,63,5,185.413592435042,57.82556175490189,0.0107986517250537,38,0.2448019801980205,False
185.07800000000003,923.1110000000001, week.,0.21999999999999886,63,5,173.10249862640194,57.19268131972355,0.0104708736762408,38,0.2571782178217857,False
185.798,923.831, It's,0.1599999999999966,64,5,238.83426754948837,40.225976569468955,0.001422066707164,38,0.346287128712871,False
185.958,923.991, just,0.5199999999999818,64,5,238.83426754948837,38.40477057085061,0.0011522959684956,38,0.3660891089108903,False
186.47799999999998,924.511, that.,0.160000000000025,64,5,276.0359433959256,60.77497975147816,0.0165111441165208,38,0.43044554455445233,False
187.098,925.1310000000001, Yeah.,0.4399999999999977,65,5,202.4329446619868,55.64436324150255,0.0094886552542448,38,0.5071782178217831,False
187.858,925.8910000000001, Yeah.,0.07999999999998408,66,5,179.38858679277047,54.51098613749812,0.007237566635015,38,0.6012376237623758,False
188.338,926.371, And,0.09999999999999432,67,5,223.881288246002,46.878380315065165,0.0061975815333426,38,0.6606435643564339,False
188.438,926.471, not,0.1599999999999966,67,5,199.99014009632344,59.122136727118416,0.0127591043710708,38,0.6730198019801955,False
188.59799999999998,926.631, everyone,0.5400000000000205,67,5,186.38653049955448,48.89012829952721,0.0063611157238483,38,0.6928217821782149,False
189.138,927.171," is,",1.299999999999983,67,5,129.87584655152318,46.80894296828367,0.0028430370148271,38,0.7596534653465341,False
190.878,928.9110000000001, I,0.8200000000000216,67,5,147.63417314159722,57.559663742280506,0.0104143386706709,38,0.9749999999999968,False
191.698,929.731, don't,0.09999999999999432,67,5,169.3180649623927,40.69324862339339,0.0014927064767107,39,0.018956043956044673,True
191.798,929.831," know,",0.21999999999999886,67,5,169.3180649623927,38.79355536720957,0.0012210475979374,39,0.032692307692307625,False
192.198,930.231, not,0.13999999999998636,67,5,162.9944234612703,58.38078375057991,0.0119500551372766,39,0.08763736263736334,False
192.338,930.371, everyone's,0.6999999999999886,67,5,161.2055290226695,59.7460332219037,0.0134168909862637,39,0.1068681318681307,False
193.03799999999998,931.071," like,",0.12000000000000455,67,5,157.31791570896968,55.00370369159569,0.007817642763257,39,0.20302197802197527,False
193.278,931.311, I,0.0800000000000125,67,5,140.67941262170433,41.6318844659431,0.0019562123343348,39,0.23598901098900948,False
193.358,931.3910000000001, feel,0.13999999999998636,67,5,114.09455347350594,43.188764211650614,0.0049071675166394,39,0.24697802197802218,False
193.498,931.531, like,0.1599999999999966,67,5,81.66792055429336,48.17068094394885,0.0037559873890131,39,0.26620879120878954,False
193.658,931.691, a,0.14000000000001478,67,5,83.96574384456892,52.66737233278921,0.0054847812280058,39,0.28818681318681105,False
193.798,931.831, lot,0.12000000000000455,67,5,109.24180003760004,45.820741664483705,0.0024518906138841,39,0.3074175824175823,False
193.918,931.951, of,0.09999999999999432,67,5,102.7794264000765,56.53478299513857,0.0089004850015044,39,0.3239010989010994,False
194.018,932.051, the,0.13999999999998636,67,5,76.51860546913639,54.7012543597293,0.0075454730540516,39,0.3376373626373624,False
194.158,932.191, time,0.20000000000001705,67,5,76.96718615823482,47.764373651464496,0.0035762339830398,39,0.3568681318681297,False
194.358,932.3910000000001, I've,0.4199999999999875,67,5,76.96718615823482,38.85472927742786,0.0012211819412183,39,0.38434065934065953,False
194.778,932.811, like,0.14000000000001478,67,5,97.47085129445294,56.07157301325178,0.0087146358564496,39,0.4420329670329655,False
194.918,932.951, talked,0.28000000000000114,67,5,189.1493584798443,46.19767716382331,0.0029531808104366,39,0.46126373626373673,False
195.198,933.231, to,0.4199999999999875,67,5,95.66015187804578,54.78712157033309,0.0074781160801649,39,0.4997252747252754,False
195.618,933.6510000000001, people,0.30000000000001137,67,5,95.47962067101872,56.24110027354132,0.0088746277615427,39,0.5574175824175813,False
195.918,933.951, first.,0.5,67,5,180.90851391490204,54.620944865086074,0.0076967230997979,39,0.598626373626374,False
194.778,932.811, like,0.14000000000001478,68,5,97.47085129445294,56.07157301325178,0.0087146358564496,39,0.4420329670329655,False
194.918,932.951, talked,0.28000000000000114,68,5,189.1493584798443,46.19767716382331,0.0029531808104366,39,0.46126373626373673,False
195.198,933.231, to,0.4199999999999875,68,5,95.66015187804578,54.78712157033309,0.0074781160801649,39,0.4997252747252754,False
195.618,933.6510000000001, people,0.30000000000001137,68,5,95.47962067101872,56.24110027354132,0.0088746277615427,39,0.5574175824175813,False
195.918,933.951, first.,0.5,68,5,180.90851391490204,54.620944865086074,0.0076967230997979,39,0.598626373626374,False
196.898,934.931, If,0.46000000000000796,69,5,107.33331751021592,41.8838399772269,0.0016376855783178,39,0.7332417582417573,False
197.358,935.3910000000001, we,0.1799999999999784,69,5,107.33331751021592,40.59621588693573,0.0017723459750406,39,0.7964285714285716,False
197.53799999999998,935.571, end,0.2600000000000193,69,5,107.33331751021592,41.19119731166862,0.0013303988380357,39,0.8211538461538433,False
197.798,935.831, up,0.12000000000000455,69,5,213.7604685781132,41.49842546580689,0.0023617984261351,39,0.8568681318681317,False
197.918,935.951, like,0.1599999999999966,69,5,213.7604685781132,47.402443915595015,0.0032006127294152,39,0.8733516483516488,False
198.078,936.111, really,0.2599999999999909,69,5,213.7604685781132,50.39951726836813,0.0045952331274748,39,0.8953296703296703,False
198.338,936.371, good,0.19999999999998863,69,5,213.7604685781132,40.0706840380612,0.0014250272652134,39,0.9310439560439547,False
198.53799999999998,936.571," friends,",0.3400000000000034,69,5,213.7604685781132,42.76900363261079,0.0023695405106991,39,0.9585164835164807,False
198.878,936.9110000000001, but,0.3200000000000216,69,5,213.7604685781132,44.40205225701725,0.0022461751941591,-1,0.0,False
199.198,937.231, I'm,0.13999999999998636,69,5,205.8059732904188,56.461545531781695,0.0090593919157981,-1,0.0,False
199.338,937.371," like,",0.13999999999998636,69,5,196.1051215426711,59.347140094637965,0.013466608710587,-1,0.0,False
199.658,937.691, so,0.28000000000000114,69,5,86.13046423329963,54.60525062185725,0.0077415476553142,-1,0.0,False
199.938,937.971, you,0.14000000000001478,69,5,107.98051749571876,45.15684594838447,0.0023486220743507,-1,0.0,False
200.078,938.111, would,0.09999999999999432,69,5,107.98051749571876,40.91326047813301,0.001651732367463,-1,0.0,False
200.178,938.211, have,0.12000000000000455,69,5,107.98051749571876,38.8815872991367,0.001430624048225,-1,0.0,False
200.298,938.331, never,0.1799999999999784,69,5,107.98051749571876,43.67658557986723,0.0019849701784548,40,0.007964601769899363,True
200.47799999999998,938.511, spoken,0.36000000000001364,69,5,107.98051749571876,38.99306125151949,0.0011158767156302,40,0.08761061946900617,False
200.838,938.871, to,0.28000000000000114,69,5,107.98051749571876,43.36167202703669,0.002158525167033,40,0.24690265486724494,False
201.118,939.1510000000001, me,0.1599999999999966,69,5,107.98051749571876,39.889461080032135,0.0012418840778991,40,0.37079646017698203,False
201.278,939.311, first.,0.4200000000000159,69,5,107.98051749571876,41.52606973310551,0.0017941013211384,40,0.44159292035397285,False
201.838,939.871, You,0.0800000000000125,69,5,198.39285092222897,47.07323750785288,0.0031545043457299,40,0.689380530973447,False
201.918,939.951," know,",0.28000000000000114,69,5,198.39285092222897,41.77242299415663,0.0014808038249611,40,0.7247787610619487,False
202.198,940.231, before,1.039999999999992,69,5,198.39285092222897,41.475887899615536,0.0018472012598067,40,0.8486725663716858,False
203.238,941.271, we're,0.1599999999999966,69,5,90.54452674860924,52.79191196688617,0.0061897817067816,-1,0.0,False
203.398,941.431, like,0.13999999999998636,69,5,90.81392964959409,51.24851925687724,0.0050591970793913,-1,0.0,False
203.53799999999998,941.571, outgoing.,0.6400000000000148,69,5,90.62922460776832,46.08536096245375,0.0031038757879287,-1,0.0,False
201.838,939.871, You,0.0800000000000125,70,5,198.39285092222897,47.07323750785288,0.0031545043457299,40,0.689380530973447,False
201.918,939.951," know,",0.28000000000000114,70,5,198.39285092222897,41.77242299415663,0.0014808038249611,40,0.7247787610619487,False
202.198,940.231, before,1.039999999999992,70,5,198.39285092222897,41.475887899615536,0.0018472012598067,40,0.8486725663716858,False
203.238,941.271, we're,0.1599999999999966,70,5,90.54452674860924,52.79191196688617,0.0061897817067816,-1,0.0,False
203.398,941.431, like,0.13999999999998636,70,5,90.81392964959409,51.24851925687724,0.0050591970793913,-1,0.0,False
203.53799999999998,941.571, outgoing.,0.6400000000000148,70,5,90.62922460776832,46.08536096245375,0.0031038757879287,-1,0.0,False
204.498,942.531, Yeah.,0.3400000000000034,71,5,169.64501880877404,56.75839110449541,0.0097849117591977,41,0.10371747211895785,True
205.618,943.6510000000001, It's,0.5199999999999818,72,5,203.78481016829457,58.237749630513,0.0106708854436874,41,0.3118959107806689,False
206.13799999999998,944.171, the,0.09999999999999432,72,5,156.9390735951708,41.4650339333418,0.0016217515803873,41,0.4085501858736024,False
206.23799999999997,944.271, headphones,0.29999999999998295,72,5,156.9390735951708,39.67892441351698,0.0013648845488206,41,0.4271375464683969,False
206.53799999999995,944.5709999999999, and,0.2400000000000091,72,5,102.74298278711686,54.08281001416877,0.0076478300616145,41,0.4828996282527804,False
206.77799999999996,944.8109999999999," instead,",0.4000000000000057,72,5,103.2512892051,41.98598205259782,0.0017499740933999,41,0.5275092936802914,False
207.59799999999996,945.631, I'd,0.10000000000002274,72,5,140.54235853233945,40.5217010541189,0.002052524825558,41,0.6799256505576137,False
207.69799999999998,945.731, say.,0.1799999999999784,72,5,82.90485942409958,57.42910629376995,0.0106588611379265,41,0.6985130111524135,False
208.138,946.171, Yeah.,0.39999999999997726,73,5,150.3102046917411,41.421857711639035,0.0017712624976411,41,0.7802973977695188,False
208.938,946.971, Yeah.,0.09999999999999432,74,5,111.77712870972904,41.80159076014398,0.0016711459029465,41,0.92899628252788,False
209.278,947.311, But,0.12000000000000455,75,5,160.3161508429648,58.30862999260545,0.011491353623569,41,0.9921933085501856,False
209.398,947.431, surely,0.2400000000000091,75,5,152.31191335462876,47.87216019219498,0.0039159287698583,-1,0.0,False
209.638,947.671," everyone,",0.5,75,5,151.809285678075,48.52896188611377,0.0036362668033689,-1,0.0,False
210.458,948.491, I,0.09999999999999432,75,5,87.97557075574552,37.640832296446725,0.0012753583723678,-1,0.0,False
210.558,948.591, think,0.1599999999999966,75,5,87.97557075574552,42.28895776666367,0.001951900194399,-1,0.0,False
210.718,948.751, you,0.14000000000001478,75,5,86.71638728623937,54.72512651076662,0.0073772631585597,-1,0.0,False
210.858,948.8910000000001, just,0.1799999999999784,75,5,80.59670445897109,53.40639572616898,0.0066931648179895,-1,0.0,False
211.03799999999998,949.071, need,0.20000000000001705,75,5,95.66239170363346,52.583571052217266,0.0058175278827548,-1,0.0,False
211.238,949.271, like,0.6599999999999966,75,5,97.96762103211098,52.268993328440075,0.0059116804040978,-1,0.0,False
211.898,949.931, an,0.9199999999999875,75,5,188.29064929231893,38.54556284771525,0.0012176617747177,42,0.16195652173913364,True
212.81799999999998,950.851," opportunity,",0.4800000000000182,75,5,167.4436977498067,51.506687372113205,0.0057364655658602,42,0.6619565217391337,False
213.658,951.691, but,0.5200000000000102,75,5,163.18001494049514,52.30747917699587,0.0062339724972844,-1,0.0,False
214.178,952.211, it's,0.3400000000000034,75,5,98.44166455319711,38.46533233041939,0.0011464761337268,-1,0.0,False
214.518,952.551, hard.,0.13999999999998636,75,5,98.44166455319711,39.57453896177765,0.0014123925939201,43,0.12539682539681601,True
216.93800000000002,954.971, But,0.5199999999999818,76,5,165.82995328711806,59.79801052378876,0.0139131275936961,44,0.5463157894736883,True
217.458,955.491, have,0.2599999999999909,76,5,126.29315491955168,60.30174721856096,0.0124465106055122,44,0.8199999999999937,False
217.718,955.751, you,0.14000000000001478,76,5,124.8829148437017,53.20092781590685,0.0070568723604083,44,0.9568421052631464,False
217.858,955.8910000000001, joined,0.23999999999998067,76,5,188.10092572059173,54.28486722898395,0.0079374704509925,-1,0.0,False
218.09799999999998,956.131, any,0.2600000000000193,76,5,218.59191728485916,41.54493559553953,0.0015097531722858,-1,0.0,False
218.358,956.3910000000001, societies?,0.4199999999999875,76,5,218.59191728485916,38.459716243992865,0.0013011096743867,-1,0.0,False
219.698,957.731, I,0.11999999999997613,77,5,110.418350739101,44.17596914153839,0.0025547270197421,45,0.25409090909090926,True
219.81799999999998,957.851, joined,0.2600000000000193,77,5,110.418350739101,49.80351253462256,0.0043232552707195,45,0.28136363636363126,False
220.078,958.111, a,0.13999999999998636,77,5,104.73224350599044,40.09600658300574,0.0013138171052559,45,0.34045454545454507,False
220.218,958.251, Greek,0.2400000000000091,77,5,99.9191303635265,53.01319735085116,0.0062179854139685,45,0.3722727272727239,False
220.458,958.491, society.,0.5,77,5,96.96477314824106,48.75210208893715,0.0038396071176972,45,0.4268181818181808,False
221.238,959.271, Oh,0.18000000000000682,78,5,450.5827171893929,41.990018636207765,0.0016890647821122,45,0.6040909090909092,False
221.418,959.451," yeah,",0.1599999999999966,78,5,450.5827171893929,43.86279121618125,0.0021780657116323,45,0.6450000000000019,False
221.59799999999998,959.631, I'm,0.12000000000000455,78,5,129.10740387616138,42.74391454180208,0.002061172388494,45,0.6859090909090881,False
221.718,959.751, part,0.14000000000001478,78,5,129.10740387616138,42.09610676122564,0.0015775728970766,45,0.7131818181818166,False
221.858,959.8910000000001, of,0.11999999999997613,78,5,129.10740387616138,47.964226903556614,0.0036593617405725,45,0.7450000000000019,False
221.97799999999998,960.011, that,0.12000000000000455,78,5,129.10740387616138,47.16200954792846,0.003365454962477,45,0.7722727272727239,False
222.09799999999998,960.131, too.,0.2600000000000193,78,5,129.10740387616138,48.073386728111856,0.0032461658120155,45,0.7995454545454523,False
222.358,960.3910000000001, I'm,0.21999999999999886,78,5,129.10740387616138,50.654860452534464,0.005121746566143,45,0.8586363636363662,False
222.578,960.611, part,0.060000000000002274,78,5,116.52386895077544,49.715082971078246,0.0042844153940664,45,0.9086363636363661,False
222.638,960.671, of,0.13999999999998636,78,5,116.52386895077544,46.2126351538119,0.0029720347374677,45,0.9222727272727304,False
222.778,960.811, it,0.14000000000001478,78,5,190.4849293843695,50.12431725461104,0.0046738442033529,45,0.9540909090909092,False
222.918,960.951, too.,0.21999999999999886,78,5,181.960175510652,58.47663418219377,0.0114259757101535,45,0.9859090909090946,False
222.358,960.3910000000001, I'm,0.21999999999999886,79,5,129.10740387616138,50.654860452534464,0.005121746566143,45,0.8586363636363662,False
222.578,960.611, part,0.060000000000002274,79,5,116.52386895077544,49.715082971078246,0.0042844153940664,45,0.9086363636363661,False
222.638,960.671, of,0.13999999999998636,79,5,116.52386895077544,46.2126351538119,0.0029720347374677,45,0.9222727272727304,False
222.778,960.811, it,0.14000000000001478,79,5,190.4849293843695,50.12431725461104,0.0046738442033529,45,0.9540909090909092,False
222.918,960.951, too.,0.21999999999999886,79,5,181.960175510652,58.47663418219377,0.0114259757101535,45,0.9859090909090946,False
223.918,961.951, You,0.3599999999999852,80,5,105.1708770048022,39.98667438066592,0.0015176220331341,46,0.22035398230089143,True
224.278,962.311," go,",0.36000000000001364,80,5,105.1708770048022,48.4965973421936,0.0035241949371993,46,0.3796460176991136,False
224.838,962.871, my,0.18000000000000682,80,5,107.43851343572832,42.66032597073675,0.0021133429836481,46,0.6274336283185815,False
225.018,963.051, friends,0.21999999999999886,80,5,107.43851343572832,44.18758816686206,0.0024727925192568,46,0.7070796460176989,False
225.238,963.271, just,0.1599999999999966,80,5,107.43851343572832,39.78330835572214,0.0013141622766853,46,0.8044247787610604,False
225.398,963.431," said,",0.19999999999998863,80,5,107.43851343572832,41.948063117868315,0.0017587706679474,46,0.8752212389380495,False
225.698,963.731," oh,",0.11999999999997613,80,5,107.43851343572832,43.04575357740016,0.0019614291377365,-1,0.0,False
225.958,963.991, it's,0.07999999999998408,80,5,107.43851343572832,42.32162724791868,0.0021105820778755,-1,0.0,False
226.03799999999998,964.071, just,0.10000000000002274,80,5,107.43851343572832,38.344896061011255,0.0011093156645074,-1,0.0,False
226.138,964.171, a,0.11999999999997613,80,5,107.43851343572832,44.49461124672288,0.0023221783339977,47,0.014356435643562584,True
226.25799999999998,964.2909999999999, massive,0.7199999999999989,80,5,107.43851343572832,40.23393067249208,0.0015166590455919,47,0.04405940594058644,False
226.97799999999998,965.011, party,0.4000000000000057,80,5,107.43851343572832,50.066578476575266,0.0044803177006542,47,0.22227722772276473,False
227.378,965.4110000000001, or,0.20000000000001705,80,5,118.13242865657776,46.51524123098355,0.0029831454157829,47,0.32128712871286536,False
227.578,965.611, a,0.13999999999998636,80,5,118.13242865657776,47.145098412792066,0.0031532915309073,47,0.3707920792079192,False
227.718,965.751, year,0.0800000000000125,80,5,118.13242865657776,45.25500241554384,0.0027151042595505,47,0.4054455445544505,False
227.798,965.831,-round.,0.2599999999999909,80,5,118.13242865657776,41.0733368192628,0.0017746187513696,47,0.42524752475247346,False
228.198,966.231, Yeah.,0.11999999999997613,80,5,118.13242865657776,41.12272798739197,0.0014807693660259,47,0.5242574257425741,False
228.198,966.231, Yeah.,0.11999999999997613,81,5,118.13242865657776,41.12272798739197,0.0014807693660259,47,0.5242574257425741,False
228.758,966.791, And,0.2600000000000193,82,5,118.13242865657776,46.7159396779865,0.0030873392242938,47,0.6628712871287135,False
229.01800000000003,967.051, it,0.4399999999999977,82,5,118.13242865657776,42.001541787347605,0.0021058782003812,47,0.7272277227722828,False
229.45800000000003,967.491, was,0.13999999999998636,82,5,117.50930814863482,50.871078033614424,0.0048050810582925,47,0.8361386138613913,False
229.598,967.6310000000001, like,0.0800000000000125,82,5,122.05163805809867,56.0661004049083,0.0086899427697062,47,0.8707920792079227,False
229.67800000000003,967.711, a,0.21999999999999886,82,5,122.05163805809867,44.48784238609327,0.0033517046831524,47,0.8905940594059456,False
229.89800000000002,967.931, free,0.13999999999998636,82,5,195.2016298916846,41.64077818168265,0.001718642772175,47,0.9450495049504999,False
230.038,968.071," sign,",0.21999999999999886,82,5,195.2016298916846,40.64340601393544,0.0015126690268516,47,0.9797029702970312,False
230.39800000000002,968.431, not,0.07999999999998408,82,5,172.92519356259777,57.88077577123577,0.0115759661421196,-1,0.0,False
230.478,968.511, a,0.14000000000001478,82,5,185.3101227974097,56.630342862521665,0.0091324262320995,-1,0.0,False
230.61800000000002,968.6510000000001, lot,0.12000000000000455,82,5,173.0240356561879,47.94035341311788,0.0035470467992126,48,0.026027397260281814,True
230.73800000000003,968.7710000000001, of,0.19999999999998863,82,5,118.68672813324362,40.22912427552835,0.0014037520159043,48,0.10821917808220388,False
230.93800000000002,968.971, people.,0.0800000000000125,82,5,118.04865707499152,49.245959036718034,0.0042832558974623,48,0.24520547945206103,False
231.418,969.451, Like,0.13999999999998636,83,5,118.04865707499152,40.00329230326305,0.0017010256415233,48,0.5739726027397298,False
231.558,969.591, the,0.12000000000000455,83,5,118.04865707499152,43.6334071634446,0.0022709213662892,48,0.669863013698626,False
231.678,969.711, guys,0.1599999999999966,83,5,189.1173112788761,46.55877975144272,0.0029808990657332,48,0.752054794520548,False
231.838,969.871, that,0.13999999999998636,83,5,189.1173112788761,46.74325170147819,0.0029835365712642,48,0.8616438356164376,False
231.97799999999998,970.011, like,0.14000000000001478,83,5,189.1173112788761,37.66126652173391,0.0013210364850237,48,0.9575342465753338,False
232.118,970.1510000000001, get,0.2400000000000091,83,5,189.1173112788761,47.60464729114359,0.0036496287211775,-1,0.0,False
232.358,970.3910000000001, a,0.1799999999999784,83,5,189.1173112788761,52.34223535179926,0.0064337239600663,49,0.024369747899156653,True
232.53799999999998,970.571, pen,0.020000000000010232,83,5,173.77799635690295,55.41370982621494,0.0083348741754889,49,0.09999999999998806,False
232.558,970.591, of,0.14000000000001478,83,5,171.56407958961654,54.77724413741008,0.0077605778351426,49,0.10840336134453019,False
232.698,970.731, your,0.07999999999998408,83,5,171.41494388750786,48.15123079295176,0.0035971330944448,49,0.1672268907563012,False
232.778,970.811," friends,",0.36000000000001364,83,5,84.59237940554296,53.597056781046405,0.0068095363676548,49,0.20084033613444585,False
233.438,971.471, we,0.21999999999999886,83,5,104.9399138607794,46.294591356698696,0.0029194124508649,49,0.4781512605041929,False
233.658,971.691, let,0.09999999999999432,83,5,104.9399138607794,45.09760685629529,0.0025565789546817,49,0.5705882352941085,False
233.75799999999998,971.7909999999999, you,0.14000000000001478,83,5,104.9399138607794,46.68830064232617,0.0028347529005259,49,0.6126050420167953,False
233.898,971.931, sign,0.2400000000000091,83,5,129.63278217440404,44.55560196797043,0.0024015242233868,49,0.6714285714285663,False
234.138,972.171, up,0.1799999999999784,83,5,125.91015321331363,48.529590652877765,0.0040326630696654,49,0.7722689075630241,False
234.31799999999998,972.351, for,0.10000000000002274,83,5,126.99584328300828,45.975608564190736,0.0027083372697234,49,0.8478991596638555,False
234.418,972.451, free.,0.1599999999999966,83,5,144.72878108802058,46.834236931851066,0.003043022705242,49,0.8899159663865542,False
234.718,972.751," Oh,",0.14000000000001478,83,5,173.39639182387003,48.266485251218725,0.003910191822797,-1,0.0,False
234.898,972.931, I,0.09999999999999432,83,5,364.9885300736222,47.70915963712242,0.003902444615964,-1,0.0,False
234.998,973.031, get,0.12000000000000455,83,5,359.43528370598466,40.23682354196367,0.0014712712727487,-1,0.0,False
235.118,973.1510000000001, it.,0.3400000000000034,83,5,359.43528370598466,41.27720629567983,0.0013926655519753,-1,0.0,False
234.718,972.751," Oh,",0.14000000000001478,84,5,173.39639182387003,48.266485251218725,0.003910191822797,-1,0.0,False
234.898,972.931, I,0.09999999999999432,84,5,364.9885300736222,47.70915963712242,0.003902444615964,-1,0.0,False
234.998,973.031, get,0.12000000000000455,84,5,359.43528370598466,40.23682354196367,0.0014712712727487,-1,0.0,False
235.118,973.1510000000001, it.,0.3400000000000034,84,5,359.43528370598466,41.27720629567983,0.0013926655519753,-1,0.0,False
235.918,973.951, So,0.0,85,5,104.515233594952,48.529351825467366,0.0040756408125162,50,0.15806451612905237,True
235.918,973.951, my,0.09999999999999432,85,5,104.515233594952,48.529351825467366,0.0040756408125162,50,0.15806451612905237,False
236.018,974.051, friends,0.1599999999999966,85,5,108.42081213262271,49.65147846504812,0.0043195644393552,50,0.31935483870968717,False
236.178,974.211," like,",0.19999999999998863,85,5,102.88058467426394,41.18209213118025,0.0020638320129386,50,0.5774193548387121,False
236.458,974.491, when,0.09999999999999432,85,5,89.69199877071568,51.652648911971305,0.0058846916072057,-1,0.0,False
236.558,974.591, are,0.0800000000000125,85,5,90.46702681383256,49.192027020547776,0.0045559937134385,-1,0.0,False
236.638,974.671, the,0.09999999999999432,85,5,93.1898424556397,45.86188326520916,0.0032221188303083,-1,0.0,False
236.738,974.771, 10,0.28000000000000114,85,5,95.63364093727613,42.91039932680451,0.001873778994195,-1,0.0,False
237.018,975.051, people?,0.3599999999999852,85,5,175.05709159045986,40.71920163974155,0.00158386467956,-1,0.0,False
237.638,975.671, Oh,0.1599999999999966,86,5,167.44677044294295,52.25366246090459,0.0059207705780863,-1,0.0,False
237.798,975.831, my,0.1599999999999966,86,5,88.65478712809579,51.24254058963504,0.0051812194287801,-1,0.0,False
237.958,975.991, god.,0.2400000000000091,86,5,96.61964506280358,39.22760590939601,0.0015287622809412,-1,0.0,False
238.358,976.3910000000001, It's,0.1599999999999966,86,5,86.16153314394342,55.6932450692988,0.0090271281078461,-1,0.0,False
238.518,976.551, for,0.12000000000000455,86,5,88.77042529664122,40.61077449964715,0.0013296001125135,-1,0.0,False
238.638,976.671, my,0.11999999999997613,86,5,88.77042529664122,39.29342052808799,0.0013811569660902,51,0.008925318761388086,True
238.75799999999998,976.7909999999999, name.,0.20000000000001705,86,5,88.77042529664122,38.19735392807087,0.0010806925129145,51,0.019854280510019744,False
239.138,977.171," No,",0.01999999999998181,86,5,119.36578178654511,49.53116264017336,0.0039414786733686,51,0.054462659380695715,False
239.218,977.251, oh,0.2400000000000091,86,5,105.34992371885292,54.72895055508136,0.0076973708346486,51,0.061748633879783486,False
239.458,977.491, yeah.,0.21999999999999886,86,5,209.03161792145497,58.59682211941184,0.0120108453556883,51,0.08360655737705198,False
239.838,977.871, Cool.,0.18000000000000682,86,5,182.39086087527997,57.14015403295984,0.0102967070415616,51,0.11821493624772536,False
238.358,976.3910000000001, It's,0.1599999999999966,87,5,86.16153314394342,55.6932450692988,0.0090271281078461,-1,0.0,False
238.518,976.551, for,0.12000000000000455,87,5,88.77042529664122,40.61077449964715,0.0013296001125135,-1,0.0,False
238.638,976.671, my,0.11999999999997613,87,5,88.77042529664122,39.29342052808799,0.0013811569660902,51,0.008925318761388086,False
238.75799999999998,976.7909999999999, name.,0.20000000000001705,87,5,88.77042529664122,38.19735392807087,0.0010806925129145,51,0.019854280510019744,False
239.138,977.171," No,",0.01999999999998181,88,5,119.36578178654511,49.53116264017336,0.0039414786733686,51,0.054462659380695715,False
239.218,977.251, oh,0.2400000000000091,88,5,105.34992371885292,54.72895055508136,0.0076973708346486,51,0.061748633879783486,False
239.458,977.491, yeah.,0.21999999999999886,88,5,209.03161792145497,58.59682211941184,0.0120108453556883,51,0.08360655737705198,False
239.838,977.871, Cool.,0.18000000000000682,89,5,182.39086087527997,57.14015403295984,0.0102967070415616,51,0.11821493624772536,False
240.538,978.571, Shit.,0.36000000000001364,90,5,164.08044605121552,55.79920761860141,0.0087250201031565,51,0.1819672131147576,False
241.158,979.191, That,0.12000000000000455,91,5,159.30097330921083,39.219290050389624,0.0014121185522526,51,0.2384335154826969,False
241.278,979.311, is,0.21999999999999886,91,5,159.30097330921083,40.214573964289336,0.0012333920458331,51,0.24936247723133115,False
241.498,979.531, good.,0.28000000000000114,91,5,159.30097330921083,38.69711739354155,0.0014244047924876,51,0.2693989071038264,False
243.87799999999996,981.911, But,0.36000000000001364,92,5,176.8109002608746,47.45132740526799,0.0030853268690407,51,0.48615664845172774,False
244.23799999999997,982.271, I,0.36000000000001364,92,5,174.59744085400376,60.967369105260445,0.0158849824219885,51,0.5189435336976305,False
244.59799999999998,982.631, think,0.2600000000000193,92,5,171.2979327497675,53.44033362964249,0.0067485552281141,51,0.5517304189435331,False
244.858,982.8910000000001, it's,0.5600000000000023,92,5,153.80585551160013,52.00892661858536,0.0063984463922691,51,0.5754098360655749,False
245.418,983.451, really,0.3199999999999932,92,5,170.6048195221053,43.98753911709307,0.0022668873425573,51,0.6264116575591997,False
245.738,983.771, just,2.1200000000000045,92,5,162.58799671520327,52.10358280452939,0.0066580879502063,51,0.6555555555555559,False
247.858,985.8910000000001, like,0.29999999999998295,92,5,97.10166738288764,54.01080136553648,0.0068718912079961,51,0.8486338797814207,False
248.158,986.191, being,0.6200000000000045,92,5,84.76404186469233,39.877145632871176,0.001198049983941,51,0.8759562841530038,False
248.778,986.811, part,0.2400000000000091,92,5,172.18192452179662,42.21014250754163,0.0015980142634361,51,0.9324225865209456,False
249.018,987.051, of,0.09999999999999432,92,5,175.77729782926284,50.51370579371584,0.0047430698759875,51,0.9542805100182141,False
249.118,987.1510000000001," society,",0.37999999999999545,92,5,175.04369370938323,43.730235258400114,0.0021937498822808,51,0.9633879781420751,False
249.518,987.551, you,0.2599999999999909,92,5,162.2556513053448,50.37144019206358,0.0049809711053958,51,0.9998178506375217,False
249.778,987.811, just,0.18000000000000682,92,5,162.2556513053448,39.64327551330193,0.0012460022699087,-1,0.0,False
249.958,987.991, meet,0.21999999999999886,92,5,162.2556513053448,39.26523858189574,0.001363472663797,-1,0.0,False
250.178,988.211, so,0.2400000000000091,92,5,162.2556513053448,39.41438262258371,0.0013480820925907,-1,0.0,False
250.418,988.451, many,0.19999999999998863,92,5,162.2556513053448,39.515308478525355,0.0012810749467462,-1,0.0,False
250.618,988.6510000000001, people.,0.3599999999999852,92,5,98.0127897090102,41.670991545027114,0.0020682178437709,-1,0.0,False
250.97799999999998,989.011, So,0.2400000000000091,92,5,98.0127897090102,41.08712495496369,0.0014238887233659,-1,0.0,False
251.218,989.251, that's,0.2400000000000091,92,5,98.0127897090102,41.099946051433534,0.0015998602611944,52,0.24642857142854152,True
251.458,989.491, probably,0.2400000000000091,92,5,98.0127897090102,37.88355031597924,0.001609812839886,52,0.6750000000000064,False
251.698,989.731, really,0.29999999999998295,92,5,178.68626649007936,58.54446472705811,0.0123760439455509,-1,0.0,False
251.998,990.031, good,0.18000000000000682,92,5,91.69235836033646,42.773336482428135,0.0018972717225551,-1,0.0,False
252.178,990.211, for,0.19999999999998863,92,5,82.32132138287062,52.90703946162056,0.0062756044790173,-1,0.0,False
252.378,990.4110000000001, like,0.21999999999999886,92,5,84.808112366751,42.10821575820693,0.0020765734370797,-1,0.0,False
252.59799999999998,990.631, your,0.2400000000000091,92,5,84.808112366751,41.98609917106667,0.0017755049047991,-1,0.0,False
252.838,990.871, uni,0.36000000000001364,92,5,84.808112366751,39.59326628373767,0.0015174670843407,-1,0.0,False
253.198,991.231, experience.,1.6599999999999966,92,5,200.85835828116896,42.53956835096355,0.0019494742155075,-1,0.0,False
250.978,989.011, So,0.2400000000000091,93,5,98.0127897090102,41.08712495496369,0.0014238887233659,-1,0.0,False
251.21800000000002,989.251, that's,0.2400000000000091,93,5,98.0127897090102,41.099946051433534,0.0015998602611944,52,0.24642857142859229,False
251.45800000000003,989.491, probably,0.2400000000000091,93,5,98.0127897090102,37.88355031597924,0.001609812839886,52,0.6750000000000571,False
251.69800000000004,989.731, really,0.29999999999998295,93,5,178.68626649007936,58.54446472705811,0.0123760439455509,-1,0.0,False
251.99800000000002,990.0310000000001, good,0.18000000000000682,93,5,91.69235836033646,42.773336482428135,0.0018972717225551,-1,0.0,False
252.17800000000003,990.211, for,0.19999999999998863,93,5,82.32132138287062,52.90703946162056,0.0062756044790173,-1,0.0,False
252.37800000000001,990.4110000000001, like,0.21999999999999886,93,5,84.808112366751,42.10821575820693,0.0020765734370797,-1,0.0,False
252.598,990.6310000000001, your,0.2400000000000091,93,5,84.808112366751,41.98609917106667,0.0017755049047991,-1,0.0,False
252.83800000000002,990.8710000000001, uni,0.36000000000001364,93,5,84.808112366751,39.59326628373767,0.0015174670843407,-1,0.0,False
253.19800000000004,991.231, experience.,1.6599999999999966,93,5,200.85835828116896,42.53956835096355,0.0019494742155075,-1,0.0,False
256.418,994.451, Yeah.,0.5599999999999739,94,5,196.1359949832747,40.747498533062824,0.0015211987774819,53,0.49787985865724627,True
258.938,996.971, It's,0.5600000000000023,95,5,98.20040617231942,48.25625973974043,0.0036900313571095,53,0.9431095406360419,False
259.498,997.531, nice,0.12000000000000455,95,5,98.20040617231942,40.906365539811915,0.0015507118077948,-1,0.0,False
259.618,997.6510000000001, having,0.28000000000000114,95,5,98.20040617231942,38.43495040006216,0.0013752577360719,-1,0.0,False
259.898,997.931, people,0.30000000000001137,95,5,98.20040617231942,41.01548613601372,0.0015750942984595,-1,0.0,False
260.198,998.231, from,0.19999999999998863,95,5,98.20040617231942,39.81710552576072,0.0014000722439959,-1,0.0,False
260.398,998.431, your,0.12000000000000455,95,5,98.20040617231942,41.95062994502979,0.0016915705054998,-1,0.0,False
260.51800000000003,998.551, degree,0.28000000000000114,95,5,98.20040617231942,40.42637287832458,0.0013446031371131,-1,0.0,False
260.798,998.831, who,1.0200000000000102,95,5,98.20040617231942,40.861221494615265,0.0018141812179237,-1,0.0,False
261.818,999.851, knows,0.2799999999999727,95,5,98.20040617231942,43.03805210042567,0.0017836915794759,-1,0.0,False
262.09799999999996,1000.131, like,0.3199999999999932,95,5,195.65679992542232,41.65976654334648,0.0015954106347635,-1,0.0,False
262.418,1000.451, the,0.19999999999998863,95,5,195.65679992542232,40.346221506198034,0.0015433288644999,-1,0.0,False
262.61799999999994,1000.651, same,0.30000000000001137,95,5,195.65679992542232,39.170050261166224,0.0013490120181813,-1,0.0,False
262.918,1000.951, pain,0.22000000000002728,95,5,195.65679992542232,44.34760144562198,0.0022088347468525,-1,0.0,False
263.13800000000003,1001.171, that,0.2599999999999909,95,5,195.65679992542232,39.62632462149448,0.0012661970686167,-1,0.0,False
263.398,1001.431, you're,0.21999999999997044,95,5,195.65679992542232,38.8150826116313,0.0011921810219064,-1,0.0,False
263.61799999999994,1001.651, going,0.28000000000002956,95,5,195.65679992542232,41.203745427665815,0.0015140814939513,-1,0.0,False
263.898,1001.931, through.,0.6999999999999886,95,5,195.65679992542232,39.481556631425526,0.0013674864312633,-1,0.0,False
270.098,1008.1310000000001, Yeah.,0.5600000000000023,96,5,239.56654597740535,40.12752290549113,0.0013814675621689,-1,0.0,False
271.278,1009.311, So,0.4200000000000159,97,5,239.56654597740535,37.98427193593388,0.0010206571314483,56,0.4129310344827714,True
271.69800000000004,1009.731, do,0.21999999999997044,97,5,239.56654597740535,44.0756281263101,0.0022050493862479,56,0.5939655172413995,False
271.918,1009.951, you,0.30000000000001137,97,5,239.56654597740535,44.85297792949591,0.0024623072240501,56,0.6887931034482836,False
272.218,1010.251, attend,1.079999999999984,97,5,239.56654597740535,40.260214120247,0.0016366307390849,56,0.8181034482758751,False
273.298,1011.331, lectures,0.37999999999999545,97,5,239.56654597740535,42.76774281832001,0.0016916604945436,-1,0.0,False
273.678,1011.711, in,0.20000000000004547,97,5,239.56654597740535,42.39549794626751,0.0016496338648721,-1,0.0,False
273.87800000000004,1011.9110000000001, person?,0.2799999999999727,97,5,239.56654597740535,39.092341095872925,0.0012839301489293,-1,0.0,False
274.878,1012.9110000000001, Yeah.,0.36000000000001364,98,5,239.56654597740535,40.900502342293265,0.0015652885194867,-1,0.0,False
275.658,1013.691, There's,0.36000000000001364,99,5,239.56654597740535,37.94953991946438,0.0012485808692873,57,0.1817567567567617,True
276.01800000000003,1014.051, like,0.15999999999996817,99,5,234.91382641046965,37.44488523306505,0.001313729211688,57,0.30337837837838877,False
276.178,1014.211, two,0.7400000000000091,99,5,234.91382641046965,41.39619251785318,0.0014210178051143,57,0.35743243243243245,False
276.918,1014.951, of,0.1400000000000432,99,5,234.91382641046965,44.11158470732827,0.002145254286006,57,0.6074324324324373,False
277.05800000000005,1015.0910000000001," them,",0.1199999999999477,99,5,234.91382641046965,40.45559215849119,0.0015430614585056,57,0.6547297297297494,False
277.178,1015.211, but,0.10000000000002274,99,5,234.91382641046965,37.73024458784434,0.0012251927983015,57,0.6952702702702727,False
277.278,1015.311, I,0.2400000000000091,99,5,234.91382641046965,43.11095924808818,0.0023129179608076,57,0.7290540540540643,False
277.51800000000003,1015.551, just,0.0,99,5,234.91382641046965,45.45561050469016,0.0027063239831477,57,0.810135135135149,False
277.51800000000003,1015.551, don't,0.18000000000000682,99,5,234.91382641046965,45.45561050469016,0.0027063239831477,57,0.810135135135149,False
277.69800000000004,1015.731, mind.,0.2799999999999727,99,5,234.91382641046965,44.71077136208094,0.0025110386777669,57,0.8709459459459625,False
280.458,1018.491," Yeah,",0.36000000000001364,100,5,234.91382641046965,40.67414523907477,0.0016093298327177,58,0.40658682634730964,True
280.93800000000005,1018.971, I,0.060000000000002274,100,5,234.91382641046965,43.58819595223501,0.0017605415778234,58,0.5502994011976156,False
280.99800000000005,1019.0310000000001, think,0.13999999999998636,100,5,234.91382641046965,41.79171114703659,0.0019600561354309,58,0.5682634730539038,False
281.13800000000003,1019.171, it's,0.8199999999999932,100,5,234.91382641046965,42.59301228672763,0.0019697644747793,58,0.6101796407185707,False
281.958,1019.991, a,0.12000000000000455,100,5,234.91382641046965,39.17138539903431,0.0013249203329905,58,0.8556886227544986,False
282.07800000000003,1020.1110000000001," long,",0.18000000000000682,100,5,234.91382641046965,41.35894149674947,0.0019312546355649,58,0.8916167664670751,False
282.49800000000005,1020.5310000000001, I,0.0999999999999659,100,5,234.91382641046965,40.22950538699969,0.0014216647250577,-1,0.0,False
282.598,1020.6310000000001, think,0.160000000000025,100,5,234.91382641046965,36.89122658291199,0.0013421085895973,-1,0.0,False
282.75800000000004,1020.791, a,0.13999999999998636,100,5,212.1744232761849,51.83539235242178,0.005828674416989,59,0.06842105263160729,True
282.898,1020.931, long,0.060000000000002274,100,5,201.38104398328895,46.437244863356966,0.0032197777181863,59,0.19122807017545645,False
282.958,1020.991, person.,0.45999999999997954,100,5,201.38104398328895,48.547310355206456,0.0036316972691565,59,0.24385964912282748,False
284.43800000000005,1022.471, It's,0.17999999999994998,101,5,182.8702172589548,42.60286764914594,0.0015529894735664,-1,0.0,False
284.618,1022.6510000000001, like,0.12000000000000455,101,5,182.8702172589548,40.63826353604928,0.0013460946502164,-1,0.0,False
284.738,1022.771, a,0.08000000000004093,101,5,179.45082088271266,53.68389251766835,0.0069561772979795,-1,0.0,False
284.81800000000004,1022.8510000000001, two,0.2599999999999909,101,5,175.31507953176725,54.27697896668161,0.0072482912801206,-1,0.0,False
285.07800000000003,1023.1110000000001, hour,0.21999999999997044,101,5,170.07126849574462,46.881069161147735,0.0030232337303459,60,0.026684636118603167,True
285.298,1023.331," long,",0.36000000000001364,101,5,187.9157288197817,54.30689049101454,0.007283981423825,60,0.056334231805930654,False
285.81800000000004,1023.8510000000001, like,0.21999999999997044,101,5,166.03124873490052,56.473935901763205,0.0093276761472225,60,0.12641509433962844,False
286.038,1024.071, a,0.22000000000002728,101,5,170.34928251038002,51.28765517931532,0.0053680720739066,60,0.15606469002695592,False
286.25800000000004,1024.2910000000002, counting,0.18000000000000682,101,5,145.74889648187093,54.72638230762081,0.0073526636697351,60,0.18571428571429108,False
286.43800000000005,1024.471, one.,0.21999999999997044,101,5,91.76747245475757,53.40891178511525,0.0064723514951765,60,0.20997304582210866,False
286.838,1024.871, Let's,0.22000000000002728,101,5,185.94575933700767,38.77278433739131,0.0012328383745625,60,0.2638814016172537,False
287.05800000000005,1025.0910000000001, do,0.07999999999998408,101,5,176.10563319278802,57.52089038247409,0.0108948871493339,60,0.29353099730458887,False
287.13800000000003,1025.171, it.,0.12000000000000455,101,5,162.3102472216269,40.60520777344439,0.0017409706488251,60,0.3043126684636164,False
287.398,1025.431, I,0.07999999999998408,101,5,181.09359633895855,58.950025165392816,0.0123660722747445,60,0.3393530997304614,False
287.478,1025.511, like,0.18000000000000682,101,5,174.53665863646228,45.15520719288685,0.0026581569109112,60,0.3501347708894889,False
287.658,1025.691, it.,0.12000000000000455,101,5,170.51212849962835,55.45353072156586,0.0082458546385183,60,0.3743935309973065,False
286.838,1024.871, Let's,0.22000000000002728,102,5,185.94575933700767,38.77278433739131,0.0012328383745625,60,0.2638814016172537,False
287.05800000000005,1025.0910000000001, do,0.07999999999998408,102,5,176.10563319278802,57.52089038247409,0.0108948871493339,60,0.29353099730458887,False
287.13800000000003,1025.171, it.,0.12000000000000455,102,5,162.3102472216269,40.60520777344439,0.0017409706488251,60,0.3043126684636164,False
287.398,1025.431, I,0.07999999999998408,103,5,181.09359633895855,58.950025165392816,0.0123660722747445,60,0.3393530997304614,False
287.478,1025.511, like,0.18000000000000682,103,5,174.53665863646228,45.15520719288685,0.0026581569109112,60,0.3501347708894889,False
287.658,1025.691, it.,0.12000000000000455,103,5,170.51212849962835,55.45353072156586,0.0082458546385183,60,0.3743935309973065,False
288.01800000000003,1026.051, Okay.,0.30000000000001137,104,5,162.17513808158694,56.40582743357604,0.0092671737074851,60,0.42291105121294165,False
288.49800000000005,1026.531, Yeah.,0.07999999999998408,104,5,80.60267228284037,52.34506894903505,0.0058881747536361,60,0.48760107816712184,False
288.63800000000003,1026.671, That,0.0999999999999659,104,5,162.26399684406667,55.17745268131862,0.0082796057686209,60,0.5064690026954218,False
288.738,1026.771, is,0.160000000000025,104,5,160.34215956234584,48.21150380538639,0.0031573846936225,60,0.5199460916442042,False
288.898,1026.931, good.,0.2599999999999909,104,5,186.15873802312143,45.26006503851776,0.0028518268372863,60,0.5415094339622669,False
288.49800000000005,1026.531, Yeah.,0.07999999999998408,105,5,80.60267228284037,52.34506894903505,0.0058881747536361,60,0.48760107816712184,False
288.63800000000003,1026.671, That,0.0999999999999659,106,5,162.26399684406667,55.17745268131862,0.0082796057686209,60,0.5064690026954218,False
288.738,1026.771, is,0.160000000000025,106,5,160.34215956234584,48.21150380538639,0.0031573846936225,60,0.5199460916442042,False
288.898,1026.931, good.,0.2599999999999909,106,5,186.15873802312143,45.26006503851776,0.0028518268372863,60,0.5415094339622669,False
290.218,1028.251, How,0.36000000000001364,107,5,102.41938247228346,40.502812373544366,0.0012674070894719,60,0.7194070080862548,False
290.57800000000003,1028.611, did,0.13999999999998636,107,5,102.41938247228346,40.28129667053409,0.0014274377608671,60,0.76792452830189,False
290.718,1028.751, you,0.18000000000000682,107,5,102.41938247228346,40.15773870107482,0.0015860429266465,60,0.78679245283019,False
290.898,1028.931, know,0.18000000000000682,107,5,102.41938247228346,47.9284255250396,0.0033049380872398,60,0.8110512129380075,False
291.07800000000003,1029.111, you,0.339999999999975,107,5,175.0897463330811,42.50052821105048,0.0020913979969918,60,0.8353099730458251,False
291.418,1029.451," wanted,",0.34000000000003183,107,5,175.0897463330811,47.778607579653915,0.0034341837745159,60,0.8811320754716977,False
292.178,1030.211, like,0.2400000000000091,107,5,95.10903279132154,48.82429668927757,0.003972087521106,60,0.9835579514824779,False
292.418,1030.451, how,0.2400000000000091,107,5,95.10903279132154,41.257215049850174,0.001731373835355,-1,0.0,False
292.658,1030.691, did,0.12000000000000455,107,5,95.10903279132154,41.43182879081824,0.0016709672054267,-1,0.0,False
292.778,1030.8110000000001, you,0.19999999999998863,107,5,95.10903279132154,42.554287533840785,0.0020150484051555,61,0.00797546012270257,True
292.978,1031.011, know,0.22000000000002728,107,5,95.10903279132154,42.66627572928723,0.0017782633658498,61,0.028425357873212594,False
293.19800000000004,1031.231, that's,0.3199999999999932,107,5,95.10903279132154,40.46740878089971,0.0014745851512998,61,0.05092024539877769,False
293.51800000000003,1031.551, what,0.12000000000000455,107,5,95.10903279132154,42.10774659408212,0.0018306914716959,61,0.08364008179959488,False
293.63800000000003,1031.671, you,0.12000000000000455,107,5,95.10903279132154,42.36694572818397,0.0018218525219708,61,0.09591002044990206,False
293.75800000000004,1031.7910000000002, wanted,0.18000000000000682,107,5,95.10903279132154,41.09669586685395,0.0014287588419392,61,0.10817995910020924,False
293.93800000000005,1031.971, to,0.21999999999997044,107,5,95.10903279132154,41.448037653987846,0.0018505263142287,61,0.12658486707567002,False
294.158,1032.191, do,0.160000000000025,107,5,95.10903279132154,41.59635531822551,0.0016082294750962,61,0.1490797546012293,False
294.31800000000004,1032.351, with,0.19999999999998863,107,5,95.10903279132154,39.7935059809317,0.0013710871571674,61,0.1654396728016408,False
294.51800000000003,1032.551, your,0.15999999999996817,107,5,95.10903279132154,40.596573349587274,0.0016015154542401,61,0.18588957055215083,False
294.678,1032.711," degree,",0.6200000000000045,107,5,95.10903279132154,42.69065529969849,0.0018496006960049,61,0.20224948875255652,False
296.098,1034.131, like,0.660000000000025,107,5,103.72005321626294,45.4879562793945,0.0028016376309106,61,0.34744376278118755,False
296.75800000000004,1034.7910000000002, picking,0.5600000000000023,107,5,103.72005321626294,40.23676648984555,0.0016425289213657,61,0.41492842535787705,False
297.31800000000004,1035.351, it?,0.3199999999999932,107,5,103.72005321626294,40.4691056717208,0.0012532226974144,61,0.47218813905930856,False
294.678,1032.711," degree,",0.6200000000000045,108,5,95.10903279132154,42.69065529969849,0.0018496006960049,61,0.20224948875255652,False
296.098,1034.131, like,0.660000000000025,108,5,103.72005321626294,45.4879562793945,0.0028016376309106,61,0.34744376278118755,False
296.75800000000004,1034.7910000000002, picking,0.5600000000000023,108,5,103.72005321626294,40.23676648984555,0.0016425289213657,61,0.41492842535787705,False
297.31800000000004,1035.351, it?,0.3199999999999932,108,5,103.72005321626294,40.4691056717208,0.0012532226974144,61,0.47218813905930856,False
298.038,1036.071," Like,",0.19999999999998863,109,5,103.72005321626294,38.82101103735492,0.0011424912372604,61,0.5458077709611459,False
298.238,1036.271, I,0.0,109,5,103.72005321626294,40.65494923384935,0.0013823028421029,61,0.5662576687116558,False
298.238,1036.271, was,0.660000000000025,109,5,103.72005321626294,40.65494923384935,0.0013823028421029,61,0.5662576687116558,False
298.898,1036.931, like,0.10000000000002274,109,5,103.72005321626294,41.37965918281261,0.0022490257397294,61,0.6337423312883453,False
298.99800000000005,1037.031, chasing,0.2599999999999909,109,5,102.32881444577416,47.59063154551887,0.0034028051886707,61,0.6439672801636033,False
299.25800000000004,1037.2910000000002, out,0.19999999999998863,109,5,102.4183132112872,48.85423191390702,0.0041834060102701,61,0.6705521472392668,False
299.458,1037.491, the,0.07999999999998408,109,5,102.4183132112872,44.69366946213028,0.0023719319142401,61,0.6910020449897769,False
299.538,1037.571, concept,0.160000000000025,109,5,102.4183132112872,45.248943810141306,0.0027029928751289,61,0.6991820040899798,False
299.69800000000004,1037.731, before,0.36000000000001364,109,5,102.4183132112872,45.24011892197208,0.0030464450828731,61,0.7155419222903913,False
300.05800000000005,1038.0910000000001, you.,0.13999999999998636,109,5,102.4183132112872,46.38563619372184,0.0030150071252137,61,0.7523517382413127,False
300.19800000000004,1038.231, I,0.30000000000001137,109,5,102.4183132112872,43.36666111956728,0.0020006017293781,61,0.7666666666666692,False
300.49800000000005,1038.531, was,0.15999999999996817,109,5,125.68799224467344,42.15602651530224,0.0018596979789435,61,0.7973415132924371,False
300.658,1038.691," like,",0.13999999999998636,109,5,125.68799224467344,45.24015277874682,0.002632393036038,61,0.8137014314928428,False
300.858,1038.891," well,",0.1400000000000432,109,5,125.68799224467344,47.086986639182925,0.0032229882199317,61,0.8341513292433529,False
301.07800000000003,1039.111, you,0.01999999999998181,109,5,125.68799224467344,46.77425039955806,0.0026580323465168,61,0.856646216768918,False
301.098,1039.131," know,",0.7200000000000273,109,5,125.68799224467344,44.00347188241949,0.0024849169421955,61,0.8586912065439672,False
301.81800000000004,1039.851, I,2.0,109,5,121.56911734350092,39.787890309717035,0.0014559793053194,61,0.9323108384458103,False
303.81800000000004,1041.851, was,0.03999999999996362,109,5,229.78975110572216,48.76668795103642,0.0038401901256293,-1,0.0,False
303.858,1041.891, looking,0.20000000000004547,109,5,229.78975110572216,48.446702611087346,0.0035804158542305,-1,0.0,False
304.05800000000005,1042.0910000000001, at,0.19999999999998863,109,5,229.78975110572216,41.9497351066851,0.0018713049357756,63,0.03854748603352912,True
304.25800000000004,1042.2910000000002, it,0.01999999999998181,109,5,229.78975110572216,41.416180841004454,0.0014803960220888,63,0.0944134078212357,False
304.278,1042.3110000000001, with,0.060000000000002274,109,5,229.78975110572216,39.90627679508859,0.0014589335769414,63,0.10000000000000159,False
304.338,1042.371, an,0.12000000000000455,109,5,229.78975110572216,40.6459482046539,0.0014665019698441,63,0.11675977653631514,False
304.458,1042.491, eye.,0.15999999999996817,109,5,229.78975110572216,44.57810790911105,0.0022031832486391,63,0.15027932960894227,False
304.778,1042.8110000000001, I,0.13999999999998636,109,5,229.78975110572216,40.688221791282,0.0013968180865049,63,0.23966480446927596,False
304.918,1042.951, know,0.0,109,5,229.78975110572216,41.393359347084775,0.0020221825689077,63,0.27877094972066896,False
304.918,1042.951," like,",0.18000000000000682,109,5,229.78975110572216,41.393359347084775,0.0020221825689077,63,0.27877094972066896,False
305.158,1043.191, how,0.12000000000000455,109,5,229.78975110572216,45.42935857558379,0.0027052063960572,63,0.34581005586592317,False
305.278,1043.3110000000001, it,0.10000000000002274,109,5,229.78975110572216,40.67555006549749,0.0015686171827837,63,0.37932960893855033,False
305.37800000000004,1043.411, looks,0.2599999999999909,109,5,229.78975110572216,44.93327225167516,0.0022063634824007,63,0.40726256983241155,False
305.63800000000003,1043.671, like,0.36000000000001364,109,5,229.78975110572216,44.13076848884821,0.0021801283583045,63,0.47988826815643165,False
305.99800000000005,1044.031, up,0.21999999999997044,109,5,217.9332603300988,43.93200356678809,0.002602259395644,63,0.580446927374313,False
306.218,1044.251, like,0.18000000000000682,109,5,217.9332603300988,41.95311054208131,0.0017598149133841,63,0.6418994413407855,False
306.398,1044.431, in,0.19999999999998863,109,5,217.9332603300988,40.669618899089166,0.0014444194966927,63,0.6921787709497261,False
306.598,1044.631, high,0.160000000000025,109,5,217.9332603300988,44.335450903127104,0.0024227076210084,63,0.7480446927374327,False
306.75800000000004,1044.7910000000002," school,",0.21999999999997044,109,5,217.9332603300988,44.826865805778034,0.0024767492432147,63,0.7927374301676076,False
307.118,1045.151, in,0.0,109,5,217.9332603300988,42.86824019936121,0.0019580777734518,63,0.893296089385473,False
307.118,1045.151, business,0.30000000000001137,109,5,217.9332603300988,42.86824019936121,0.0019580777734518,63,0.893296089385473,False
307.418,1045.451, studies.,0.4000000000000341,109,5,217.9332603300988,41.291682864460086,0.0016988402931019,63,0.9770949720670408,False
300.19800000000004,1038.231, I,0.30000000000001137,110,5,102.4183132112872,43.36666111956728,0.0020006017293781,61,0.7666666666666692,False
300.49800000000005,1038.531, was,0.15999999999996817,110,5,125.68799224467344,42.15602651530224,0.0018596979789435,61,0.7973415132924371,False
300.658,1038.691," like,",0.13999999999998636,110,5,125.68799224467344,45.24015277874682,0.002632393036038,61,0.8137014314928428,False
300.858,1038.891," well,",0.1400000000000432,110,5,125.68799224467344,47.086986639182925,0.0032229882199317,61,0.8341513292433529,False
301.07800000000003,1039.111, you,0.01999999999998181,110,5,125.68799224467344,46.77425039955806,0.0026580323465168,61,0.856646216768918,False
301.098,1039.131," know,",0.7200000000000273,110,5,125.68799224467344,44.00347188241949,0.0024849169421955,61,0.8586912065439672,False
301.81800000000004,1039.851, I,2.0,110,5,121.56911734350092,39.787890309717035,0.0014559793053194,61,0.9323108384458103,False
303.81800000000004,1041.851, was,0.03999999999996362,110,5,229.78975110572216,48.76668795103642,0.0038401901256293,-1,0.0,False
303.858,1041.891, looking,0.20000000000004547,110,5,229.78975110572216,48.446702611087346,0.0035804158542305,-1,0.0,False
304.05800000000005,1042.0910000000001, at,0.19999999999998863,110,5,229.78975110572216,41.9497351066851,0.0018713049357756,63,0.03854748603352912,False
304.25800000000004,1042.2910000000002, it,0.01999999999998181,110,5,229.78975110572216,41.416180841004454,0.0014803960220888,63,0.0944134078212357,False
304.278,1042.3110000000001, with,0.060000000000002274,110,5,229.78975110572216,39.90627679508859,0.0014589335769414,63,0.10000000000000159,False
304.338,1042.371, an,0.12000000000000455,110,5,229.78975110572216,40.6459482046539,0.0014665019698441,63,0.11675977653631514,False
304.458,1042.491, eye.,0.15999999999996817,110,5,229.78975110572216,44.57810790911105,0.0022031832486391,63,0.15027932960894227,False
304.778,1042.8110000000001, I,0.13999999999998636,111,5,229.78975110572216,40.688221791282,0.0013968180865049,63,0.23966480446927596,False
304.918,1042.951, know,0.0,111,5,229.78975110572216,41.393359347084775,0.0020221825689077,63,0.27877094972066896,False
304.918,1042.951," like,",0.18000000000000682,111,5,229.78975110572216,41.393359347084775,0.0020221825689077,63,0.27877094972066896,False
305.158,1043.191, how,0.12000000000000455,111,5,229.78975110572216,45.42935857558379,0.0027052063960572,63,0.34581005586592317,False
305.278,1043.3110000000001, it,0.10000000000002274,111,5,229.78975110572216,40.67555006549749,0.0015686171827837,63,0.37932960893855033,False
305.37800000000004,1043.411, looks,0.2599999999999909,111,5,229.78975110572216,44.93327225167516,0.0022063634824007,63,0.40726256983241155,False
305.63800000000003,1043.671, like,0.36000000000001364,111,5,229.78975110572216,44.13076848884821,0.0021801283583045,63,0.47988826815643165,False
305.99800000000005,1044.031, up,0.21999999999997044,111,5,217.9332603300988,43.93200356678809,0.002602259395644,63,0.580446927374313,False
306.218,1044.251, like,0.18000000000000682,111,5,217.9332603300988,41.95311054208131,0.0017598149133841,63,0.6418994413407855,False
306.398,1044.431, in,0.19999999999998863,111,5,217.9332603300988,40.669618899089166,0.0014444194966927,63,0.6921787709497261,False
306.598,1044.631, high,0.160000000000025,111,5,217.9332603300988,44.335450903127104,0.0024227076210084,63,0.7480446927374327,False
306.75800000000004,1044.7910000000002," school,",0.21999999999997044,111,5,217.9332603300988,44.826865805778034,0.0024767492432147,63,0.7927374301676076,False
307.118,1045.151, in,0.0,111,5,217.9332603300988,42.86824019936121,0.0019580777734518,63,0.893296089385473,False
307.118,1045.151, business,0.30000000000001137,111,5,217.9332603300988,42.86824019936121,0.0019580777734518,63,0.893296089385473,False
307.418,1045.451, studies.,0.4000000000000341,111,5,217.9332603300988,41.291682864460086,0.0016988402931019,63,0.9770949720670408,False
308.05800000000005,1046.0910000000001, And,0.03999999999996362,112,5,112.85641718380268,41.20496374045447,0.0015267060371115,-1,0.0,False
308.098,1046.131, then,0.07999999999998408,112,5,112.85641718380268,38.83813501131674,0.0014539887197307,-1,0.0,False
308.178,1046.211, you,0.1400000000000432,112,5,112.85641718380268,40.985343940595186,0.0014648746000602,-1,0.0,False
308.31800000000004,1046.351, really,0.15999999999996817,112,5,112.85641718380268,42.55697505987192,0.0017199132125824,64,0.008444444444459501,True
308.478,1046.511, like,0.2400000000000091,112,5,112.85641718380268,47.89619554407404,0.003352774772793,64,0.044000000000007984,False
308.718,1046.751, it.,0.19999999999998863,112,5,112.85641718380268,46.537999271932456,0.0032156254164888,64,0.09733333333334333,False
309.25800000000004,1047.2910000000002, And,0.0,113,5,112.85641718380268,43.46077869177724,0.0024587747175246,64,0.2173333333333479,False
309.25800000000004,1047.2910000000002, I,0.47999999999996135,113,5,112.85641718380268,43.46077869177724,0.0024587747175246,64,0.2173333333333479,False
309.738,1047.771, wanted,0.26000000000004775,113,5,112.85641718380268,40.111074739154,0.0013831909745931,64,0.32400000000000595,False
309.99800000000005,1048.031, to,0.23999999999995225,113,5,112.85641718380268,43.595959971083126,0.0020941742695868,64,0.38177777777779437,False
310.238,1048.271, finance,0.22000000000002728,113,5,112.85641718380268,39.37131579682941,0.0014678133884444,64,0.43511111111111705,False
310.458,1048.491," like,",0.39999999999997726,113,5,112.85641718380268,40.95269823923635,0.0013209325261414,64,0.48400000000001203,False
310.93800000000005,1048.971," well,",0.0999999999999659,113,5,253.90651463037025,44.631045857711655,0.0022067492827773,64,0.5906666666666828,False
311.07800000000003,1049.111, this,0.339999999999975,113,5,253.90651463037025,42.531153380412704,0.0020687920041382,64,0.6217777777777909,False
311.418,1049.451, is,0.12000000000000455,113,5,253.90651463037025,39.08344724326963,0.0012718475190922,64,0.6973333333333408,False
311.538,1049.571, easy.,0.5600000000000023,113,5,253.90651463037025,40.922051647024766,0.0015566318761557,64,0.7240000000000085,False
312.238,1050.271, A,0.060000000000002274,113,5,253.90651463037025,43.232130434290525,0.002230689395219,64,0.8795555555555615,False
312.298,1050.3310000000001, lot,0.1400000000000432,113,5,253.90651463037025,47.345562839114514,0.0034858952276408,64,0.8928888888888954,False
312.43800000000005,1050.471, for,0.17999999999994998,113,5,253.90651463037025,47.02820056853117,0.0031919691246002,64,0.924000000000016,False
312.618,1050.651, this.,0.22000000000002728,113,5,253.90651463037025,39.927165622269946,0.0016158842481672,64,0.964000000000005,False
312.238,1050.271, A,0.060000000000002274,114,5,253.90651463037025,43.232130434290525,0.002230689395219,64,0.8795555555555615,False
312.298,1050.3310000000001, lot,0.1400000000000432,114,5,253.90651463037025,47.345562839114514,0.0034858952276408,64,0.8928888888888954,False
312.43800000000005,1050.471, for,0.17999999999994998,114,5,253.90651463037025,47.02820056853117,0.0031919691246002,64,0.924000000000016,False
312.618,1050.651, this.,0.22000000000002728,114,5,253.90651463037025,39.927165622269946,0.0016158842481672,64,0.964000000000005,False
313.07800000000003,1051.111, Yeah.,0.13999999999998636,115,5,253.90651463037025,39.74053733243058,0.0012921664165332,-1,0.0,False
313.618,1051.651, I,0.10000000000002274,116,5,127.36730170666311,40.30792652256801,0.0012736661592498,65,0.013235294117627083,True
313.718,1051.751, like,0.10000000000002274,116,5,127.36730170666311,41.180666506536426,0.0017211618833244,65,0.08676470588235202,False
313.81800000000004,1051.851, all,0.13999999999998636,116,5,127.36730170666311,41.80274019918331,0.001713438774459,65,0.16029411764707696,False
313.958,1051.991, the,0.10000000000002274,116,5,127.36730170666311,41.554050461731,0.0020190512295812,65,0.26323529411765845,False
314.05800000000005,1052.0910000000001, elements,0.21999999999997044,116,5,127.36730170666311,45.87235724595392,0.0028445015195757,65,0.3367647058823834,False
314.278,1052.3110000000001, for,0.2599999999999909,116,5,127.36730170666311,45.4304264720627,0.0028528738766908,65,0.4985294117647197,False
314.538,1052.571, the,0.2400000000000091,116,5,127.36730170666311,46.4563556662824,0.0026281883474439,65,0.6897058823529544,False
314.778,1052.8110000000001, counts,0.2400000000000091,116,5,127.36730170666311,44.3085610634399,0.0026459279470145,65,0.8661764705882607,False
315.01800000000003,1053.051, and,0.21999999999997044,116,5,127.36730170666311,48.61347214950086,0.0038953295443207,-1,0.0,False
315.238,1053.271," the,",0.10000000000002274,116,5,127.36730170666311,43.42806870580303,0.0022525978274643,66,0.029591836734690475,True
315.418,1053.451, you,0.7400000000000091,116,5,127.36730170666311,39.05541528984115,0.0013783146860077,66,0.12142857142857247,False
316.158,1054.191," know,",0.01999999999998181,116,5,224.4566300212737,38.42384730545074,0.0012651400174948,66,0.4989795918367443,False
316.218,1054.251, something,0.22000000000002728,116,5,224.4566300212737,40.35811774295176,0.0015333177288985,66,0.529591836734705,False
316.43800000000005,1054.471, that,0.15999999999996817,116,5,224.4566300212737,45.109727986837605,0.0026797039899975,66,0.6418367346939038,False
316.598,1054.631, I,0.060000000000002274,116,5,224.4566300212737,45.233688288600106,0.0022835596464577,66,0.7234693877551128,False
316.658,1054.691, was,0.07999999999998408,116,5,224.4566300212737,44.324284051690874,0.0025090202689188,66,0.7540816326530735,False
316.738,1054.771, really,0.2400000000000091,116,5,224.4566300212737,41.03452331309796,0.0015685510588809,66,0.794897959183678,False
316.978,1055.011, worth.,0.28000000000002956,116,5,224.4566300212737,42.91881120362277,0.00227618124336,66,0.9173469387755208,False
317.358,1055.391, And,0.12000000000000455,116,5,224.4566300212737,41.52713730829187,0.0017753225984051,-1,0.0,False
317.478,1055.511, I,0.060000000000002274,116,5,224.4566300212737,40.33380599022787,0.0013643230777233,-1,0.0,False
317.538,1055.571, quite,0.12000000000000455,116,5,224.4566300212737,37.06784923342566,0.0011029185261577,-1,0.0,False
317.658,1055.691, like,0.22000000000002728,116,5,181.64276357967887,51.74591011141846,0.0055947257205826,-1,0.0,False
317.87800000000004,1055.911, it.,0.23999999999995225,116,5,178.37223506585795,40.37761343811475,0.001607114681974,-1,0.0,False
317.358,1055.391, And,0.12000000000000455,117,5,224.4566300212737,41.52713730829187,0.0017753225984051,-1,0.0,False
317.478,1055.511, I,0.060000000000002274,117,5,224.4566300212737,40.33380599022787,0.0013643230777233,-1,0.0,False
317.538,1055.571, quite,0.12000000000000455,117,5,224.4566300212737,37.06784923342566,0.0011029185261577,-1,0.0,False
317.658,1055.691, like,0.22000000000002728,117,5,181.64276357967887,51.74591011141846,0.0055947257205826,-1,0.0,False
317.87800000000004,1055.911, it.,0.23999999999995225,117,5,178.37223506585795,40.37761343811475,0.001607114681974,-1,0.0,False
318.51800000000003,1056.551, Yeah.,0.19999999999998863,118,5,200.0088587688199,40.452844712611,0.0015302101382985,67,0.2660714285714426,True
318.93800000000005,1056.971, It's,0.2599999999999909,119,5,203.76240621573257,49.46733165713972,0.0054529020562767,67,0.6410714285714744,False
319.19800000000004,1057.231, definitely,0.37999999999999545,119,5,165.86225405891486,50.7180360650904,0.0049926489591598,67,0.8732142857143342,False
319.57800000000003,1057.611, getting,0.21999999999997044,119,5,289.01700574987274,39.49356022895709,0.001351086073555,-1,0.0,False
319.798,1057.8310000000001, a,0.10000000000002274,119,5,289.01700574987274,43.51019576192538,0.0022223542910069,-1,0.0,False
319.898,1057.931, bit,0.13999999999998636,119,5,289.01700574987274,41.22427830183348,0.0014051726320758,-1,0.0,False
320.038,1058.071, harder.,0.2599999999999909,119,5,289.01700574987274,40.954393752431386,0.0015696549089625,68,0.009764309764308542,True
320.51800000000003,1058.551, But,0.07999999999998408,120,5,163.51775233803656,44.90282349821369,0.002653120085597,68,0.09057239057239244,False
320.598,1058.631, it's,0.5400000000000205,120,5,159.3907200780915,52.29995209260652,0.005855047609656,68,0.10404040404040324,False
321.13800000000003,1059.171, still,0.7199999999999704,120,5,156.1045837264201,46.302898810709024,0.0028622937388718,68,0.19494949494949762,False
321.858,1059.891, like,0.20000000000004547,120,5,156.1045837264201,49.10939870249173,0.0040454398840665,68,0.3161616161616139,False
322.05800000000005,1060.0910000000001, enjoyable.,0.4199999999999591,120,5,156.1045837264201,41.71889350146604,0.0017588416812941,68,0.34983164983165527,False
322.898,1060.931, Yeah.,0.21999999999997044,121,5,156.1045837264201,37.77989719440999,0.0012101412285119,68,0.4912457912457925,False
323.55800000000005,1061.5910000000001, Is,0.1199999999999477,122,5,156.1045837264201,40.662292794323264,0.0015810602344572,68,0.6023569023569079,False
323.678,1061.711, it,0.12000000000000455,122,5,186.22609033223705,40.28333625033448,0.0014614051906391,68,0.6225589225589193,False
323.798,1061.8310000000001, a,0.28000000000002956,122,5,186.22609033223705,39.78221637161009,0.0014026184799149,68,0.6427609427609402,False
324.07800000000003,1062.111, lot,0.15999999999996817,122,5,186.22609033223705,43.0111482756409,0.0019108150154352,68,0.6898989898989923,False
324.238,1062.271, of,0.22000000000002728,122,5,186.22609033223705,41.579996736726464,0.0017774602165445,68,0.7168350168350139,False
324.458,1062.491, math?,0.21999999999997044,122,5,186.22609033223705,41.89733914441399,0.0018393350765109,68,0.7538720538720556,False
325.31800000000004,1063.351," Like,",0.13999999999998636,123,5,186.22609033223705,42.424567678234496,0.0019664873834699,68,0.8986531986532027,False
325.458,1063.491, let's,0.3199999999999932,123,5,186.22609033223705,40.68906355972375,0.0014815944014117,68,0.922222222222224,False
325.778,1063.8110000000001, all,0.07999999999998408,123,5,186.22609033223705,45.41431473666682,0.0025202468968927,68,0.9760942760942768,False
325.858,1063.891, get,0.12000000000000455,123,5,186.22609033223705,41.2916900793272,0.0016166010173037,68,0.9895622895622875,False
325.978,1064.011, a,0.12000000000000455,123,5,186.22609033223705,39.97156530310821,0.0013992636231705,-1,0.0,False
326.098,1064.131," map,",0.160000000000025,123,5,186.22609033223705,39.28040443517149,0.0012817686656489,-1,0.0,False
326.458,1064.491, but,0.10000000000002274,123,5,186.22609033223705,48.39520000875084,0.0036080966237932,-1,0.0,False
326.55800000000005,1064.5910000000001, it's,0.23999999999995225,123,5,186.22609033223705,39.815574513831585,0.0013885430525988,-1,0.0,False
326.798,1064.8310000000001, not,0.30000000000001137,123,5,181.13275672027183,47.38952677653452,0.0034070895053446,-1,0.0,False
327.098,1065.131, really,0.13999999999998636,123,5,181.13275672027183,41.05247910449711,0.0017234821571035,-1,0.0,False
327.238,1065.271, what,0.26000000000004775,123,5,191.50739553306872,41.702187751282814,0.0017294549616053,-1,0.0,False
327.49800000000005,1065.531, I,0.15999999999996817,123,5,191.50739553306872,50.30750953499823,0.0046022250317037,-1,0.0,False
327.658,1065.691, was,0.0,123,5,185.08373483239924,50.61568218761017,0.0046302955597638,-1,0.0,False
327.658,1065.691, trying,0.07999999999998408,123,5,185.08373483239924,50.61568218761017,0.0046302955597638,-1,0.0,False
327.738,1065.771, to,0.26000000000004775,123,5,185.08373483239924,47.030452171989594,0.0033004567958414,-1,0.0,False
327.99800000000005,1066.031, say.,0.0,123,5,203.07784159978164,43.20235724729227,0.0029387765098363,-1,0.0,False
327.99800000000005,1066.031, It's,0.07999999999998408,123,5,203.07784159978164,43.20235724729227,0.0029387765098363,-1,0.0,False
328.07800000000003,1066.111, like,0.12000000000000455,123,5,192.06517263188348,42.36576470830825,0.0024705866817384,69,0.061702127659627355,True
328.19800000000004,1066.231," dividing,",1.099999999999966,123,5,192.06517263188348,40.39979616434171,0.001242290250957,69,0.18936170212771763,False
329.678,1067.711," like,",0.4600000000000364,123,5,195.30323730598025,47.46470714274325,0.0034664701670408,70,0.14201680672269532,True
330.19800000000004,1068.231, and,0.0999999999999659,123,5,207.5113761064919,40.01667143296062,0.0016543518286198,70,0.36050420168069,False
330.298,1068.3310000000001, then,0.0,123,5,209.295326047699,56.93182035725543,0.0091470992192626,70,0.4025210084033638,False
330.298,1068.3310000000001, it's,0.160000000000025,123,5,209.295326047699,56.93182035725543,0.0091470992192626,70,0.4025210084033638,False
330.458,1068.491, kind,0.12000000000000455,123,5,174.41588459617233,57.35609834653516,0.0101413521915674,70,0.46974789915967535,False
330.57800000000003,1068.611, of,0.07999999999998408,123,5,176.94348773189762,45.26611800344056,0.0025473709683865,70,0.520168067226903,False
330.658,1068.691, like,0.18000000000000682,123,5,175.6168549663445,54.04291654233194,0.0069517968222458,70,0.5537815126050468,False
330.838,1068.871, a,0.040000000000020464,123,5,168.7153382348886,53.57969523250909,0.006427131127566,70,0.6294117647058884,False
330.87800000000004,1068.911, cost.,0.37999999999999545,123,5,162.96359197080767,55.331315056987904,0.0082108126953244,70,0.6462184873949722,False
327.99800000000005,1066.031, It's,0.07999999999998408,124,5,203.07784159978164,43.20235724729227,0.0029387765098363,-1,0.0,False
328.07800000000003,1066.111, like,0.12000000000000455,124,5,192.06517263188348,42.36576470830825,0.0024705866817384,69,0.061702127659627355,False
328.19800000000004,1066.231," dividing,",1.099999999999966,124,5,192.06517263188348,40.39979616434171,0.001242290250957,69,0.18936170212771763,False
329.678,1067.711," like,",0.4600000000000364,124,5,195.30323730598025,47.46470714274325,0.0034664701670408,70,0.14201680672269532,False
330.19800000000004,1068.231, and,0.0999999999999659,124,5,207.5113761064919,40.01667143296062,0.0016543518286198,70,0.36050420168069,False
330.298,1068.3310000000001, then,0.0,124,5,209.295326047699,56.93182035725543,0.0091470992192626,70,0.4025210084033638,False
330.298,1068.3310000000001, it's,0.160000000000025,124,5,209.295326047699,56.93182035725543,0.0091470992192626,70,0.4025210084033638,False
330.458,1068.491, kind,0.12000000000000455,124,5,174.41588459617233,57.35609834653516,0.0101413521915674,70,0.46974789915967535,False
330.57800000000003,1068.611, of,0.07999999999998408,124,5,176.94348773189762,45.26611800344056,0.0025473709683865,70,0.520168067226903,False
330.658,1068.691, like,0.18000000000000682,124,5,175.6168549663445,54.04291654233194,0.0069517968222458,70,0.5537815126050468,False
330.838,1068.871, a,0.040000000000020464,124,5,168.7153382348886,53.57969523250909,0.006427131127566,70,0.6294117647058884,False
330.87800000000004,1068.911, cost.,0.37999999999999545,124,5,162.96359197080767,55.331315056987904,0.0082108126953244,70,0.6462184873949722,False
331.658,1069.691, Okay.,0.4200000000000159,125,5,92.81798609719212,48.01826026534273,0.0037398566491906,70,0.9739495798319284,False
332.57800000000003,1070.611, Yeah.,0.45999999999997954,126,5,93.7080224201116,39.69272458393895,0.0014140193816274,71,0.10777027027027566,True
333.358,1071.391, It's,0.0,127,5,97.43976140012776,39.074971068783526,0.0012950998498126,71,0.23952702702702747,False
333.358,1071.391, a,0.08000000000004093,127,5,97.43976140012776,39.074971068783526,0.0012950998498126,71,0.23952702702702747,False
333.43800000000005,1071.471, bit,0.15999999999996817,127,5,97.43976140012776,40.026233739056586,0.0013407132355496,71,0.25304054054054786,False
333.598,1071.631, of,0.160000000000025,127,5,97.43976140012776,38.16208299641199,0.001214727992192,71,0.28006756756756945,False
333.75800000000004,1071.7910000000002, a,0.060000000000002274,127,5,97.43976140012776,40.954408378693685,0.0015216202009469,71,0.3070945945946006,False
333.81800000000004,1071.851, piece.,0.07999999999998408,127,5,97.43976140012776,37.91508149681715,0.0011879447847604,71,0.3172297297297361,False
333.978,1072.011, Alright.,0.3199999999999932,127,5,97.43976140012776,46.32808031319232,0.002515863860026,71,0.34425675675675765,False
333.978,1072.011, Alright.,0.3199999999999932,128,5,97.43976140012776,46.32808031319232,0.002515863860026,71,0.34425675675675765,False
334.678,1072.711, It's,0.4600000000000364,129,5,97.43976140012776,50.298613607449234,0.004472435452044,71,0.4624999999999987,False
335.13800000000003,1073.171, like,0.07999999999998408,129,5,101.423159550335,43.195519356745585,0.0020172938238829,71,0.5402027027027073,False
335.218,1073.251," calculation,",0.5199999999999818,129,5,101.423159550335,45.00901759477889,0.002502715680748,71,0.5537162162162181,False
336.178,1074.211, but,0.08000000000004093,129,5,175.98724619480512,47.17832105647366,0.0034264910500496,71,0.7158783783783764,False
336.25800000000004,1074.2910000000002, not,0.2599999999999909,129,5,175.98724619480512,47.89778521519848,0.0034827233757823,71,0.7293918918918968,False
336.51800000000003,1074.551, math.,0.5400000000000205,129,5,178.15372300454376,51.281969558099966,0.0052459686994552,71,0.773310810810814,False
337.278,1075.3110000000001, Yeah.,0.22000000000002728,130,5,138.83636030699947,43.72878561149568,0.0022248711902648,71,0.9016891891891905,False
337.55800000000005,1075.5910000000001, It's,0.1199999999999477,130,5,138.83636030699947,39.67208806925854,0.0013198688393458,71,0.9489864864864926,False
337.678,1075.711, like,0.08000000000004093,130,5,138.83636030699947,42.271808010311474,0.0021587642841041,71,0.969256756756754,False
337.75800000000004,1075.7910000000002, you,0.12000000000000455,130,5,138.83636030699947,47.1556415552407,0.0031221357639878,71,0.9827702702702744,False
337.87800000000004,1075.911, get,0.12000000000000455,130,5,138.83636030699947,43.30546437704209,0.0020584622398018,-1,0.0,False
337.99800000000005,1076.031, to,0.0999999999999659,130,5,138.83636030699947,45.1773099762773,0.002365848282352,-1,0.0,False
338.098,1076.131," like,",0.22000000000002728,130,5,138.83636030699947,39.77482980108661,0.001562817720696,-1,0.0,False
338.51800000000003,1076.551, express,1.0,130,5,138.83636030699947,44.36024014244535,0.0022933708969503,72,0.16527777777781066,True
339.51800000000003,1077.551," balance,",0.7599999999999909,130,5,138.83636030699947,39.94752423322977,0.0012869534548372,72,0.8597222222222288,False
340.798,1078.8310000000001, like,0.20000000000004547,130,5,185.8123741612611,39.78143445454373,0.0014398233033716,73,0.19007633587785863,True
340.99800000000005,1079.031, the,1.099999999999966,130,5,185.8123741612611,38.64113995103847,0.0009723979164846,73,0.26641221374047125,False
342.098,1080.131, balance,0.28000000000002956,130,5,185.8123741612611,41.320475724475976,0.0014268803643067,73,0.6862595419847324,False
342.37800000000004,1080.411, sheet.,0.4199999999999591,130,5,185.8123741612611,37.8015735333739,0.0012224862584844,73,0.793129770992377,False
342.958,1080.991, Yeah.,0.2400000000000091,130,5,185.8123741612611,39.867442671504215,0.0013822704786434,-1,0.0,False
337.55800000000005,1075.5910000000001, It's,0.1199999999999477,131,5,138.83636030699947,39.67208806925854,0.0013198688393458,71,0.9489864864864926,False
337.678,1075.711, like,0.08000000000004093,131,5,138.83636030699947,42.271808010311474,0.0021587642841041,71,0.969256756756754,False
337.75800000000004,1075.7910000000002, you,0.12000000000000455,131,5,138.83636030699947,47.1556415552407,0.0031221357639878,71,0.9827702702702744,False
337.87800000000004,1075.911, get,0.12000000000000455,131,5,138.83636030699947,43.30546437704209,0.0020584622398018,-1,0.0,False
337.99800000000005,1076.031, to,0.0999999999999659,131,5,138.83636030699947,45.1773099762773,0.002365848282352,-1,0.0,False
338.098,1076.131," like,",0.22000000000002728,131,5,138.83636030699947,39.77482980108661,0.001562817720696,-1,0.0,False
338.51800000000003,1076.551, express,1.0,131,5,138.83636030699947,44.36024014244535,0.0022933708969503,72,0.16527777777781066,False
339.51800000000003,1077.551," balance,",0.7599999999999909,131,5,138.83636030699947,39.94752423322977,0.0012869534548372,72,0.8597222222222288,False
340.798,1078.8310000000001, like,0.20000000000004547,131,5,185.8123741612611,39.78143445454373,0.0014398233033716,73,0.19007633587785863,False
340.99800000000005,1079.031, the,1.099999999999966,131,5,185.8123741612611,38.64113995103847,0.0009723979164846,73,0.26641221374047125,False
342.098,1080.131, balance,0.28000000000002956,131,5,185.8123741612611,41.320475724475976,0.0014268803643067,73,0.6862595419847324,False
342.37800000000004,1080.411, sheet.,0.4199999999999591,131,5,185.8123741612611,37.8015735333739,0.0012224862584844,73,0.793129770992377,False
342.958,1080.991, Yeah.,0.2400000000000091,132,5,185.8123741612611,39.867442671504215,0.0013822704786434,-1,0.0,False
343.618,1081.651, I,0.160000000000025,133,5,111.66628403994808,46.94097351783776,0.0031087871175259,-1,0.0,False
343.778,1081.8110000000001, don't,0.10000000000002274,133,5,80.13098971667247,51.78258552689008,0.0048760129138827,-1,0.0,False
343.87800000000004,1081.911, really,0.0999999999999659,133,5,113.33425768959115,44.91450790082273,0.0024601358454674,-1,0.0,False
343.978,1082.011, get,0.2400000000000091,133,5,200.65764002142987,50.94488367747587,0.0052556712180376,-1,0.0,False
344.218,1082.251, how,0.2400000000000091,133,5,198.39241520913353,52.869491464563346,0.0063520581461501,74,0.08750000000000079,True
344.458,1082.491, everything,0.2400000000000091,133,5,211.49382979474927,57.58069855485455,0.0105948662385344,74,0.17573529411765215,False
344.69800000000004,1082.731, is,0.36000000000001364,133,5,216.53152003147903,48.050416642164606,0.0035068944562226,74,0.2639705882353035,False
345.05800000000005,1083.0910000000001, going.,0.0,133,5,199.08128022991093,40.649370032521944,0.0014270191313698,74,0.39632352941178056,False
345.63800000000003,1083.671, I,0.19999999999998863,134,5,172.59449080688498,50.95854793241316,0.0050259605050086,74,0.609558823529424,False
345.838,1083.871, don't,1.0199999999999818,134,5,168.1605230590158,37.99994056334607,0.0012962454929947,74,0.6830882352941265,False
346.858,1084.891, think,0.34000000000003183,134,5,168.1605230590158,38.90577858324821,0.0012975357240065,-1,0.0,False
347.19800000000004,1085.231, you're,0.8799999999999955,134,5,92.91878109600506,41.41653923985355,0.0016022506169974,75,0.1950819672131566,True
348.07800000000003,1086.111, going,0.0,134,5,92.91878109600506,42.07271358923826,0.0019099881174042,75,0.9163934426229728,False
348.07800000000003,1086.111, to,0.0,134,5,92.91878109600506,42.07271358923826,0.0019099881174042,75,0.9163934426229728,False
348.07800000000003,1086.111, have,0.18000000000000682,134,5,92.91878109600506,42.07271358923826,0.0019099881174042,75,0.9163934426229728,False
348.25800000000004,1086.2910000000002, it.,0.0,134,5,92.91878109600506,39.778083010036944,0.0012597637251019,-1,0.0,False
348.49800000000005,1086.531, Yeah.,0.23999999999995225,135,5,92.91878109600506,43.37631915194704,0.0025254774373024,-1,0.0,False
349.01800000000003,1087.051, Yeah.,0.07999999999998408,136,5,102.81938779343685,40.56643554863939,0.0015914698597043,-1,0.0,False
349.31800000000004,1087.351," You'll,",0.2599999999999909,137,5,184.95278125405895,53.79116432171379,0.0065002501942217,76,0.13269230769233745,True
349.738,1087.771, I'm,0.82000000000005,137,5,166.43703629050998,46.755031228629704,0.0030401691328734,76,0.536538461538444,False
350.55800000000005,1088.5910000000001, sure,0.19999999999998863,137,5,92.66497662477413,48.410293320494986,0.0035368974786251,-1,0.0,False
350.75800000000004,1088.7910000000002, they'll,0.3199999999999932,137,5,92.4714148718192,39.57354823413701,0.0011354020098224,-1,0.0,False
351.07800000000003,1089.111, teach,0.30000000000001137,137,5,93.4349856338861,53.148596785136725,0.0063280616886913,77,0.021323529411782716,True
351.37800000000004,1089.411, you.,0.6599999999999682,137,5,111.4728977597706,45.90150872085212,0.0031382464803755,77,0.1316176470588446,False
352.298,1090.3310000000001," Or,",0.34000000000003183,138,5,94.88448010430469,49.33112370777998,0.0044219787232577,77,0.46985294117647325,False
352.718,1090.751, of,0.3199999999999932,138,5,94.5948420713254,40.203737410691176,0.001424774294718,77,0.6242647058823599,False
353.038,1091.071," course,",0.0,138,5,94.5948420713254,38.155564458680786,0.0012801603879779,77,0.7419117647058856,False
353.25800000000004,1091.2910000000002, you,0.19999999999998863,138,5,94.5948420713254,38.13347094777632,0.0012001512804999,77,0.8227941176470713,False
353.458,1091.491, do.,0.060000000000002274,138,5,79.24402632342247,44.1969311857015,0.0023019597865641,77,0.8963235294117723,False
354.29800000000006,1092.3310000000001, I'm,0.2799999999999727,139,5,79.24402632342247,46.85025105013847,0.003056735266,-1,0.0,False
354.57800000000003,1092.611, doing,0.2599999999999909,139,5,161.43060050294648,48.77435333211052,0.0036256220191717,78,0.04131736526947146,True
354.838,1092.871, psychology.,0.7200000000000273,139,5,161.7791195960725,38.88664849960352,0.0012679296778514,78,0.11916167664671483,False
356.358,1094.391, So,0.0,140,5,170.97986792630968,52.51708553046824,0.0059204935096204,78,0.5742514970059942,False
356.358,1094.391, that's,0.4399999999999977,140,5,170.97986792630968,52.51708553046824,0.0059204935096204,78,0.5742514970059942,False
356.798,1094.8310000000001, just,0.10000000000002274,140,5,100.761269518078,46.24915203117877,0.0027858158573508,78,0.7059880239521024,False
356.898,1094.931, my,0.2799999999999727,140,5,163.96800997143842,41.29228124980837,0.001396702020429,78,0.7359281437125884,False
357.178,1095.211, main,0.6400000000000432,140,5,78.65187213703283,50.16349092942541,0.0046822330914437,78,0.8197604790419222,False
357.81800000000004,1095.851, degree.,1.259999999999991,140,5,92.65193096133297,47.47957659646849,0.0034111205022782,-1,0.0,False
359.778,1097.8110000000001, But,0.5600000000000023,141,5,187.33600234869115,40.52923636164502,0.0014473880873993,-1,0.0,False
360.338,1098.371, I'm,0.19999999999998863,141,5,187.33600234869115,44.31691533574855,0.0031994758173823,79,0.6459459459459497,True
360.538,1098.571, in,0.07999999999998408,141,5,82.80472185155115,50.41229581086159,0.004950841423124,79,0.9162162162162013,False
360.618,1098.651, my,0.20000000000004547,141,5,0.0,46.3964446082979,0.004343222955448611,-1,0.0,False
360.81800000000004,1098.851, like,0.18000000000000682,141,5,0.0,46.3964446082979,0.004343222955448611,-1,0.0,False
360.99800000000005,1099.031, fourth,0.2799999999999727,141,5,0.0,46.3964446082979,0.004343222955448611,-1,0.0,False
361.278,1099.3110000000001," year,",0.36000000000001364,141,5,0.0,46.3964446082979,0.004343222955448611,-1,0.0,False
361.778,1099.8110000000001, so,0.19999999999998863,141,5,0.0,46.3964446082979,0.004343222955448611,-1,0.0,False
361.978,1100.011, I've,0.30000000000001137,141,5,0.0,46.3964446082979,0.004343222955448611,-1,0.0,False
362.278,1100.3110000000001, been,0.10000000000002274,141,5,0.0,46.3964446082979,0.004343222955448611,-1,0.0,False
362.37800000000004,1100.411, here,0.19999999999998863,141,5,0.0,46.3964446082979,0.004343222955448611,-1,0.0,False
362.57800000000003,1100.611, a,0.18000000000000682,141,5,0.0,46.3964446082979,0.004343222955448611,-1,0.0,False
362.75800000000004,1100.7910000000002, while.,0.3599999999999568,141,5,0.0,46.3964446082979,0.004343222955448611,-1,0.0,False
365.198,1103.231, But,0.5600000000000023,142,5,0.0,46.3964446082979,0.004343222955448611,-1,0.0,False
365.758,1103.791, eight.,0.18000000000000682,142,5,0.0,46.3964446082979,0.004343222955448611,-1,0.0,False
